S00E0000752D626F6F742E73726563C0
S31533D00000160000EA14F09FE514F09FE514F09FE54F
S31533D0001014F09FE514F09FE514F09FE514F09FE5B7
S31533D000204001D033A001D0330002D0336002D03375
S31533D00030C002D0332003D0334003D033EFBEADDE4E
S31533D000400000D0330000D0338860D33310C5D733D4
S31533D00050DEC0AD0BDEC0AD0BDEC0AD0BDEC0AD0B3F
S31533D0006000000FE11F00C0E3D30080E300F029E1A5
S31533D000705304A0E30010A0E3001080E50010E0E3C2
S31533D00080F8029FE5001080E5F4129FE5F4029FE570
S31533D00090001080E5160000EB60001FE5010740E253
S31533D000A0800040E2020A40E20CD040E2FF0100EB8E
S31533D000B0B8004FE27C101FE5010050E10300000A7F
S31533D000C084201FE584301FE5022043E0D20100EBC4
S31533D000D090001FE590101FE50020A0E3002080E5B7
S31533D000E0040080E2010050E1FBFFFFDA04F01FE5A4
S31533D000F00014D0330000A0E3170F07EE170F08EE26
S31533D00100100F11EE230CC0E38700C0E3020080E367
S31533D00110010A80E3100F01EE0EC0A0E1F90100EB26
S31533D001200CE0A0E10EF0A0E10000000000000000DA
S31533D0013000000000000000000000000000000000B6
S31533D0014004D11FE506D84DE288D04DE200E08DE5E7
S31533D0015000E04FE104E08DE513D0A0E30DF069E183
S31533D001600FE0A0E10EF0B0E148D04DE2FF1F8DE8AD
S31533D0017034211FE5062842E2882042E20C0092E879
S31533D0018048008DE234508DE20E10A0E10F0085E8A1
S31533D001900D00A0E1540200EB000000000000000087
S31533D001A064D11FE506D84DE288D04DE200E08DE527
S31533D001B000E04FE104E08DE513D0A0E30DF069E123
S31533D001C00FE0A0E10EF0B0E148D04DE2FF1F8DE84D
S31533D001D094211FE5062842E2882042E20C0092E8B9
S31533D001E048008DE234508DE20E10A0E10F0085E841
S31533D001F00D00A0E1450200EB000000000000000036
S31533D00200C4D11FE506D84DE288D04DE200E08DE566
S31533D0021000E04FE104E08DE513D0A0E30DF069E1C2
S31533D002200FE0A0E10EF0B0E148D04DE2FF1F8DE8EC
S31533D00230F4211FE5062842E2882042E20C0092E8F8
S31533D0024048008DE234508DE20E10A0E10F0085E8E0
S31533D002500D00A0E1360200EB0000000000000000E4
S31533D0026024D21FE506D84DE288D04DE200E08DE5A5
S31533D0027000E04FE104E08DE513D0A0E30DF069E162
S31533D002800FE0A0E10EF0B0E148D04DE2FF1F8DE88C
S31533D0029054221FE5062842E2882042E20C0092E837
S31533D002A048008DE234508DE20E10A0E10F0085E880
S31533D002B00D00A0E1270200EB000000000000000093
S31533D002C084D21FE506D84DE288D04DE200E08DE5E5
S31533D002D000E04FE104E08DE513D0A0E30DF069E102
S31533D002E00FE0A0E10EF0B0E148D04DE2FF1F8DE82C
S31533D002F0B4221FE5062842E2882042E20C0092E877
S31533D0030048008DE234508DE20E10A0E10F0085E81F
S31533D003100D00A0E1180200EB000000000000000041
S31533D0032004E04EE2D4D21FE5FF5F2DE958E09FE5D6
S31533D0033058F09FE5FF9FFDE8000000000000000065
S31533D00340ECD21FE548D04DE2FF1F8DE83C808DE2DD
S31533D00350006048E900E088E500604FE1046088E555
S31533D00360080088E50D00A0E10C0200EBFF7FDDE845
S31533D003700000A0E13CE09DE548D08DE204F05EE29A
S31533D003800800004AFF7F00001C00004A3403D033F4
S31533D00390B010D0330000A0E10000A0E10000A0E10E
S31533D003A04E24A0E3043092E50230C3E3043082E531
S31533D003B00930A0E3013053E2FDFFFF5A0EF0A0E13E
S31533D003C04E34A0E30800C3E50EF0A0E14E34A0E3EB
S31533D003D02030D3E5010013E31C209FE50EF0A011A6
S31533D003E00930A0E3013053E2FDFFFF5A0030D2E5A6
S31533D003F0010013E3F9FFFF0A0EF0A0E12000004E0F
S31533D004004E24A0E3043092E5023083E3043082E510
S31533D004100EF0A0E1ECFFFFEA04E02DE5DFFFFFEBC2
S31533D004200930A0E3013053E2FDFFFF5A04F09DE4D7
S31533D00430F2FFFFEAE1FFFFEA4E34A0E31000D3E543
S31533D004400EF0A0E14E34A0E3032CA0E304E02DE577
S31533D00450002083E51320A0E3042083E5CFFFFFEB11
S31533D00460FF00A0E3D5FFFFEBD7FFFFEB04E09DE41E
S31533D00470E2FFFFEA30402DE958509FE50130A0E343
S31533D004800030C5E5EEFFFFEBE2FFFFEB9000A0E3D4
S31533D00490E7FFFFEB4E34A0E30020A0E30C20C3E507
S31533D004A06330A0E3013053E2FDFFFF5AE1FFFFEBA8
S31533D004B0E0FFFFEBFF4000E2DEFFFFEBDDFFFFEBBC
S31533D004C0DAFFFFEB9F0054E30030A0830400A0E1B2
S31533D004D00030C5853080BDE88960D333813BA0E118
S31533D004E0A33BA0E1000053E3F0442DE900A0A0E103
S31533D004F038619FE50300001A823BA0E1A33BA0E11C
S31533D00500000053E30100000A0000E0E3F084BDE8C5
S31533D005100150A0E1027081E0BEFFFFEB070055E149
S31533D005203F00002A5000A0E3C1FFFFEB0530A0E324
S31533D005300030C6E50940A0E3014054E2FDFFFF5A3F
S31533D00540C534A0E10030C6E50940A0E3014054E20A
S31533D00550FDFFFF5AC538A0E10030C6E50940A0E318
S31533D00560014054E2FDFFFF5AC53CA0E10030C6E559
S31533D005700940A0E3014054E2FDFFFF5AA4FFFFEB4D
S31533D00580ACFFFFEB0040A0E1FF4004E20000A0E364
S31533D00590A7FFFFEBA5FFFFEBFF0054E3015985120D
S31533D005A09CFFFFEB0000A0E3A1FFFFEB4E34A0E3AB
S31533D005B078209FE50C50C3E50930A0E3013053E2F0
S31533D005C0FDFFFF5AA534A0E10030C2E50930A0E3E0
S31533D005D0013053E2FDFFFF5AA538A0E10030C2E522
S31533D005E00930A0E3013053E2FDFFFF5AA53CA0E129
S31533D005F00030C2E50930A0E3013053E2FDFFFF5AA4
S31533D0060083FFFFEB0040A0E38AFFFFEB014084E298
S31533D00610020C54E30100CAE4015085E2F9FFFFBA74
S31533D00620BDFFFFEA81FFFFEB0000A0E3F084BDE816
S31533D006300C00004E813AA0E1A33AA0E1000053E387
S31533D00640F04E2DE900B0A0E198719FE50300001A72
S31533D00650823AA0E1A33AA0E1000053E30100000AB5
S31533D006600000E0E3F08EBDE80150A0E1029081E0D6
S31533D0067068FFFFEB090055E15700002AC53FA0E1DB
S31533D00680A33A85E00000A0E3C365A0E168FFFFEBA2
S31533D006900530A0E30030C7E50940A0E3014054E27A
S31533D006A0FDFFFF5A0830A0E30030C7E50940A0E389
S31533D006B0014054E2FDFFFF5A0060C7E50940A0E38D
S31533D006C0014054E2FDFFFF5A4634A0E10030C7E57E
S31533D006D00940A0E3014054E2FDFFFF5A08A19FE54C
S31533D006E00030DAE5000053E34638A0010330030285
S31533D006F00030C7050940A0E3014054E2FDFFFF5A5D
S31533D007003000A0E34AFFFFEB41FFFFEB49FFFFEB9E
S31533D007100040A0E1FF4004E244FFFFEBFF0054E387
S31533D00720025885123BFFFFEB0000A0E340FFFFEBFF
S31533D00730851AA0E1A11AA0E10020C1E34E34A0E38B
S31533D00740A0009FE50C20C3E5A525A0E10930A0E3A1
S31533D00750013053E2FDFFFF5A2134A0E10030C0E52A
S31533D007600930A0E3013053E2FDFFFF5A0020C0E544
S31533D007700930A0E3013053E2FDFFFF5A4234A0E102
S31533D007800030C0E50930A0E3013053E2FDFFFF5A14
S31533D007900030DAE5000053E34238A00103300302D8
S31533D007A00030C0050930A0E3013053E2FDFFFF5AD4
S31533D007B03000A0E31EFFFFEB15FFFFEB0040A0E3B5
S31533D007C01CFFFFEB014084E2020B54E30100CBE480
S31533D007D0015085E2F9FFFFBAA5FFFFEA13FFFFEB1E
S31533D007E00000A0E3F08EBDE80C00004E8960D33311
S31533D007F020209FE50010A0E300C091E5002081E5DD
S31533D00800003091E5020053E10100A0E30100A001DD
S31533D0081000C081050EF0A0E17856341270402DE930
S31533D008200060A0E10150A0E10240A0E1EFFFFFEB71
S31533D00830000050E30800000AC43FA0E1232F84E030
S31533D008400010A0E3420151E1160000AA013196E728
S31533D00850013185E7011081E2F9FFFFEAF8FEFFEBBC
S31533D0086003FFFFEB760050E30700001A7F2F84E2B5
S31533D00870032082E27F2FC2E30500A0E10610A0E178
S31533D008800320C2E314FFFFEB060000EA7F2E84E297
S31533D008900F2082E27F2EC2E30500A0E10610A0E14D
S31533D008A00F20C2E362FFFFEB0000A0E37080BDE808
S31533D008B01323A0E30530A0E3143082E5101F11EEE5
S31533D008C0031181E3101F01EEFF34E0E3003082E5FC
S31533D008D024309FE5083082E5FA3EA0E3013053E277
S31533D008E0FDFFFF1A14309FE5043082E57D3DA0E34A
S31533D008F0013053E2FDFFFF1A0EF0A0E12280030050
S31533D0090011C005000000D03320009FE510101FE53D
S31533D00910010040E01213A0E3342080E2043090E4A7
S31533D00920043081E4000052E1FBFFFF1A0EF0A0E160
S31533D009303409D03310D1012200070000000700005C
S31533D00940000700004C1F000000070000000700001E
S31533D009500580010005800100F4048E0032000000CA
S31533D00960300000003000000000300FE18030C3E3A8
S31533D0097003F021E10EF0A0E100000FE1C03080E3B7
S31533D0098003F021E1A003A0E1010020E2010000E25F
S31533D009900EF0A0E104E02DE50C009FE54D6600EBAB
S31533D009A00000A0E304E09DE41D0100EA9446D2336F
S31533D009B030402DE988D04DE20040A0E100119FE5CB
S31533D009C08020A0E308008DE20D6400EB2CE094E5A3
S31533D009D030C094E53C1094E5382094E5343094E532
S31533D009E000508DE8DC009FE5405094E5444D00EB54
S31533D009F0281094E5242094E5203094E5C8009FE56B
S31533D00A003F4D00EB10C094E51C1094E5182094E5C7
S31533D00A10143094E5B4009FE500C08DE5384D00EB36
S31533D00A2000C094E50C1094E5082094E5043094E5A1
S31533D00A309C009FE500C08DE5314D00EB010115E3F8
S31533D00A407A20A0035A20A013020215E36330A00301
S31533D00A504330A013010215E30F5205E276C0A0034B
S31533D00A6056C0A013000055E36E10A0A34E10A0B30A
S31533D00A7060009FE500C08DE5214D00EB400094E545
S31533D00A8088208DE21F3000E24CC09FE5033182E0EF
S31533D00A9048209FE5800010E30C10A0110210A0016E
S31533D00AA0400010E30C20A01134C09FE5803013E50D
S31533D00AB030009FE500C08DE5114D00EB88D08DE237
S31533D00AC03080BDE8503CD233A847D233F047D23307
S31533D00AD01448D2334448D2337448D2338448D23389
S31533D00AE0FC66D2332090D2337446D23310402DE9BC
S31533D00AF00040A0E110009FE5014D00EB0400A0E1DA
S31533D00B00AAFFFFEB1040BDE8A1FFFFEA8848D233F6
S31533D00B1010402DE90040A0E110009FE5F84C00EBE2
S31533D00B200400A0E1A1FFFFEB1040BDE898FFFFEA38
S31533D00B30A048D23310402DE90040A0E110009FE504
S31533D00B40EF4C00EB0400A0E198FFFFEB1040BDE87B
S31533D00B508FFFFFEAB448D23310402DE90040A0E1ED
S31533D00B6010009FE5E64C00EB0400A0E18FFFFFEBCE
S31533D00B701040BDE886FFFFEAC448D23310402DE992
S31533D00B800040A0E110009FE5DD4C00EB0400A0E16E
S31533D00B9086FFFFEB1040BDE87DFFFFEAD048D23366
S31533D00BA010402DE90040A0E110009FE5D44C00EB76
S31533D00BB00400A0E17DFFFFEB1040BDE874FFFFEAF0
S31533D00BC0DC48D23310402DE90040A0E110009FE538
S31533D00BD0CB4C00EB0400A0E174FFFFEB1040BDE833
S31533D00BE06BFFFFEAF448D23330402DE968509FE5A6
S31533D00BF0003095E55144A0E3000053E30F3CA0E326
S31533D00C00003084E50300001A750100EB321DA0E3F2
S31533D00C10960100EB000085E5003095E53C3084E560
S31533D00C203C1094E5083094E50736C3E3063683E3C0
S31533D00C30083084E5083094E520209FE50736C3E3B2
S31533D00C40053683E3001082E5083084E510309FE51E
S31533D00C500000A0E3000083E53080BDE88C60D33359
S31533D00C606461D3336061D3335134A0E3403093E5F9
S31533D00C7018209FE50338A0E12338A0E1003082E580
S31533D00C800C309FE50020A0E3002083E50EF0A0E1F1
S31533D00C906461D3336061D333F2FFFFEA04E02DE5E9
S31533D00CA05134A0E3403093E54CE09FE50318A0E1FF
S31533D00CB000209EE52118A0E1010052E13C309F355A
S31533D00CC03C009FE500309335003090250330823099
S31533D00CD002C061E000209035033061300C30832080
S31533D00CE003208230003080250020803510309FE5B8
S31533D00CF0000093E500108EE504F09DE46461D333B0
S31533D00D008C60D3336061D33310402DE90040A0E1FA
S31533D00D10E1FFFFEB000064E01080BDE804309FE5CF
S31533D00D20000083E50EF0A0E16061D33330402DE986
S31533D00D300040A0E10000A0E3F2FFFFEBFA1FA0E3EF
S31533D00D400050A0E10400A0E1480100EB30309FE52C
S31533D00D50003093E5930000E0000180E0000180E0AD
S31533D00D600001A0E1FA1FA0E3400100EB0040A0E16F
S31533D00D70C9FFFFEB000065E0040050E1FBFFFF3A0B
S31533D00D803080BDE88C60D333FA0F50E310402DE971
S31533D00D900020A0E160409FE50800003AFA1FA0E3A7
S31533D00DA0320100EB003094E5930000E0000180E09F
S31533D00DB0000180E00001A0E1FA1FA0E3050000EABC
S31533D00DC0003094E5930200E0000180E0000180E03A
S31533D00DD028109FE50001A0E1240100EB0040A0E1FB
S31533D00DE0ADFFFFEB044080E0ABFFFFEB040060E0E8
S31533D00DF0000050E3FBFFFFAA1080BDE88C60D333ED
S31533D00E0040420F0004E02DE50000A0E3BDFFFFEB29
S31533D00E100010A0E304F09DE400009FE50EF0A0E1BE
S31533D00E2084D717005324A0E30030A0E3003082E503
S31533D00E30013083E2083082E5203083E2003082E528
S31533D00E40FEFFFFEA10209FE5003092E5000083E5F0
S31533D00E50003092E5100083E50EF0A0E15861D3332C
S31533D00E6010402DE940409FE540309FE50020A0E378
S31533D00E70001094E5002083E5023AA0E3183081E5EB
S31533D00E80020CA0E3EEFFFFEB002094E5083092E5A9
S31533D00E90023CC3E3083082E5002094E51C3092E56A
S31533D00EA0023AC3E31C3082E51080BDE85861D333B0
S31533D00EB06861D33330402DE948509FE5C80000EB05
S31533D00EC00510A0E1E90000EB010040E238309FE5A0
S31533D00ED00004A0E15344A0E3040080E3000084E59A
S31533D00EE0043084E5083084E5BD0000EB0510A0E17D
S31533D00EF0DE0000EB010040E20004A0E1240080E3F1
S31533D00F00000084E53080BDE840420F00FFFF00008B
S31533D00F1010402DE968409FE5B10000EB0410A0E105
S31533D00F20D20000EB010040E253C4A0E30004A0E1B9
S31533D00F3000008CE54C109FE5002091E5083092E512
S31533D00F40023C83E3083082E5002091E51C3092E5FC
S31533D00F50023A83E31C3082E52C309FE5000093E5DB
S31533D00F6008309CE5000860E0000063E0FF0C80E2C7
S31533D00F70FF0080E20410A0E10002A0E1BB0000EB49
S31533D00F801080BDE840420F005861D3336861D33304
S31533D00F9004E02DE524309FE5002093E5023AA0E323
S31533D00FA0183082E5020CA0E3A5FFFFEB10209FE5B6
S31533D00FB0003092E5013083E2003082E504F09DE4DF
S31533D00FC05861D3336861D33304E02DE50109A0E307
S31533D00FD09BFFFFEB08309FE50120A0E3002083E59C
S31533D00FE004F09DE45C61D33304E02DE514309FE502
S31533D00FF0003093E510009FE5141093E5082093E570
S31533D01000BF4B00EBFEFFFFEA5861D3330849D233E7
S31533D0101004E02DE574009FE5B94B00EB70109FE5E6
S31533D010204A34A0E3003081E50020A0E364C09FE5D5
S31533D0103064309FE502318CE7012082E2310052E3FE
S31533D01040F9FFFF9A002091E50030A0E3043082E522
S31533D01050002091E5013043E2083082E53C309FE50C
S31533D010604C308CE538309FE538308CE534309FE5DD
S31533D0107024308CE530309FE50207A0E364308CE52D
S31533D010806FFFFFEB0204A0E304E09DE46CFFFFEABD
S31533D010904049D2335861D3339060D333E80FD0330A
S31533D010A0587AD133C80FD033900FD0335C77D1330E
S31533D010B004E02DE53CE09FE500009EE5141090E575
S31533D010C00130A0E3040051E313C1A0E18020A00393
S31533D010D05634A003A820830500C080E500309EE5B2
S31533D010E0102093E5102083E50C309FE50FE0A0E187
S31533D010F001F193E704F09DE45861D3339060D33351
S31533D0110004E02DE5000050E31313A0E3042091054A
S31533D011100200000A010050E308209105B300001BFA
S31533D01120FF0A02E22006A0E1080080E2803260E0C6
S31533D01130030180E03F1E02E2000180E02112A0E1EC
S31533D01140000180E0032002E2021081E2000260E077
S31533D011501112A0E18004A0E1440000EB04F09DE439
S31533D011600000A0E3E5FFFFEA10402DE91323A0E307
S31533D01170143092E5063003E2182092E50140A0E31D
S31533D01180060053E303F19F97110000EAA811D03339
S31533D01190D411D033B011D033D411D033B811D033E6
S31533D011A0D411D033C811D0330140A0E3080000EABC
S31533D011B00240A0E3060000EA020C12E30440A00387
S31533D011C00840A013020000EA010C12E30340A00347
S31533D011D00640A013E1FFFFEB0410A0E1230000EBA0
S31533D011E01080BDE830402DE91333A0E3145093E596
S31533D011F0062005E2183093E50140A0E3060052E31A
S31533D0120002F19F97110000EA2412D0335012D03313
S31533D012102C12D0335012D0333412D0335012D03371
S31533D012204412D0330140A0E3080000EA0240A0E3E1
S31533D01230060000EA020C13E30440A0030840A013CF
S31533D01240020000EA010C13E30340A0030640A013C7
S31533D01250C2FFFFEB0410A0E1040000EB010015E35D
S31533D01260A000A0113080BDE80100A0E3A3FFFFEAC0
S31533D01270000051E31F00000A0130A0E30020A0E3B1
S31533D01280010050E11900003A010251E30000513117
S31533D012900112A0310332A031FAFFFF3A020151E3F2
S31533D012A0000051318110A0318330A031FAFFFF3A9B
S31533D012B0010050E10100402003208221A10050E1FA
S31533D012C0A1004020A3208221210150E121014020D9
S31533D012D023218221A10150E1A1014020A3218221E2
S31533D012E0000050E32332B0112112A011EFFFFF1AC1
S31533D012F00200A0E10EF0A0E104E02DE5F00000EB12
S31533D013000000A0E30080BDE830C09FE530309FE5D4
S31533D0131000109CE5003093E5002081E0030052E1D4
S31533D013200000A0E30EF0A03118309FE5003093E5EE
S31533D01330030052E10100A09100208C950EF0A0E17C
S31533D013407061D3337861D3337461D33310402DE99D
S31533D0135040D04DE20D10A0E14020A0E334009FE50C
S31533D01360284500EB0010A0E3010050E10A20A0E3AA
S31533D013700D00A0E1004098E51C009FD5FE6100CB5F
S31533D01380080088E5083098E50000A0E3003084E50E
S31533D0139040D08DE21080BDE85049D23300C201002F
S31533D013A004E02DE50C009FE50C109FE5D44A00EB05
S31533D013B00000A0E304F09DE45C49D233D03CD23371
S31533D013C010402DE9003098E5204093E514009FE591
S31533D013D0C44A00EB0400A0E10C109FE5596000EB42
S31533D013E00000A0E31080BDE86449D23380A9D2335C
S31533D013F004009FE5BB4A00EBFEFFFFEA6C49D233CC
S31533D0140070402DE94530A0E360D04DE25430CDE580
S31533D01410283083E25530CDE50B3043E25630CDE537
S31533D01420033083E25730CDE5013043E25830CDE552
S31533D01430073083E244529FE55A30CDE50E3083E20E
S31533D014405B30CDE52E3043E2002095E54530CDE512
S31533D014500E3083E24630CDE52A3043E24B30CDE50C
S31533D01460012742E2253083E23410A0E353C0A0E310
S31533D014700040A0E33200A0E330E0A0E3242042E2F0
S31533D014804C30CDE5033043E244C0CDE54D30CDE5E8
S31533D014904E00CDE55010CDE551E0CDE559C0CDE583
S31533D014A04700CDE54810CDE54910CDE54AE0CDE549
S31533D014B04F10CDE50280A0E15C40CDE55240CDE57D
S31533D014C02420A0E30410A0E10800A0E1386100EBAA
S31533D014D0243048E2003088E50410A0E12420A0E38C
S31533D014E0000098E5326100EB94319FE5002093E517
S31533D014F0003095E58C419FE5022063E088319FE546
S31533D01500001094E5002083E5000051E30600000A7D
S31533D015100FE0A0E100F094E5000050E3B3FFFF1BEA
S31533D015200430B4E5000053E3F7FFFFEAB46E00EBC3
S31533D015300040A0E154019FE56A4A00EB0400A0E1E4
S31533D015404C119FE5FF5F00EB00C095E544319FE535
S31533D0155001E74CE200E083E53C319FE500C083E50B
S31533D0156038319FE50C206EE00E00A0E10010A0E3E9
S31533D0157000E083E50E6100EB24019FE5594A00EB89
S31533D015800D0F00EBAE4F00EB18019FE5004098E509
S31533D01590380400EB04508DE2040084E50510A0E155
S31533D015A004019FE54020A0E3964400EB000050E3CE
S31533D015B00540A0C10040A0D30060A0E3003098E539
S31533D015C0000054E3033086E00400A0E10D10A0E11F
S31533D015D01020A0E3085083E20400A0016661001B0B
S31533D015E0000054E3016086E20000C5E50400000A3A
S31533D015F000209DE50030D2E5000053E30240A00140
S31533D0160001408212050056E3EBFFFF9A114B00EBF4
S31533D01610335000EBA34A00EBD2FCFFEB8C009FE5B3
S31533D0162054108DE244208DE2354A00EBD15C00EB89
S31533D016307C009FE5544400EB000050E30400000ADD
S31533D016400010A0E31020A0E34B6100EB64309FE59C
S31533D01650000083E560009FE54B4400EB000050E388
S31533D016600010A0118020A01350009F154302001BF9
S31533D01670000098E5FE0800EB1F2200EBFDFFFFEAE2
S31533D016804400D0334800D033F4CCD2336C61D33327
S31533D016909849D23380A9D2337861D3337461D33373
S31533D016A07061D333A049D233A849D233B049D23378
S31533D016B0B849D233D849D23338D6D233E449D233B0
S31533D016C05062D33349FFFFEAF0402DE9A8309FE586
S31533D016D0B030D3E12344A0E10448A0E1034C84E104
S31533D016E098609FE50070A0E1010874E30250A0E151
S31533D016F00620A0E30640A0012448A011C06000EB29
S31533D01700060087E278109FE50620A0E3BC6000EBA5
S31533D017100538A0E12338A0E10F2C04E22314A0E14D
S31533D017200558A0E12558A0E10224A0E10118A0E193
S31533D01730042C82E1031C81E1044AA0E12534A0E1E3
S31533D01740244AA0E10338A0E1060054E1053C83E105
S31533D017502338A0E12228A0E12118A0E10E00A0E38E
S31533D017608130A0131200A013BC30C701B011C711FA
S31533D01770BE20C711BC30C711F080BDE822CDD233DD
S31533D01780FF0F00002062D333F0442DE90CA19FE53F
S31533D0179000509AE508D04DE204119FE50500A0E14B
S31533D017A000219FE5C7FFFFEB0630A0E3005085E06D
S31533D017B0011CA0E30320A0E10440A0E3B010C5E1AF
S31533D017C00430C5E50810A0E3013CA0E3D8709FE50B
S31533D017D0B210C5E1B630C5E1D0109FE50540C5E5B9
S31533D017E0080085E2866000EB003097E508108DE27D
S31533D017F0043021E50420A0E10E0085E2806000EBC1
S31533D018000A10A0E3052081E0011081E20030A0E385
S31533D018100F0051E30830C2E5F9FFFFDA90609FE558
S31533D0182090309FE5001096E5003093E5002097E59C
S31533D01830032002E0033001E0020053E178309F0504
S31533D01840001083050800000A70309FE5003093E519
S31533D01850000053E360409FE50200001A60009FE525
S31533D01860A04900EB003096E5003084E548309FE55B
S31533D01870003093E50D10A0E1180085E20420A0E3F3
S31533D0188000308DE55E6000EB00009AE5051060E030
S31533D018901C1081E2B80D00EB08D08DE2F084BDE8A0
S31533D018A07C61D33324CDD233060800002862D333B8
S31533D018B02062D333F480D3331862D333F880D3331F
S31533D018C01462D333F049D23308309FE50220A0E3F4
S31533D018D0002083E50EF0A0E14C62D3330EF0A0E1C5
S31533D018E010402DE9004050E220309FE50000A0E3C0
S31533D018F00400000A001083E502FDFFEB10309FE5AC
S31533D01900000083E50C309FE5004083E51080BDE8C9
S31533D019103C87D3334087D3334487D33304309FE59F
S31533D01920000083E50EF0A0E13887D33330402DE97C
S31533D0193058009FE5944300EB005050E250109FE59A
S31533D019400C00000A4F5F00EB48109FE5014070E270
S31533D019500040A0330500A0E14A5F00EB000054E31A
S31533D019600400000ABA0D00EB2C309FE50420A0E327
S31533D01970002083E53080BDE820009FE520109FE529
S31533D01980D6FFFFEB1C009FE53040BDE8E2FFFFEA10
S31533D019901C4AD233284AD2332C4AD2334C62D3332D
S31533D019A0286BEE00C818D033DC18D03310402DE96D
S31533D019B068309FE5003093E50000A0E3000053E1A3
S31533D019C01080BD08CFFCFFEB54C09FE500309CE5BB
S31533D019D050209FE5003063E0020053E10010A0E1D0
S31533D019E044409FE51080BD98003094E5013083E2C2
S31533D019F0040053E334009FE5003084E5040000DA75
S31533D01A00384900EB0030A0E3003084E51040BDE820
S31533D01A10C5FFFFEA00108CE51040BDE859FFFFEA59
S31533D01A20F480D3332887D333943577002C87D33385
S31533D01A30344AD233500D00EA000051E300C0A0E15E
S31533D01A40011041E20000A0E3040000DAB220DCE06A
S31533D01A50000051E3020080E0011041E2F9FFFFEAD2
S31533D01A600038A0E12338A0E1200883E00038A0E194
S31533D01A702338A0E1200883E00008A0E12008A0E1C4
S31533D01A800EF0A0E1F0462DE904D04DE220509DE58D
S31533D01A901CE085E20EE8A0E12EE8A0E12EC4A0E159
S31533D01AA00040A0E1010015E30090A0E30CC8A0E10B
S31533D01AB003A0A0E10ECC8CE10930A01105E084E07F
S31533D01AC000108DE52CC8A0E11C30CE154530A0E3EF
S31533D01AD00030C4E5E0609FE50190C4E5B2C0C4E10F
S31533D01AE0B0E0D6E12E34A0E100C096E50338A0E1CC
S31533D01AF00E3C83E101C08CE22338A0E100C086E5F9
S31533D01B00B430C4E14030A0E3B630C4E10030E0E3D2
S31533D01B100830C4E5123083E20930C4E59C109FE522
S31533D01B200270A0E10C0080E20420A0E3BA90C4E1B5
S31533D01B30B35F00EB0D10A0E10420A0E3100084E2E4
S31533D01B40AF5F00EB080085E20008A0E10AC8A0E148
S31533D01B5007E8A0E12CC8A0E12EE8A0E12008A0E157
S31533D01B602C34A0E12E24A0E12014A0E10338A0E147
S31533D01B700228A0E10118A0E10C3C83E10E2C82E1CE
S31533D01B80001C81E12338A0E12228A0E12118A0E16D
S31533D01B90B431C4E10400A0E1B621C4E1B811C4E143
S31533D01BA0BA91C4E10A10A0E3A2FFFFEB0000E0E153
S31533D01BB0BA00C4E104D08DE2F086BDE84862D333AF
S31533D01BC02862D333F04E2DE9006051E20CD04DE28A
S31533D01BD00050A0E108308DE502B0A0E12C909DE510
S31533D01BE00060E0030100000A010076E30000001A2A
S31533D01BF010519FE510119FE50620A0E30500A0E123
S31533D01C00A15F00EB000050E300A19FE50510A0E1F2
S31533D01C10022BA0E304008DE5F4709FE52500001A6E
S31533D01C20F0309FE500409AE5006083E5E8309FE5E4
S31533D01C300400A0E1005083E5A2FEFFEB004084E030
S31533D01C4008309DE50610A0E10B20A0E10400A0E109
S31533D01C5000908DE58AFFFFEB00309AE5001097E5CB
S31533D01C60043063E0031081E01C1081E20920A0E147
S31533D01C701C0084E2625F00EB00309AE5043063E007
S31533D01C8098209FE5093083E01C3083E204009DE53C
S31533D01C90003082E588309FE50120A0E3002083E53C
S31533D01CA018FCFFEB7C309FE5000083E5B5FEFFEBF8
S31533D01CB00100A0E3110000EA004097E50510A0E14A
S31533D01CC00400A0E1022BA0E37EFEFFEB004084E0CC
S31533D01CD00610A0E10B20A0E108309DE50400A0E179
S31533D01CE000908DE566FFFFEB000097E5041060E0CA
S31533D01CF0091081E01C1081E29F0C00EB0000A0E3B9
S31533D01D000CD08DE2F08EBDE824CDD2338061D3337F
S31533D01D100081D3337C61D333F480D333FC80D33354
S31533D01D200481D3332C87D3332887D333F0462DE965
S31533D01D3050519FE550A19FE550119FE50620A0E372
S31533D01D400500A0E12E5F00EB44919FE500C09AE5F4
S31533D01D5040319FE5004099E500C083E538319FE5B2
S31533D01D600510A0E1005083E50400A0E1022BA0E3E7
S31533D01D7054FEFFEB4530A0E30030E4E70060A0E348
S31533D01D80073BA0E30160C4E510119FE5B230C4E14F
S31533D01D90B000D1E12034A0E1002091E50338A0E1B1
S31533D01DA0003C83E1012082E22338A0E1002081E5A3
S31533D01DB0B430C4E14030A0E3B630C4E10170A0E31F
S31533D01DC00030E0E30830C4E5D4109FE50970C4E5AC
S31533D01DD00420A0E3BA60C4E10C0084E2085F00EBD0
S31533D01DE00A10A0E10420A0E3100084E2045F00EBE4
S31533D01DF00400A0E10A10A0E30EFFFFEB145084E2F7
S31533D01E000000E0E10830A0E3BA00C4E1B431C4E164
S31533D01E1090009FE5B260C5E1B460C5E1B020D0E1B2
S31533D01E202234A0E10338A0E1023C83E12338A0E198
S31533D01E30072082E0B020C0E10410A0E3B630C5E17C
S31533D01E400500A0E1FBFEFFEB0000E0E1B200C5E107
S31533D01E50003099E5044063E04C309FE51C4084E282
S31533D01E60004083E544309FE50600A0E1007083E56A
S31533D01E70A4FBFFEB38309FE5000083E541FEFFEB53
S31533D01E800700A0E1F086BDE83087D333D062D333B1
S31533D01E908061D3330081D333F480D333FC80D333CF
S31533D01EA04862D3332862D3334887D3330481D33389
S31533D01EB02C87D3332887D33304E02DE5640C00EB5A
S31533D01EC008309FE50420A0E3002083E504F09DE4A9
S31533D01ED04C62D33304E02DE504D04DE20C1080E2CE
S31533D01EE00420A0E30D00A0E1C55E00EB1C309FE5D6
S31533D01EF0002093E500309DE5020053E110309F0575
S31533D01F000320A0030020830504D08DE20080BDE8F2
S31533D01F10D062D3334C62D33304E02DE5C5FEFFEB29
S31533D01F2010309FE5010080E2033000E0010073E218
S31533D01F300000A03304F09DE4FEFF000034309FE56B
S31533D01F40B030D3E12304A0E10008A0E1030C80E153
S31533D01F5024209FE5010870E30200A0012008A011D8
S31533D01F60000AA0E1200AA0E1020050E11200A0133A
S31533D01F700E00A0030EF0A0E122CDD233FF0F000026
S31533D01F800030D1E5220053E301204202012042E260
S31533D01F9001108102000052E3050000EA220053E328
S31533D01FA00800000A012042E201C0C0E4000052E337
S31533D01FB0011081E2030000DA00C0D1E5FF300CE234
S31533D01FC0000053E3F4FFFF1A0030A0E30030C0E53E
S31533D01FD00EF0A0E1FFCC00E204E02DE50CC4A0E185
S31533D01FE0FF3800E200CC8CE123C48CE120CC8CE1E9
S31533D01FF02C38A0E12CE4A0E108D04DE2FFE00EE28C
S31533D020002C2CA0E10100A0E1FFC00CE2FF3003E2AB
S31533D0201010109FE500E08DE504C08DE5A56000EB9B
S31533D0202008D08DE20080BDE8604AD23310402DE926
S31533D0203010D04DE20D10A0E1E5FFFFEB0D00A0E18E
S31533D020400D40A0E1A74700EB10D08DE21080BDE85C
S31533D02050F04E2DE938359FE5000083E534359FE5DD
S31533D020600D0051E310D04DE20140A0E100A0A0E134
S31533D02070001083E520659FE5430100DA1C359FE5E3
S31533D02080B0E0D3E118359FE5B0C0D3E1BC00D0E1A1
S31533D020902C34A0E10338A0E10C3C83E12014A0E139
S31533D020A02E24A0E1010873E30118A0E10228A0E1B0
S31533D020B0001C81E10E2C82E123C8A011E4349FE5C4
S31533D020C02158A0E106C0A001010872E32208A0116D
S31533D020D00600A001030055E1070000CAB421DAE1B6
S31533D020E02234A0E10338A0E1023C83E12358A0E1B6
S31533D020F0164044E216708AE2180000EA810C55E3A2
S31533D021000E4044120E708A121400001A110054E392
S31533D021101D0100DA2238A0E1033AA0E1233AA0E147
S31533D02120060053E11801000ABE20DAE1B011DAE134
S31533D021302234A0E10338A0E1023C83E12124A0E19B
S31533D021402338A0E10228A0E1012C82E1036AA0E181
S31533D02150266AA0E12258A0E1124044E212708AE204
S31533D02160003AA0E130249FE5233AA0E1020053E1BF
S31533D021700300000A020056E106600C00030056E164
S31533D021800101001A20349FE5030055E10700000A08
S31533D02190020000CA020B55E3A400000AFA0000EA93
S31533D021A008349FE5030055E16E00000AF60000EAD5
S31533D021B01B0054E36D0000DAB020D7E12234A0E11E
S31533D021C00338A0E1023C83E1010853E3EE00001A61
S31533D021D0B220D7E12234A0E10338A0E1023C83E137
S31533D021E0020353E3E800001A04B0D7E506005BE3F5
S31533D021F0E500001A0590D7E5040059E3E200001A4A
S31533D02200AC239FE5003092E5000053E3DE00000AAD
S31533D02210183087E20310A0E10920A0E10C008DE24B
S31533D0222000308DE5F65D00EB84339FE5002093E5F2
S31533D022300C309DE5020053E1D300001AB620D7E126
S31533D022402234A0E10338A0E1023C83E12338A0E174
S31533D02250010053E30200000A020053E31E00000AD2
S31533D02260C90000EA0520A0E106108AE20A00A0E1FF
S31533D0227014FDFFEB084087E2022CA0E300508AE03E
S31533D022800E6087E2B620C7E10410A0E10B20A0E1AF
S31533D02290120087E2DA5D00EB0610A0E10920A0E157
S31533D022A000009DE5D65D00EB0B20A0E10400A0E154
S31533D022B000139FE5D25D00EB05506AE00600A0E13E
S31533D022C0EC129FE50920A0E1CD5D00EB0A00A0E139
S31533D022D01C1085E2280B00EBAB0000EAD8A29FE5B1
S31533D022E000309AE5000053E3A700000ACC629FE59D
S31533D022F0003096E5000053E3A300000A0920A0E19D
S31533D0230008008DE20E1087E2BD5D00EBB0329FE55B
S31533D0231008209DE5003093E5030052E19A00001A78
S31533D02320A0429FE5081087E20B20A0E198529FE5A3
S31533D02330000096E5B25D00EB0B20A0E1001096E5E8
S31533D02340000094E5AE5D00EB000094E5001095E512
S31533D02350090B00EB0030A0E3003086E500308AE588
S31533D02360003085E5880000EA1B0054E3030000CA39
S31533D0237058029FE50410A0E11C20A0E3360000EA02
S31533D02380B620D7E12234A0E10338A0E1023C83E181
S31533D023902348A0E1040054E30F00001AB020D7E15C
S31533D023A02234A0E10338A0E1023C83E1010853E3B0
S31533D023B00900001AB220D7E12234A0E10338A0E1D4
S31533D023C0023C83E1020353E30300001AB420D7E17E
S31533D023D0FC319FE5030052E10100000AF4019FE589
S31533D023E02E0000EAC8019FE5181087E20420A0E149
S31533D023F0835D00EBE0019FE5003090E5000053E3C9
S31533D024000420A0010E1087027D5D000B081087E2F1
S31533D024100620A0E3C4019FE5795D00EB0000A0E37D
S31533D024200010A0E10020A0E10030A0E1530000EA83
S31533D024301B0054E35400009AB220D7E12234A0E1F2
S31533D024400338A0E1023C83E12328A0E1020054E122
S31533D02450030000AA88019FE50410A0E1A84600EB4B
S31533D02460490000EA0030D7E5F03003E2400053E3C9
S31533D024704500001AB620D7E168319FE5033002E034
S31533D02480000053E34000001A0700A0E10A10A0E38E
S31533D02490A0FEFFEB000050E30200001A48019FE58F
S31533D024A0904600EB380000EA0420A0E304008DE226
S31533D024B0101087E2525D00EBF4309FE5003093E5A0
S31533D024C0000053E304209DE50200000A030052E1E5
S31533D024D0010072132C00001A0930D7E5010053E3FB
S31533D024E01300001A1410D7E5000051E3144087E2E5
S31533D024F00B00000A050051E32300001A0130D4E55E
S31533D02500010053E32000001AE0009FE5754600EB47
S31533D02510040094E5C4FEFFEB2000A0E3674600EB4E
S31533D02520190000EA0700A0E10120A0E10130A0E1C3
S31533D02530120000EA110053E31300001AB801D7E1B1
S31533D02540B6C1D7E1B4E1D7E12034A0E10338A0E175
S31533D025502C14A0E12E24A0E1003C83E10118A0E1A4
S31533D025600228A0E10C1C81E10E2C82E12338A0E1B4
S31533D025701C0087E22118A0E12228A0E1083043E2EB
S31533D025806CC09FE50FE0A0E100F09CE510D08DE262
S31533D02590F08EBDE84062D3334462D333FF0F0000AD
S31533D025A022CDD23320CDD233E90500000608000040
S31533D025B0358000002862D3332062D333F480D333CB
S31533D025C0FC80D333F880D3330081D3330481D333F0
S31533D025D06C4AD23306040000804AD2332C62D333CA
S31533D025E08661D333984AD2331FFF0000AC4AD233F5
S31533D025F0BC4AD2333887D33370402DE9004050E2CA
S31533D0260004D04DE20400A0011800000A0050A0E324
S31533D026100360A0E3000054E30400A0E10D10A0E171
S31533D026200A20A0E30400A001535D001BFF3000E273
S31533D02630000054E3055483E10400000A00209DE5ED
S31533D026400030D2E5000053E30240A00101408212AC
S31533D02650016056E2EEFFFF5AFF3C05E20334A0E1B8
S31533D02660053C83E1FF2805E2223483E1250C83E15F
S31533D0267004D08DE27080BDE804E02DE5424000EB16
S31533D0268004E09DE4DBFFFFEA0008A0E120C8A0E127
S31533D026902C34A0E10338A0E10C3C83E134009FE530
S31533D026A0010873E323C8A01100C0A0010C2AA0E10E
S31533D026B000005CE10130A0E10100A0E1222AA0E1D3
S31533D026C014109FE50000001AC35B00EA0C109FE597
S31533D026D00300A0E1F75E00EAFF0F0000D44AD233FD
S31533D026E0DC4AD23300C050E204E02DE540309FE5DA
S31533D026F00D00000A0030DCE5303043E2090053E305
S31533D027000010A0E30A20A0E328C09FE50200008A88
S31533D02710195D00EB0008A0E120C8A0E12C34A0E17C
S31533D027200338A0E10C3C83E12338A0E10300A0E1D8
S31533D0273004F09DE40FFF0000FF0F000004E02DE509
S31533D02740114000EBE6FFFFEB0008A0E12008A0E143
S31533D0275004F09DE4F0442DE9AC339FE50020A0E3AB
S31533D02760007098E5002083E5A0339FE5002083E50C
S31533D027709C339FE59CC39FE59C139FE5002083E55F
S31533D0278098339FE51F10C1E300208CE5001083E515
S31533D027900CD04DE20060A0E1061C81E280339FE588
S31533D027A0021183E7012082E2030052E3061C81E261
S31533D027B0F9FFFFDA00209CE5000052E364339F052E
S31533D027C01F30C30300308C055C339F05002083054F
S31533D027D01F0A00EB0700A0E1A30800EB000050E38B
S31533D027E0650000BA44039FE5081087E20620A0E3CC
S31533D027F03CA39FE5825C00EB0130A0E3090056E3AE
S31533D0280000308AE55E00008A1346A0E1AA2F14E28F
S31533D028100400001A030014E31D00001A010C14E35C
S31533D028202900001A300000EA041087E20420A0E31E
S31533D0283000039FE5725C00EBFC029FE58DFFFFEB57
S31533D02840F8329FE5000083E5F4029FE589FFFFEB7D
S31533D02850F0329FE5000083E5EC029FE5B6FFFFEB50
S31533D02860E8329FE5B000C3E1E4029FE5B2FFFFEB68
S31533D02870E0329FE5A20F14E3B000C3E11A00000A99
S31533D02880D4029FE57BFFFFEBD0329FE5000083E593
S31533D02890150000EA9C329FE5BC029FE5002083E514
S31533D028A074FFFFEBB4329FE5000083E598029FE5D2
S31533D028B0A1FFFFEB94329FE5B000C3E190029FE5D1
S31533D028C09DFFFFEB8C329FE5B000C3E178029FE5E5
S31533D028D099FFFFEB74329FE5B000C3E170029FE5F9
S31533D028E095FFFFEB6C329FE5B000C3E1090056E3A9
S31533D028F02300008A68329FE50120A0E31226A0E1A7
S31533D02900033002E0000053E31300001AA20F12E3A0
S31533D029100700001A200012E31900000A44329FE55B
S31533D02920003093E5000053E30600001A38029FE5E2
S31533D02930100000EA24329FE5003093E5000053E3DC
S31533D0294028029F050B00000AE8319FE5003093E556
S31533D02950000053E318029F050600000ACC019FE519
S31533D0296010129FE50620A0E3475C00EB000050E34E
S31533D029700300001A00029FE55A4500EBB40900EB79
S31533D029805E0000EA070056E306F19F971F0000EA80
S31533D02990B829D033CC29D033102AD033B029D03339
S31533D029A0102AD033E029D033102AD0330C2AD0335F
S31533D029B0A70100EB150000EAC0319FE50020A0E364
S31533D029C0002083E5170300EB100000EAB0319FE512
S31533D029D00020A0E3002083E5D30300EB0B0000EA0D
S31533D029E0A0119FE5A0019FE5BCFBFFEB9C019FE5C2
S31533D029F0C9FBFFEBCCFCFFEB040000EA940900EBF8
S31533D02A008C019FE5374500EB3C0000EA3F0700EBEE
S31533D02A1080319FE50020A0E3002083E59A0900EBBF
S31533D02A20504500EB005050E26C419FE5F2FFFF1A60
S31533D02A30DDFBFFEB003094E5000053E30500A0E166
S31533D02A400A00000AAFF8FFEB50319FE5002093E53B
S31533D02A504C319FE5003093E5000062E0030050E14E
S31533D02A6000309485005084850FE0A08103F0A08197
S31533D02A7000309AE5030053E30600000A020000CA89
S31533D02A80020053E356FFFF0AE3FFFFEA040053E3A2
S31533D02A901A00000AE0FFFFEAF8509FE5001095E5EB
S31533D02AA0000051E31200000A0120A0E1F4009FE5B3
S31533D02AB0134500EB002095E5EC109FE50D00A0E122
S31533D02AC0FC5D00EBE4009FE50D10A0E1103F00EB79
S31533D02AD0DC309FE5DC109FE5002093E50D00A0E1C7
S31533D02AE0F45D00EB0D10A0E1CC009FE50D40A0E1E5
S31533D02AF0073F00EB560900EB000095E5000000EAEE
S31533D02B000000E0E30CD08DE2F084BDE8FC80D33313
S31533D02B10F480D333F880D3330081D333F362D333D2
S31533D02B207C61D3333062D3332781D3330481D333E8
S31533D02B302062D3334C62D3332862D333E04AD23391
S31533D02B401462D333EC4AD2331862D333F44AD23302
S31533D02B5022CDD233FC4AD23320CDD233044BD233E7
S31533D02B602C62D33313010000D062D333104BD2331C
S31533D02B70344BD233544BD233083DD233744BD23316
S31533D02B808487D3338887D333B81ED033286BEE00BC
S31533D02B90D41ED033944BD2331C62D3333C87D33306
S31533D02BA04087D3334487D3339C4BD233C04BD23382
S31533D02BB0C44BD23338D6D233D04BD233D44BD233A1
S31533D02BC070402DE904D04DE2DBFCFFEB64319FE559
S31533D02BD0002093E560319FE5003093E5002082E015
S31533D02BE0013043E21C5082E200C0A0E3040053E339
S31533D02BF003F19F97440000EA0C2CD033742CD03396
S31533D02C00AC2CD033DC2CD033742CD033013CA0E372
S31533D02C1028419FE50560A0E1B230C5E0001094E5C8
S31533D02C200500A0E16C5A00EB000094E5BF5A00EBE7
S31533D02C30004085E008119FE5010084E2665A00EB37
S31533D02C400F5084E2FC109FE5070084E2625A00EB12
S31533D02C500500A0E1F0109FE50520A0E3955D00EBDC
S31533D02C600500A0E1B15A00EB000085E0015080E2C7
S31533D02C70240000EA0500A0E1013BA0E3B230C0E076
S31533D02C80C8309FE5B020D3E12234A0E10338A0E1A8
S31533D02C900560A0E1023C83E1025080E22338A0E113
S31533D02CA005C066E0B230C6E1170000EA0500A0E100
S31533D02CB0053CA0E3B230C0E00560A0E1033CA0E31D
S31533D02CC0025080E20500A0E1B230C6E180109FE524
S31533D02CD0415A00EB0F5085E20A0000EA0500A0E125
S31533D02CE0053CA0E3B230C0E00560A0E1023CA0E3EE
S31533D02CF0025080E20500A0E1B230C6E154109FE520
S31533D02D00135085E2345A00EB05C066E048309FE570
S31533D02D10001093E544309FE5002093E540309FE59E
S31533D02D2040009FE5003093E500C08DE5A4FBFFEB73
S31533D02D3004D08DE27080BDE87C61D3336887D333DA
S31533D02D407C87D333044CD2330C4CD233DC4AD23394
S31533D02D505887D333144CD233244CD2332C62D33317
S31533D02D604C87D3335087D3338661D333F0462DE96B
S31533D02D7034C29FE500C09CE50C0051E10060A0E170
S31533D02D800270A0E10350A0E1F086BD181CA29FE5E6
S31533D02D9000309AE5010053E30300000A10329FE571
S31533D02DA0003093E5030052E1F086BD18010055E3B8
S31533D02DB0F086BD98B220D6E02234A0E10338A0E124
S31533D02DC0023C83E12338A0E1050053E3025045E2C8
S31533D02DD06900000A020000CA030053E3F086BD1827
S31533D02DE0070000EA060053E3F086BD18013043E20C
S31533D02DF000308AE5B8319FE5007083E5F046BDE80B
S31533D02E006EFFFFEA010055E3F086BD98B020D6E1D8
S31533D02E102234A0E10338A0E1023C83E12348A0E188
S31533D02E2090919FE5000054E3025045E2004089E596
S31533D02E300B00001A80E19FE580C19FE500209EE517
S31533D02E4000309CE5022482E2013083E2221AA0E1EB
S31533D02E506C019FE500308CE500208EE5284400EBED
S31533D02E600D0000EA010044E20A10A0E3C36B00EB85
S31533D02E70000050E30200001A230080E20F4400EB37
S31533D02E80050000EA0400A0E138119FE5BB6B00EBE7
S31533D02E90000050E330019F051244000B00309AE511
S31533D02EA0050053E3010053131000001A0230A0E398
S31533D02EB000308AE5F8309FE5007083E5F8309FE53A
S31533D02EC00020A0E3002083E500319FE5001099E58B
S31533D02ED0002083E5E4309FE5010051E3002083E50C
S31533D02EE00200000AE8009FE5054400EB2C0000EA17
S31533D02EF0C0409FE5D4C09FE5002094E500309CE5E3
S31533D02F00030052E1F086BD0800208CE5C4009FE56E
S31533D02F10C4109FE571FAFFEB9C309FE5002094E512
S31533D02F2000C093E5B4309FE5012042E2000093E53B
S31533D02F3082C48CE00C0080E0021086E20520A0E14A
S31533D02F4005408CE0AE5A00EB94209FE5003092E5F5
S31533D02F50040053E10040823518FFFFEB020C55E3F2
S31533D02F60F086BD287C009FE5DE4300EB78309FE5C5
S31533D02F700320A0E3002083E5F086BDE8B230D6E067
S31533D02F802324A0E10228A0E1032C82E15C009FE553
S31533D02F900610A0E12228A0E1D94300EB50009FE5EB
S31533D02FA0D04300EBF046BDE85FFAFFEA5087D33320
S31533D02FB06887D3334C87D3335887D3336487D33364
S31533D02FC06087D333384CD2338A020000504CD23355
S31533D02FD05C87D333544CD23394357700F82FD033F0
S31533D02FE038D6D2331C62D333944CD2334C62D333A8
S31533D02FF09C4CD233B44CD23304E02DE53C209FE500
S31533D03000003092E5013083E20A0053E330009FE586
S31533D03010003082E5030000DA28009FE5B14300EBA8
S31533D0302004E09DE440FAFFEAAE4300EB18009FE597
S31533D0303018109FE529FAFFEB04E09DE4DFFEFFEAA3
S31533D030405487D3332C91D233C84CD233943577007B
S31533D03050F82FD03370402DE9A8219FE50030D2E543
S31533D03060A4519FE5000053E308D04DE200208515E7
S31533D030701100001A94319FE500C093E590419FE546
S31533D030802C34A0E12CE8A0E1FF200CE2FFE00EE2E5
S31533D030902CCCA0E17C119FE5FF3003E20400A0E104
S31533D030A000E08DE504C08DE5825C00EB0410A0E131
S31533D030B064019FE5004085E5914300EB5C519FE584
S31533D030C05C019FE5874300EB40419FE5000095E5E2
S31533D030D0D5FBFFEB4C619FE54C019FE5814300EB7C
S31533D030E0000094E5D0FBFFEB003096E5000053E3C8
S31533D030F00D00000A34319FE5000093E5000050E31C
S31533D031000900000A002094E5003095E5002002E05E
S31533D03110003003E0030052E10300000A10019FE5BB
S31533D03120704300EB000096E5BFFBFFEB0A00A0E34C
S31533D03130624300EBD0309FE5F8409FE5001093E52E
S31533D03140F4009FE56E4300EBB010D4E1000051E3B9
S31533D031500600000A8114A0E1E0009FE5684300EB46
S31533D03160B000D4E1D8109FE58004A0E1F55800EB48
S31533D031700A00A0E3514300EBC8309FE5C8009FE572
S31533D03180001093E55E4300EBC0009FE5554300EB5B
S31533D03190BC109FE5BC009FE5D0F9FFEBB8009FE5A7
S31533D031A0DDF9FFEBB4309FE54520A0E3002083E57E
S31533D031B0AC309FE5442042E2002083E5A4309FE53E
S31533D031C00040A0E3004083E50400A0E1CDF6FFEB59
S31533D031D0031BA0E3E96A00EB8C309FE501CB80E299
S31533D031E000C083E584309FE50410A0E10620A0E338
S31533D031F0004083E578009FE5ED5900EB08D08DE2AA
S31533D032007040BDE86DFEFFEA5062D3337C87D3334B
S31533D032102862D3336C87D333F04CD2330C4DD2337D
S31533D032202C62D333384DD2331462D3334C4DD2335D
S31533D032301862D333644DD2338C61D333804DD2338A
S31533D03240904DD2332090D23338D6D233E04BD2339B
S31533D03250F84BD233F82FD033943577006C2DD03317
S31533D032604C87D3336887D3335487D3335087D333C9
S31533D032705887D3338661D333010052E110402DE9D9
S31533D032800130A0E10140A0E102C0A0E10010A0E1ED
S31533D0329010009FE5010000BA194300EB01C044E2A8
S31533D032A00C00A0E11080BDE8A84DD233F0462DE90D
S31533D032B0430052E3440051030CD04DE20040A0E129
S31533D032C003A0A0E1C000001AEB0053E3BE00009A7E
S31533D032D00020D0E5013042E2050052E3010053131A
S31533D032E00100009A060052E3B700001A0130D4E544
S31533D032F0010053E3B400001A0260D4E5060056E366
S31533D03300B100001A0420A0E308008DE2041084E251
S31533D03310BB5900EBB8329FE5002093E508309DE5E5
S31533D03320020053E1A800001A101084E20420A0E36F
S31533D03330A0029FE5145084E2B15900EB04008DE22C
S31533D033400510A0E10420A0E3AD5900EB04309DE590
S31533D03350000053E30510A0117C029F150420A0135F
S31533D03360A759001B74329FE5001093E50620A0E1E0
S31533D03370061081E268029FE56C5084E2A05900EBD7
S31533D033800500A0E1E95800EB000050E30510A01189
S31533D0339050029F158020A013F8FAFF1B44129FE5E5
S31533D033A00030D1E5000053E33C029F15D83C001BD7
S31533D033B00420A0E30D00A0E1EC1084E2905900EB99
S31533D033C000209DE524329FE5030052E16A00001ABE
S31533D033D0F07084E20A9087E0090057E16600002A4C
S31533D033E0F030D4E5FF0053E36300000A0030D7E56D
S31533D033F0000053E3017087025C00000A0120D7E551
S31533D03400023087E00750A0E1027083E2090057E12A
S31533D034105900008AD8019FE500A0A0E3B0A0C0E14F
S31533D034200030D5E50C0053E30240A0E11E00000A7C
S31533D03430080000CA030053E31100000A020000CA91
S31533D03440010053E30C00000A480000EA060053E3B8
S31533D034500D00000A450000EA110053E32E00000A9E
S31533D03460020000CA0D0053E31700000A3F0000EAFA
S31533D03470280053E33000000A3C0000EA74019FE58C
S31533D03480020000EA70019FE5000000EA6C019FE577
S31533D03490003090E5000053E33400001A021085E281
S31533D034A00420A0E3565900EB300000EA50619FE583
S31533D034B00030D6E5000053E30220A0012010A0034C
S31533D034C040019F052200000A280000EA020052E399
S31533D034D00600001AB220D5E12234A0E10338A0E1A8
S31533D034E0023C83E12338A0E1B030C0E11F0000EACB
S31533D034F0040052E31D00001A023095E5FF2C03E297
S31533D035000224A0E1032C82E1FF1803E2212482E1D5
S31533D03510232C82E1B020C0E1140000EAE8609FE5B5
S31533D035200030D6E5000053E30220A0014010A003BB
S31533D03530D8009F050600000A0C0000EAD0609FE54C
S31533D035400030D6E5000053E30800001AC4009FE5E7
S31533D035502010A0E347FFFFEB0040A0E1021085E245
S31533D035600600A0E10420A0E1255900EB04A0C6E76C
S31533D03570090057E10030D73599FFFF3A0000A0E371
S31533D035800010A0E1D5F8FFEB8C009FE57E3C00EB35
S31533D03590003050E20B00000A0030D3E56E0053E31F
S31533D035A078309F050320A003002083050600000A48
S31533D035B06C109FE5335800EB000050E30100001A3E
S31533D035C0520400EB000000EAA1FEFFEB0CD08DE2F3
S31533D035D0F086BDE88087D3332862D3332C62D33396
S31533D035E04062D3338661D3335062D333E449D23353
S31533D035F0638253638C61D3331862D3331462D33338
S31533D036001062D333CE61D333E04DD2338E61D333DD
S31533D03610EC4DD233EE61D333F84DD233084ED23369
S31533D036204C62D333144ED233F04E2DE928229FE554
S31533D03630003092E524B29FE5013083E214D04DE2D7
S31533D036400310A0E1003082E514029FE52C4200EB53
S31533D0365000609BE50010A0E308229FE50600A0E1B9
S31533D03660D35800EB022BA0E3FC119FE50600A0E173
S31533D0367014F8FFEB006086E00070A0E31C4086E2CE
S31533D0368001A0A0E30690A0E31CA0C6E501A0C4E543
S31533D036900290C4E50370C4E50700A0E199F5FFEBCA
S31533D036A0C8119FE5F1F6FFEB0008A0E12008A0E1B1
S31533D036B02034A0E10338A0E1003C83E12338A0E1F4
S31533D036C014108DE2B830C4E10420A0E3047021E5B0
S31533D036D0280086E2CA5800EB0C108DE20420A0E312
S31533D036E02C0086E288519FE50C708DE5C45800EBEB
S31533D036F008108DE20420A0E3300086E208708DE511
S31533D03700BF5800EB04108DE20420A0E3340086E2E8
S31533D0371004708DE5BA5800EB0920A0E10510A0E17D
S31533D03720380086E2B65800EB880086E244119FE52E
S31533D037308020A0E311FAFFEB424F86E26320A0E369
S31533D0374004C0A0E10120C4E47D30E0E30130C4E419
S31533D03750D13083E20130C4E40120C4E401A0C4E40F
S31533D0376003A08AE201A0C4E4503043E20A4084E0A5
S31533D037700130C4E401A0C4E4093083E20A4084E0D2
S31533D037800130C4E4432042E20120C4E4053083E26D
S31533D03790024084E00130C4E40120C4E4079049E216
S31533D037A0024084E00190C4E40330D5E50220D5E568
S31533D037B00410D5E50338A0E1023C83E10520D5E5F5
S31533D037C0013483E1B0509FE5023083E1003085E5A3
S31533D037D00700A0E104406CE04AF5FFEB002095E505
S31533D037E0002082E0FF3C02E20334A0E1FF1802E27C
S31533D037F0023C83E1213483E1223C83E10510A0E10D
S31533D038000A20A0E1003085E5200086E27C5800EB23
S31533D03810ECC084E24320A0E34430A0E30600A0E129
S31533D038200910A0E100C08DE5454F84E294F8FFEB53
S31533D0383048109FE548009FE528F8FFEB024084E225
S31533D0384040009FE534F8FFEB00009BE50410A0E180
S31533D0385077F8FFEB14D08DE2F08EBDE88487D3337F
S31533D038607C61D333184ED233EE05000024CDD23318
S31533D0387084D717002062D3335062D3338087D33380
S31533D038808C38D0338C864700AC32D03304E02DE538
S31533D038902C309FE5003093E5040053E324009FE5B5
S31533D038A024109FE5020000DA8E4100EB04E09DE45C
S31533D038B01DF8FFEA14009FE508F8FFEB04E09DE41A
S31533D038C058FFFFEA8487D333C84CD2338C38D033BE
S31533D038D09435770004E02DE540009FE5AA3B00EB15
S31533D038E0003050E20B00000A0030D3E56E0053E3CC
S31533D038F02C309F050320A00328109FE50020830595
S31533D0390004F09D045F5700EB000050E30100001A2A
S31533D0391004E09DE47D0300EA04E09DE4CCFDFFEAB8
S31533D03920084ED2334C62D333144ED233F0402DE9D2
S31533D03930CC209FE5003092E5C8709FE5013083E215
S31533D039400310A0E1003082E5BC009FE56C4100EB6B
S31533D03950006097E5B4109FE50600A0E1B0209FE55F
S31533D0396058F7FFEB013CA0E3006086E0B030C6E108
S31533D039700830A0E30640A0E30450A0E3B230C6E15A
S31533D03980033CA0E3B630C6E188109FE50420A0E11E
S31533D039900440C6E50550C6E5080086E2185800EB64
S31533D039A00520A0E170109FE50E0086E2145800EB97
S31533D039B060109FE50420A0E1120086E2105800EB98
S31533D039C00010A0E3062081E0011081E20030E0E36D
S31533D039D0030051E31830C2E5F9FFFFDA000097E56B
S31533D039E0061060E01C1081E211F8FFEB2C009FE546
S31533D039F02C109FE5B9F7FFEB28009FE5F040BDE8E3
S31533D03A00C5F7FFEA8887D3337C61D3332C4ED23391
S31533D03A1024CDD233358000002062D3332862D333DA
S31533D03A20943577002C3AD033D438D03304E02DE5DF
S31533D03A302C309FE5003093E5040053E324009FE513
S31533D03A4024109FE5020000DA264100EB04E09DE422
S31533D03A50B5F7FFEA14009FE5A0F7FFEB04E09DE44A
S31533D03A60B1FFFFEA8887D333C84CD2332C3AD0331D
S31533D03A70943577000000A0E30EF0A0E110402DE995
S31533D03A800040A0E1295700EB000084E0010040E27A
S31533D03A90040050E11080BD380030D0E52F0053E319
S31533D03AA00100001A010080E21080BDE8010040E237
S31533D03AB0040050E1F7FFFF2A1080BDE810402DE90E
S31533D03AC00040A0E1ECFFFFEB0030A0E3013040E54E
S31533D03AD00400A0E11080BDE870402DE901DC4DE251
S31533D03AE00050A0E1B4109FE50D00A0E1BA5600EB2B
S31533D03AF00D00A0E10D5700EB033080E20360C3E342
S31533D03B0014E086E2FF3C0EE201C4A0E30334A0E125
S31533D03B1004C085E40E3C83E1FFC80EE22C3483E146
S31533D03B20FFCC00E22E3C83E10CC4A0E105E0A0E15A
S31533D03B300040A0E300308EE5045085E2FFE800E292
S31533D03B4000CC8CE1044085E4C03FA0E12EC48CE1A7
S31533D03B50233F80E020CC8CE1030010E300C085E521
S31533D03B6043E1A0E1045085E20020A0E10E41851760
S31533D03B700D10A0E10500A0E1A15700EB065085E07A
S31533D03B80044085E4044085E4044085E4044085E478
S31533D03B90044085E40500A0E101DC8DE27080BDE808
S31533D03BA02090D233F0462DE90CA19FE500509AE50B
S31533D03BB00090A0E1015085E2FFEC01E2FF0C05E273
S31533D03BC0FFCC09E202DB4DE20004A0E10CC4A0E154
S31533D03BD00EE4A0E104D04DE2FF7801E201EC8EE1B0
S31533D03BE0FF6805E2FF4809E2050C80E109CC8CE198
S31533D03BF0260480E124C48CE127E48EE10244A0E399
S31533D03C0004608DE2250C80E121EC8EE1007053E225
S31533D03C1029CC8CE10030A0E314408DE50C408DE502
S31533D03C20184086E204008DE50210A0E100508AE503
S31533D03C3008308DE510C08DE518E08DE50721A0E17C
S31533D03C400400A0E16E57001B073184E0034066E0E1
S31533D03C50B9F8FFEB64309FE5003093E5003083E06D
S31533D03C601C0083E20420A0E10610A0E1645700EBE8
S31533D03C704C309FE5030059E16F20A0E30400000ADE
S31533D03C8040309FE5030059E13C309F053C309F15CA
S31533D03C90002093E538309FE5001093E534309FE527
S31533D03CA034009FE5003093E500408DE5C4F7FFEB54
S31533D03CB004D08DE202DB8DE2F086BDE88C87D33338
S31533D03CC07C61D333A0860100A5860100E087D33348
S31533D03CD0E487D333DC87D333E887D3338661D3339F
S31533D03CE010402DE9FFCC00E2FFEC01E20CC4A0E199
S31533D03CF0FF3800E200CC8CE10EE4A0E1FF2801E2EC
S31533D03D0001EC8EE123C48CE140D04DE220CC8CE162
S31533D03D1022E48EE10040A0E321EC8EE110C08DE5A4
S31533D03D2034009FE511C4A0E30310A0E30D20A0E136
S31533D03D300830A0E314E08DE518C08DE51C408DE541
S31533D03D4000408DE504408DE508408DE50C408DE58A
S31533D03D5093FFFFEB40D08DE21080BDE8A086010003
S31533D03D60F0402DE998329FE5003093E5013043E2B8
S31533D03D7005DA4DE2060053E303F19F979E0000EA3E
S31533D03D809C3DD033A83DD033B83DD0334C3ED033E1
S31533D03D90883ED033303FD033C83FD03364029FE5EB
S31533D03DA00110A0E3010000EA5C029FE50210A0E314
S31533D03DB0CAFFFFEB900000EA50329FE5007093E5DF
S31533D03DC00700A0E1595600EB01698DE20040A0E12E
S31533D03DD00600A0E13FFFFFEBFF3C04E20334A0E152
S31533D03DE0FF2804E2043C83E1223483E1243C83E19B
S31533D03DF0030014E3003080E5C43FA011233F841081
S31533D03E00045080E24331A0110020A013032185173B
S31533D03E100710A0E10420A0E10500A0E1F85600EB9D
S31533D03E20033084E2C32FA0E1223F83E00330C3E3E0
S31533D03E30035085E0053066E0C8019FE50620A0E152
S31533D03E404331A0E10110A0E36A0000EAC0319FE517
S31533D03E50003093E5010073E36700000AB4319FE580
S31533D03E60003093E5000053E36300000A030A8DE282
S31533D03E7018FFFFEB032A8DE2003062E084019FE521
S31533D03E804331A0E1270000EA8C319FE5007093E5FA
S31533D03E900700A0E1255600EB026A8DE20040A0E18F
S31533D03EA00600A0E10BFFFFEB70119FE52020A0E3C6
S31533D03EB00050A0E1D25600EBFF3C04E20334A0E13C
S31533D03EC0FF2804E2043C83E1223483E1243C83E1BA
S31533D03ED0030014E3205085E2003085E5C43FA011BA
S31533D03EE0233F8410045085E24331A0110020A01320
S31533D03EF0032185170500A0E10420A0E10710A0E136
S31533D03F00BF5600EB033084E2C32FA0E1223F83E0D8
S31533D03F100330C3E3035085E0053066E0E8009FE520
S31533D03F200620A0E14331A0E10410A0E3310000EA3A
S31533D03F30EC309FE5017A8DE2006093E5E4309FE57E
S31533D03F400700A0E1005093E5E2FEFFEBD8109FE5E2
S31533D03F502020A0E30040A0E1A95600EBFF3C06E2C7
S31533D03F60FF2C05E20334A0E1FF1806E20224A0E1D8
S31533D03F70063C83E1204084E2FF0805E2213483E125
S31533D03F80052C82E1202482E1263C83E10400A0E1A2
S31533D03F90044084E2003080E50410A0E1252C82E190
S31533D03FA0044084E20030A0E3002081E5043084E489
S31533D03FB054009FE5044067E00720A0E14431A0E1F7
S31533D03FC00610A0E30B0000EA0D00A0E1C1FEFFEB23
S31533D03FD00040A0E150109FE52020A0E3204084E2AA
S31533D03FE0875600EB04406DE01C009FE50D20A0E121
S31533D03FF04431A0E10510A0E3E9FEFFEB05DA8DE20B
S31533D04000F080BDE8F087D333A5860100A3860100BF
S31533D040103888D333E087D3339087D3333488D33385
S31533D040209887D3332CCDD2339487D333B887D333FE
S31533D0403010402DE902DB4DE20040A0E10D00A0E1B6
S31533D040406F5600EB00109DE5FF3C01E20334A0E14F
S31533D04050FF2801E2013C83E1223483E1A4209FE5AA
S31533D04060002092E5213C83E1020053E10800001A97
S31533D0407008309DE5000053E30500001A0C309DE56A
S31533D04080000053E30200001A14309DE5000053E3D9
S31533D040900100000A0000E0E3180000EA68309FE52B
S31533D040A0030054E10B00000A023083E2030054E1EB
S31533D040B01100001A18109DE5FF3C01E20334A0E14C
S31533D040C0FF2801E2013C83E1223483E13C209FE5A2
S31533D040D0213C83E1070000EA18109DE5FF3C01E25D
S31533D040E00334A0E1FF2801E2013C83E1223483E1AA
S31533D040F01C209FE5213C83E1003082E50000A0E31C
S31533D0410002DB8DE21080BDE88C87D333A3860100E2
S31533D04110E087D333E487D33304E02DE510009FE52E
S31533D04120703F00EB0C309FE50420A0E3002083E5FD
S31533D0413004F09DE4404ED2334C62D333F0462DE96E
S31533D0414048259FE5002092E5020051E10ADB4DE296
S31533D041500050A0E10320A0E14A01001A30959FE533
S31533D04160003099E5013043E2060053E303F19F97DC
S31533D04170440100EA9041D033A441D033B441D03353
S31533D041805442D0331443D033F044D033C443D033F2
S31533D041900010A0E1FC049FE5A4FFFFEB0230A0E3BF
S31533D041A0360100EA0010A0E1EC049FE59FFFFFEB58
S31533D041B0CA0000EA024A8DE20010A0E10400A0E171
S31533D041C00F5600EB022A8DE2001092E5FF3C01E256
S31533D041D00334A0E1C4049FE5FF2801E2013C83E127
S31533D041E0223483E1002090E5213C83E1020053E180
S31533D041F01500001A02CA8DE208309CE5000053E35D
S31533D042001100001A0C309CE5000053E30E00001A5F
S31533D0421014309CE5000053E30B00001A18309CE5AC
S31533D04220000053E30800001A74C49FE5013083E2DB
S31533D0423000308CE51C1084E22020A0E364049FE593
S31533D04240EF5500EB0530A0E30C0100EA58049FE5A7
S31533D04250590000EA0010A0E1060B8DE2E85500EBD9
S31533D0426048349FE50A2B8DE2031092E7FF3C01E2F7
S31533D042700334A0E124049FE5FF2801E2013C83E126
S31533D04280223483E1002090E5213C83E1020053E1DF
S31533D042900900001A01CA8DE208389CE5000053E3C1
S31533D042A00500001A0C389CE5000053E30200001ACF
S31533D042B014489CE5000054E30100000A0010E0E303
S31533D042C0060000EAD8339FE50410A0E1D4039FE576
S31533D042D02020A0E3004083E5B55500EB0410A0E1E0
S31533D042E0000051E3C8439FE50300000AC4039FE5AA
S31533D042F0FC3E00EB0430A0E3030000EAB8039FE5AD
S31533D04300F83E00EBB4339FE5003093E5003084E5D7
S31533D04310DC0000EA014A8DE20010A0E10400A0E1FE
S31533D04320B75500EB98339FE50A2B8DE2031092E70E
S31533D04330FF3C01E20334A0E160039FE5FF2801E2AD
S31533D04340013C83E1223483E1002090E5213C83E1B3
S31533D04350020053E11700001A083094E5000053E306
S31533D043601400001A0C3094E5000053E31100001A00
S31533D04370143094E5000053E30E00001A185094E538
S31533D04380000055E30B00001A2020A0E31C1084E272
S31533D0439030039FE59A5500EB0630A0E3003089E52C
S31533D043A024339FE5005083E520339FE5012BA0E3EB
S31533D043B0002083E5B20000EA14039FE5C93E00EB43
S31533D043C0AD0000EA027B8DE20010A0E10700A0E148
S31533D043D08B5500EBFC329FE50ACB8DE203109CE77D
S31533D043E0FF3C01E20334A0E1B0029FE5FF2801E2AE
S31533D043F0013C83E1223483E1002090E5213C83E103
S31533D04400020053E13700001A083097E5000053E332
S31533D044103400001A0C3097E5000053E33100001A0C
S31533D04420143097E5000053E32E00001A18A097E511
S31533D0443000005AE32B00001A1C1097E598229FE50B
S31533D04440FF3C01E20200DCE70334A0E1013C83E127
S31533D04450FF2801E2223483E12F0050E3215C83E14C
S31533D0446078629FE50F00000A74129FE5000096E547
S31533D04470695400EB000096E5AC5400EB0040A0E164
S31533D04480000096E5201087E2040080E00520A0E105
S31533D044905B5500EB003096E5054084E0034084E07D
S31533D044A001A0C4E5050000EA201087E2000096E5B6
S31533D044B00520A0E1525500EB003096E505A0C3E7C1
S31533D044C018429FE5000094E56BFDFFEB14329FE570
S31533D044D0000083E5000094E577FDFFEB000084E52B
S31533D044E00330A0E3650000EAFC019FE5B2FFFFEAA3
S31533D044F00510A0E16420A0E30D00A0E1405500EB08
S31533D04500E8319FE50A2B8DE2031092E7FF3C01E2B7
S31533D045100334A0E184019FE5FF2801E2013C83E126
S31533D04520223483E1002090E5213C83E1020053E13C
S31533D045300D40A0E10040E0133E00001A083094E568
S31533D04540000053E30E00001A0C3094E5000053E319
S31533D045500500001A143094E5000053E30200001A24
S31533D04560183094E5000053E31000000A083094E580
S31533D04570000053E30200001A143094E5000053E3ED
S31533D045800100000A68419FE52A0000EA183094E515
S31533D04590FF2C03E20224A0E1032C82E1FF1803E2CD
S31533D045A0212482E1232C82E1004062E2210000EA19
S31533D045B014619FE5000096E5000050E30400000A3D
S31533D045C030119FE5AD6500EB000050E328019F0520
S31533D045D0443E000B000096E5051BA0E3A76500EB30
S31533D045E0000050E323008002343E000B601094E584
S31533D045F0FF3C01E20334A0E1FF2801E2013C83E131
S31533D04600223483E1F4209FE500C096E5000092E59D
S31533D04610214C83E10420A0E1641085E20C0080E0D4
S31533D0462004508CE0F65400EBD4209FE5003092E56D
S31533D04630050053E100508235C8009FE5C8109FE589
S31533D04640A6F4FFEB000054E37C209FC5003092C51F
S31533D04650043083C0003082C5090000CA163084E2E4
S31533D04660010053E30730A0930400009A000054E3CB
S31533D0467048309F050320A003002083050430A0E3F0
S31533D04680003089E5B5FDFFEB0ADB8DE2F086BDE878
S31533D04690E887D333F087D333A5860100A3860100C9
S31533D046A08C87D3339087D3339887D3334C4ED23307
S31533D046B000F0FFFF4C62D333684ED233944CD233AF
S31533D046C0D887D33300E8FFFFB887D3332CCDD23353
S31533D046D09487D333844ED23300E0FFFF20E0FFFFFD
S31533D046E03888D333A44ED2333488D333A84ED23347
S31533D046F000D8FFFFF1D8FFFF00140500504CD2335A
S31533D0470038D6D2331C62D333F08296051841D033A0
S31533D04710F0462DE9DC519FE50030D5E5D8919FE5BC
S31533D04720000053E3D4319FE50420A0E3D0719FE555
S31533D04730001099E5CC619FE5002083E5C8319FE52C
S31533D0474008D04DE2001087E5003086E51300001A15
S31533D04750B8319FE500C093E52C34A0E12CE8A0E135
S31533D04760FF200CE2FFE00EE22CCCA0E1FF3003E2D7
S31533D047709C119FE59C019FE500E08DE504C08DE556
S31533D04780CC5600EB000096E588119FE5925300EBAB
S31533D0479084019FE5001096E5D93D00EB0B0000EA86
S31533D047A03A10A0E30500A0E1D45300EB004050E229
S31533D047B00510A0010300000A0500A0E18DF7FFEB39
S31533D047C0000087E5011084E2000096E5825300EBC2
S31533D047D0000096E5A8FCFFEB40A19FE500008AE5F3
S31533D047E0000096E5B4FCFFEB000086E530019FE58B
S31533D047F0BC3D00EB14419FE5000097E50AF6FFEB8D
S31533D0480020519FE520019FE5B63D00EB000094E5AE
S31533D0481005F6FFEB003095E5000053E30D00000AB3
S31533D0482008319FE5000093E5000050E30900000A04
S31533D04830002094E5003099E5002002E0003003E013
S31533D04840030052E10300000AE4009FE5A53D00EBE7
S31533D04850000095E5F4F5FFEBD8409FE5001096E5DB
S31533D0486000209AE5D0009FE5A53D00EBB010D4E10A
S31533D04870000051E30600000A8114A0E1BC009FE595
S31533D048809F3D00EBB000D4E1B4109FE58004A0E1A6
S31533D048902C5300EBAC309FE5AC009FE5001093E58D
S31533D048A0973D00EBA4109FE5A4009FE50BF4FFEBF7
S31533D048B0A0009FE518F4FFEB9C309FE501C0A0E341
S31533D048C000C083E594309FE5FACFA0E300C083E5FB
S31533D048D08C309FE500E0A0E30E10A0E10620A0E3E4
S31533D048E000E083E57C009FE5315400EB08D08DE2C0
S31533D048F0F046BDE819FDFFEA5062D3332C62D33389
S31533D04900D887D333DC87D3333888D3333C88D33340
S31533D049102862D333C44ED233F487D3330C4DD23308
S31533D049203488D333E84ED2331462D3334C4DD23367
S31533D049301862D333644DD2338C61D3330C4FD233E5
S31533D04940904DD2332090D23338D6D233204FD23340
S31533D049501841D033F08296053C41D033F087D333E8
S31533D04960E887D333EC87D3338661D33308309FE5A7
S31533D049700400C3E40000D3E50EF0A0E10003002029
S31533D049800C309FE5FF1001E20400C3E40010C3E509
S31533D049900EF0A0E10003002030402DE9400080E343
S31533D049A00158A0E1FF0000E22548A0E10010A0E1C4
S31533D049B0FF4004E20C00A0E3F0FFFFEB0410A0E1CC
S31533D049C00D00A0E3EDFFFFEB251CA0E10E00A0E325
S31533D049D0EAFFFFEB0A10A0E30B00A0E3E7FFFFEB00
S31533D049E07D0FA0E3D0F0FFEB0B00A0E30010A0E3E4
S31533D049F03040BDE8E1FFFFEA401080E310402DE9B7
S31533D04A00FF1001E20C00A0E3DCFFFFEB0C10A0E3B8
S31533D04A100B00A0E3D9FFFFEB6400A0E3C2F0FFEBBA
S31533D04A200010A0E30B00A0E3D4FFFFEB0E00A0E30E
S31533D04A30CDFFFFEB0044A0E10D00A0E3CAFFFFEBAF
S31533D04A40FF4C04E2FF0000E2040080E11080BDE8B1
S31533D04A5004E02DE50000A0E30110A0E3C7FFFFEB90
S31533D04A60FA0FA0E304E09DE4AFF0FFEAF04E2DE970
S31533D04A700CD04DE20090A0E1F4FFFFEB2800A0E389
S31533D04A80B9FFFFEB0030A0E12900A0E3FF4003E2FA
S31533D04A90B5FFFFEB0034A0E1FF3C03E22A00A0E3ED
S31533D04AA0034084E1B0FFFFEB0038A0E1FF3803E2E7
S31533D04AB02B00A0E3034084E1ABFFFFEB60349FE5EB
S31533D04AC0004C84E1030054E10420A00154049F0533
S31533D04AD00420A01150049F1550149FE5083D00EBD8
S31533D04AE00000A0E38010A0E3A4FFFFEB0300A0E314
S31533D04AF0C0FFFFEB38349FE50008A0E120A8A0E142
S31533D04B0003300AE0B90C53E328449FE50030A013B1
S31533D04B101C30C4155000001A1F00A0E3B5FFFFEBBD
S31533D04B2014349FE50008A0E1200853E10C649FE5D7
S31533D04B303A00001A0030D6E5000053E30130A0E343
S31533D04B401C30C4E5073083020030C6051000A0E31D
S31533D04B50A8FFFFEB0038A0E11100A0E32378A0E152
S31533D04B60A4FFFFEB0038A0E11800A0E32358A0E15F
S31533D04B70A0FFFFEB0038A0E11900A0E32348A0E162
S31533D04B809CFFFFEBB90C5AE306B0A0E10300000A51
S31533D04B90AC339FE503005AE10600000A0D0000EA64
S31533D04BA00030D6E5033084E0FF3003E2017A87E381
S31533D04BB00F4A83E3110000EA0020D6E50F30C5E370
S31533D04BC0033082E0033083E2022084E0FF2002E226
S31533D04BD00338A0E1070000EA0030D6E50F10C5E36D
S31533D04BE0032084E0032042E2013083E0FF2002E257
S31533D04BF00338A0E1017A87E3C24C82E32358A0E19C
S31533D04C000710A0E11000A0E362FFFFEB0510A0E18F
S31533D04C101100A0E35FFFFFEB0410A0E10C0000EA24
S31533D04C200030D6E5000053E30230A0E31C30C4E5B0
S31533D04C30033083020030C6051900A0E36DFFFFEBC6
S31533D04C400010D6E5FF0C00E2001081E00118A0E198
S31533D04C502118A0E11900A0E34EFFFFEB0000A0E33B
S31533D04C600010A0E145FFFFEB0010A0E31F00A0E347
S31533D04C7042FFFFEBCC329FE5003093E5080013E3D8
S31533D04C80C4129FE5014AA0E31800001A050053E386
S31533D04C9003F19F97100000EAB04CD033C84CD033D1
S31533D04CA0DC4CD033DC4CD033BC4CD033D44CD03377
S31533D04CB02110A0E30040A0E3070000EA4110A0E3AF
S31533D04CC0114CA0E3040000EA8110A0E3024AA0E32A
S31533D04CD0010000EA74129FE5314CA0E30400A0E34F
S31533D04CE02CFFFFEB0410A0E10000A0E329FFFFEB7C
S31533D04CF01E00A0E30110A0E320FFFFEB1F00A0E3CB
S31533D04D000010A0E31DFFFFEB0000A0E30010A0E1ED
S31533D04D101AFFFFEB0200A0E30010A0E317FFFFEB6F
S31533D04D200800A0E33F10A0E314FFFFEB0900A0E394
S31533D04D303810A0E311FFFFEB0A00A0E30010A0E385
S31533D04D400EFFFFEB2F00A0E30010A0E30BFFFFEB2A
S31533D04D500100A0E32C10A0E308FFFFEBFE00A0E395
S31533D04D600F10A0E305FFFFEB0050A0E30960A0E1ED
S31533D04D70FF1005E20C00A0E300FFFFEB0410A0E325
S31533D04D800B00A0E3FDFEFFEBC800A0E3E6EFFFEB9D
S31533D04D900010A0E30B00A0E3F8FEFFEB0D00A0E379
S31533D04DA0F1FEFFEB0040A0E10E00A0E3EEFEFFEBF9
S31533D04DB0FF4004E2015085E2004484E1050055E327
S31533D04DC0B840C6E1026086E2E8FFFFDA0D40D9E5A6
S31533D04DD00BC0D9E50CE0D9E50810D9E50920D9E5DA
S31533D04DE00A30D9E568019FE508408DE500508DE856
S31533D04DF0433C00EB0050A0E31040A0E3093085E0FC
S31533D04E000400A0E10810D3E5015085E2DBFEFFEBC9
S31533D04E10050055E3014084E2F7FFFFDA1640A0E3FD
S31533D04E200750A0E30400A0E1FF10A0E3D3FEFFEBCD
S31533D04E30015055E2014084E2F9FFFF5A0550A0E311
S31533D04E40015055E2FDFFFF5A0500A0E33110A0E330
S31533D04E50CAFEFFEBFF00A0E38010A0E3C7FEFFEB53
S31533D04E600050A0E3030000EAAFEFFFEBE4309FE559
S31533D04E70030055E12000000A0100A0E3DDFEFFEB7D
S31533D04E80200010E3015085E2FA0FA0E3F5FFFF0AC5
S31533D04E901100A0E3D7FEFFEB2006A0E10F4000E2DE
S31533D04EA0B4009FE5163C00EB013044E2070053E3F0
S31533D04EB003F19F97120000EAD84ED033E04ED03369
S31533D04EC0044FD033E84ED033044FD033044FD0339E
S31533D04ED0044FD033F04ED03380009FE5040000EA40
S31533D04EE07C009FE5020000EA78009FE5000000EAE7
S31533D04EF074009FE5023C00EB040000EA6C009FE5AA
S31533D04F00030000EA0410A0E164009FE5FC3B00EB0C
S31533D04F1060009FE5FA3B00EB0000A0E30CD08DE2B6
S31533D04F20F08EBDE8460A0090444FD233644FD23325
S31533D04F3000030020F0FF00003C90D333044400003C
S31533D04F40DC90D33301B9000030CDD233E101000048
S31533D04F50010100008C4FD23310270000B04FD2332B
S31533D04F60C04FD233D44FD233E84FD233FC4FD23370
S31533D04F701050D2332C50D2333C50D23310402DE94B
S31533D04F800140A0E10010A0E3040051E101108132C9
S31533D04F90FCFFFF3A013084E2A33F83E0C3C0A0E1F4
S31533D04FA09C309FE50720E0E30010A0E30020C3E563
S31533D04FB00C0051E10600002A8130A0E1B02093E104
S31533D04FC0011081E27C309FE50C0051E1B020C3E182
S31533D04FD0F7FFFFEAFF1004E2FC00A0E367FEFFEB26
S31533D04FE02414A0E1FF1001E2FD00A0E363FEFFEB42
S31533D04FF00200A0E30110A0E360FEFFEB0000A0E3C4
S31533D0500040EFFFEB40409FE5044080E0050000EAE7
S31533D050103CEFFFEB040050E10200003A2C009FE551
S31533D05020B73B00EB040000EA0200A0E34EFEFFEBF1
S31533D05030010010E30000A0E3F4FFFF1A0000A0E361
S31533D050401080BDE800030020040300209435770098
S31533D050504450D23304E02DE50000A0E30219A0E397
S31533D050604CFEFFEB1F00A0E30110A0E343FEFFEBA2
S31533D05070FF00A0E38010A0E340FEFFEB0500A0E3E2
S31533D050800010A0E304E09DE43CFEFFEAF0402DE9B6
S31533D0509008719FE508419FE5F000A0E3006097E5EE
S31533D050A031FEFFEB0030D4E5FF3003E2000053E3AB
S31533D050B00050A0E33500000A010053E30500009AFF
S31533D050C00510A0E10500A0E32CFEFFEBFE00A0E324
S31533D050D08010A0E329FEFFEBC8309FE50D20E0E337
S31533D050E00020C3E5B020D4E1B030D4E10350A0E101
S31533D050F0013083E2C300A0E10010A0E3000051E108
S31533D051000240A0E10600002A94309FE5B020D3E1D7
S31533D051108130A0E1011081E2000051E1B62083E174
S31533D05120F7FFFFEABF0C14E30030A0030130A0131E
S31533D051303F0055E301308393000053E30100001A57
S31533D05140060C55E30E00009A010C14E358009F1554
S31533D051506B3B001B020C14E350009F15683B001BBE
S31533D05160020914E348009F15653B001B060C55E333
S31533D051700800009A3C009FE5613B00EB33FEFFEB22
S31533D05180040000EA000097E50510A0E1AFF3FFEB8A
S31533D051900500A0E1F080BDE80000A0E3F080BDE8D3
S31533D051A03062D33304030020000300205C50D23363
S31533D051B06C50D2337C50D2339050D23310402DE909
S31533D051C070209FE570309FE5002092E56C409FE5D7
S31533D051D00300A0E1002083E53C3184E5042083E558
S31533D051E0236200EB0110A0E30400A0E1CB0800EB6F
S31533D051F00010A0E3000050E301C0A0E124108415D1
S31533D052000300001A243094E5010053E130309F0572
S31533D05210243084052C209FE5081094E5003092E5A0
S31533D0522024009FE5010073E3211AA0E100C0820573
S31533D052301040BDE8323B00EA2892D3332C92D33395
S31533D05240E090D333103DD23334CDD233A450D2338E
S31533D0525004E02DE50010E0E33C3190E50FE0A0E12A
S31533D0526024F093E504F09DE43C3190E5003093E5AA
S31533D052700000D3E50EF0A0E13C3190E5043093E560
S31533D05280FF1001E20010C3E50EF0A0E13C3190E50A
S31533D05290003093E5B000D3E1FF0000E20EF0A0E199
S31533D052A03C3190E5043093E5FF1001E2B010C3E111
S31533D052B00EF0A0E13C3190E5003093E5B000D3E178
S31533D052C00EF0A0E13C3190E50118A0E1043093E52E
S31533D052D02118A0E1B010C3E10EF0A0E104E02DE532
S31533D052E00130A0E1010073E30210A0E33C2190E545
S31533D052F00200000A000053E3011041E20200001A13
S31533D053000FE0A0E130F092E504F09DE418009FE57C
S31533D0531018109FE518209FE518309FE5F83A00EB33
S31533D0532014009FE504E09DE4EA5300EAB050D2334B
S31533D05330D050D23335010000183DD233DC50D2337E
S31533D0534004E02DE500C0A0E302005CE102E0A0E179
S31533D053503C0190E504F09DA40C20D1E7043090E5D0
S31533D0536001C08CE20E005CE10020C3E5F9FFFFBA41
S31533D0537004F09DE400C0A0E302005CE13C0190E57B
S31533D053800EF0A0A1003090E50030D3E50C30C1E764
S31533D0539001C08CE202005CE1F9FFFFBA0EF0A0E166
S31533D053A004E02DE500C0A0E33C0190E502E0A0E1A6
S31533D053B002005CE1090000AA003090E50020D3E575
S31533D053C00C30D1E7020053E101C08CE20100000A70
S31533D053D00D00E0E304F09DE40E005CE1F4FFFFEA58
S31533D053E00000A0E304F09DE404E02DE500C0A0E383
S31533D053F0C2E0A0E10E005CE13C0190E504F09DA44F
S31533D054008C30A0E1B12093E101C08CE2043090E539
S31533D054100E005CE1B020C3E1F8FFFFBA04F09DE49F
S31533D0542004E02DE500C0A0E3C2E0A0E10E005CE1CC
S31533D054303C0190E504F09DA4003090E5B020D3E153
S31533D054408C30A0E101C08CE20E005CE1B12083E167
S31533D05450F8FFFFBA04F09DE410402DE900C0A0E375
S31533D05460C2E0A0E13C0190E50E005CE10140A0E151
S31533D054700A0000AA003090E58C20A0E1B010D3E129
S31533D05480B43092E1010053E101C08CE20100000A4D
S31533D054900D00E0E31080BDE80E005CE1F3FFFFEAD8
S31533D054A00000A0E31080BDE80EF0A0E1F0462DE970
S31533D054B03C6190E50250A0E10140A0E10070A0E14B
S31533D054C00100A0E10210A0E1682096E50390A0E1A7
S31533D054D0936100EB742096E500A0A0E10510A0E11E
S31533D054E00400A0E18E6100EB000059E30040A0E355
S31533D054F00010A0110700A0110FE0A01124F09615CB
S31533D05500883096E5020013E38C2096E5983096E5FD
S31533D0551038C096E51100000A03300AE0FE2002E2D5
S31533D055200700A0E15010A0E30FE0A0E10CF0A0E11A
S31533D055300700A0E10FE0A0E110F096E58C3096E5B8
S31533D055400008A0E1010013E32038A0E1A038A01170
S31533D05550FF3003E2FF0053E30140A013150000EA06
S31533D0556003300AE00700A0E15010A0E30FE0A0E13A
S31533D055700CF0A0E10700A0E10FE0A0E108F096E53A
S31533D05580343096E5FF0000E2FF4050E20140A013ED
S31533D05590000053E30200001A640096E5E2EDFFEB18
S31533D055A0040000EA0700A0E10FE0A0E134F096E56D
S31533D055B0000050E3FAFFFF0A000059E30700A011B9
S31533D055C022FFFF1B0400A0E1F086BDE830402DE971
S31533D055D00020E0E33C5190E50040A0E17010A0E319
S31533D055E00230A0E10FE0A0E138F095E50400A0E168
S31533D055F00FE0A0E108F095E5000CA0E10000E0E172
S31533D05600A00FA0E13080BDE8F04E2DE93C6190E5A6
S31533D0561004D04DE20250A0E10140A0E10070A0E1F8
S31533D056200100A0E10210A0E1682096E50390A0E145
S31533D056303B6100EB742096E500A0A0E10510A0E114
S31533D056400400A0E1366100EB24C09DE5143097E524
S31533D056500020A0E300208CE5013043E2045003E080
S31533D05660143097E5092085E0030052E100208DE51B
S31533D0567004B0E0E31500E0834A00008A0010A0E1CD
S31533D056800040E0E30700A0E10FE0A0E124F096E587
S31533D056900700A0E1FF10A0E30420A0E10430A0E18D
S31533D056A00FE0A0E138F096E50700A0E1C6FFFFEBA7
S31533D056B0000050E33800001A9C3096E503005AE1D7
S31533D056C0883096E59C408605040013E338C096E5CA
S31533D056D0102097E5983096E51400001A03300AE087
S31533D056E00700A0E18010A0E30FE0A0E10CF0A0E129
S31533D056F00700A0E10520A0E1B0109FE50FE0A0E1BF
S31533D0570018F096E50700A0E128109DE50920A0E121
S31533D057100FE0A0E118F096E5142097E500309DE52B
S31533D0572088109FE5022063E00700A0E1080000EA75
S31533D05730052082E00700A0E18010A0E303300AE021
S31533D057400FE0A0E10CF0A0E128109DE50700A0E121
S31533D057500920A0E10FE0A0E118F096E50020E0E3C0
S31533D057600230A0E10700A0E11010A0E30FE0A0E1E2
S31533D0577038F096E50700A0E10610A0E10220A0E3B9
S31533D057800FE0A0E13CF096E5010010E224C09D0580
S31533D0579000908C0504B0E01300B0A0010700A0E15F
S31533D057A0AAFEFFEB0B00A0E104D08DE2F08EBDE86C
S31533D057B090CFD233F04E2DE90040A0E310D04DE256
S31533D057C03C7190E5BC40CDE170C097E5A46097E5D8
S31533D057D051CCA0E10230A0E35C53A0E105E0D6E79B
S31533D057E003C00CE28CC0A0E10140A0E314EC8EE1FF
S31533D057F005E0C6E788C097E501081CE30090A0E131
S31533D0580002B0A0E101A0A0E10100000AD60D00EB61
S31533D058100C0000EA8C2097E5141090E50120C2E302
S31533D05820021081E001409AE008C08DE20050ABE22D
S31533D0583000C08DE50520A0E10410A0E10CC08DE2B7
S31533D0584004C08DE56FFFFFEB10D08DE2F08EBDE84F
S31533D0585004E02DE53CC190E50FE0A0E128F09CE5CE
S31533D0586004F09DE4F0442DE90170A0E13C5190E57C
S31533D058700310A0E30060A0E10240A0E103A0A0E1C1
S31533D058800FE0A0E130F095E5800057E30B00001A26
S31533D05890103096E5030054E1044063205010A02322
S31533D058A00300002AFF0054E30010A0D3014C44C2B6
S31533D058B00110A0C30600A0E10FE0A0E10CF095E5FE
S31533D058C0FF1007E20600A0E10FE0A0E10CF095E56A
S31533D058D00600A0E10410A0E30FE0A0E130F095E597
S31533D058E0010074E301007A032200000A0600A0E126
S31533D058F00510A0E30FE0A0E130F095E5010074E3A5
S31533D059000600000A883095E5020013E3C440A0119F
S31533D05910FF1004E20600A0E10FE0A0E10CF095E51C
S31533D0592001007AE30F00000AFF100AE20600A0E175
S31533D059300FE0A0E10CF095E52A14A0E1FF1001E2C7
S31533D059400600A0E10FE0A0E10CF095E5943095E5A3
S31533D05950020453E34A18A0810F1001820600A081B6
S31533D059600FE0A0810CF095850600A0E10610A0E3E8
S31533D059700FE0A0E130F095E5700057E3F084BD0831
S31533D059800400008A100057E3F084BD08600057E363
S31533D05990F084BD081E0000EAD00057E3F084BD087A
S31533D059A00200008A800057E3F084BD08180000EA6D
S31533D059B0FF0057E31600001A343095E5000053E361
S31533D059C01900001A640095E5D7ECFFEB0600A0E189
S31533D059D00310A0E30FE0A0E130F095E50600A0E197
S31533D059E07010A0E30FE0A0E10CF095E50600A0E13E
S31533D059F00410A0E30FE0A0E130F095E50600A0E176
S31533D05A000FE0A0E108F095E5400010E3FAFFFF0A76
S31533D05A10F084BDE8343095E5000053E30200001A34
S31533D05A20640095E5F044BDE8BFECFFEA0100A0E39E
S31533D05A30BDECFFEB0600A0E10FE0A0E134F095E535
S31533D05A40000050E3FAFFFF0AF084BDE8F0442DE9B5
S31533D05A50500051E303A0A0E1103090053C4190E5CE
S31533D05A600160A0E10050A0E1506041020310A0E3F1
S31533D05A700270A0E1037082000FE0A0E130F094E52C
S31533D05A80FF1006E20500A0E10FE0A0E10CF094E5AB
S31533D05A900500A0E10410A0E30FE0A0E130F094E5D7
S31533D05AA0010077E301007A032400000A0500A0E160
S31533D05AB00510A0E30FE0A0E130F094E5010077E3E1
S31533D05AC00800000AFF1007E20500A0E10FE0A0E1CD
S31533D05AD00CF094E52714A0E1FF1001E20500A0E114
S31533D05AE00FE0A0E10CF094E501007AE30F00000A51
S31533D05AF0FF100AE20500A0E10FE0A0E10CF094E537
S31533D05B002A14A0E1FF1001E20500A0E10FE0A0E1E5
S31533D05B100CF094E5943094E5020353E32A18A0812C
S31533D05B20FF1001820500A0810FE0A0810CF094858F
S31533D05B300500A0E10610A0E30FE0A0E130F094E534
S31533D05B40600056E3F084BD080800008A100056E39F
S31533D05B50F084BD080200008A000056E32400000A10
S31533D05B602F0000EA150056E3F084BD082C0000EA76
S31533D05B70800056E3F084BD080200008A700056E3F5
S31533D05B80F084BD08260000EAD00056E3F084BD0881
S31533D05B90FF0056E32200001A343094E5000053E375
S31533D05BA02500001A640094E55FECFFEB0500A0E115
S31533D05BB00310A0E30FE0A0E130F094E50500A0E1B7
S31533D05BC07010A0E30FE0A0E10CF094E50500A0E15E
S31533D05BD00410A0E30FE0A0E130F094E50500A0E196
S31533D05BE00FE0A0E108F094E5400010E3FAFFFF0A96
S31533D05BF0F084BDE80500A0E10310A0E30FE0A0E1F7
S31533D05C0030F094E50500A0E13010A0E30FE0A0E139
S31533D05C100CF094E50500A0E10410A0E30FE0A0E179
S31533D05C2030F094E5343094E5000053E30200001AA3
S31533D05C30640094E5F044BDE83BECFFEA0100A0E311
S31533D05C4039ECFFEB0500A0E10FE0A0E134F094E5A9
S31533D05C50000050E3FAFFFF0AF084BDE8030052E3B5
S31533D05C6070402DE90050A0E10140A0E1A8609F1516
S31533D05C700B00001A883091E5200013E39C609FE532
S31533D05C800020E0130000A0117110A0130700001AF2
S31533D05C90030000EA88009FE5993800EB0000A0E3C3
S31533D05CA07080BDE80020E0E30500A0E17010A0E3EA
S31533D05CB00230A0E10FE0A0E138F094E5F5EBFFEB4D
S31533D05CC00000A0E30FECFFEB060050E10500A0E1A6
S31533D05CD0EFFFFF8A343094E5000053E30400000A23
S31533D05CE00FE0A0E103F0A0E1000050E3F3FFFF0A99
S31533D05CF0040000EA0500A0E10FE0A0E108F094E546
S31533D05D00400010E3EDFFFF0A0500A0E10FE0A0E16C
S31533D05D1008F094E5FF0000E27080BDE850D6DC0190
S31533D05D2040BE4025E450D233F04E2DE990D04DE2EB
S31533D05D303C7190E500A0A0E1080090E54C308DE5AC
S31533D05D400260A0E10150A0E14C209DE56C1087E2C2
S31533D05D500A0011E8013043E002B095E00120A0E318
S31533D05D601233A0E1013043E200C0A6E20010A0E333
S31533D05D7038208DE518308DE5012042E2B8309DE5E7
S31533D05D8034208DE530208DE52C208DE501005CE186
S31533D05D90012082E2BC909DE524308DE510208DE53F
S31533D05DA0020000CA0600001A00005BE10400009A24
S31533D05DB02C109DE5B0309DE51500E0E3001083E56A
S31533D05DC08A0100EA000059E32C908A02003099E523
S31533D05DD0020053E3A0909705003099E5000053E3D2
S31533D05DE05420971520308D0520208D150610A0E12F
S31533D05DF00500A0E1742097E5495F00EB0140A0E1AF
S31533D05E000030A0E13C308DE50010A0E10A00A0E1DE
S31533D05E100FE0A0E124F097E5682097E50610A0E1DE
S31533D05E200500A0E13E5F00EB44008DE510309AE5E6
S31533D05E3008308DE544109DE5982097E5013043E24F
S31533D05E40053003E0025001E0482089E248308DE541
S31533D05E501C208DE5583097E520009DE540308DE503
S31533D05E60000050E35C0097E514008DE50200000A8C
S31533D05E70883097E5020813E30100000A0010A0E347
S31533D05E8010108DE514209AE5883097E50C208DE5F2
S31533D05E90020813E3043099154C009DE502206310B4
S31533D05EA034309DE50C208D15000053E14601002A90
S31533D05EB048109DE50020A0E3000051E304208DE592
S31533D05EC00B00001A4C009DE534109DE508209DE566
S31533D05ED0003061E0020053E10500003AB4009DE59D
S31533D05EE00130A0E3010080E004308DE528008DE554
S31533D05EF0010000EA781097E528108DE59C3097E5B8
S31533D05F0044209DE5B8009DE5030052E100005003DF
S31533D05F100040A0130140A0030700001A04109DE5EA
S31533D05F20000051E3E300000A28009DE5781097E599
S31533D05F3008209DE5B24E00EBD70000EA38209DE528
S31533D05F40000052E30600000A0530A0E10A00A0E1C2
S31533D05F500410A0E10420A0E10FE0A0E138F097E5EA
S31533D05F6038408DE5B8309DE5000053E30400000A90
S31533D05F70003099E5020053E30100000A040053E3ED
S31533D05F800300001A783097E508009DE5003083E0AA
S31533D05F9024308DE520109DE5000051E3604097E530
S31533D05FA00200000A010051E30600000A1B0000EA92
S31533D05FB00A00A0E128109DE508209DE50FE0A0E179
S31533D05FC01CF097E54B0000EA0A00A0E128109DE5C6
S31533D05FD008209DE50FE0A0E11CF097E50050A0E343
S31533D05FE0000054E305B0A0E14200000A28309DE515
S31533D05FF070208DE2052082E00B1083E00A00A0E109
S31533D060000FE0A0E140F097E540009DE5014054E232
S31533D06010035085E200B08BE0F3FFFF1A350000EA78
S31533D060200050A0E3000054E305B0A0E13100000AEC
S31533D0603024108DE2060091E8051081E00B6082E0F2
S31533D0604000108DE50A00A0E10010A0E30FE0A0E137
S31533D0605048F097E540209DE50A00A0E10610A0E17F
S31533D060600FE0A0E11CF097E510309DE570208DE26E
S31533D06070000053E30A00A0E10210A0E3052082E03A
S31533D060801200001A0FE0A0E148F097E50A00A0E12C
S31533D0609000109DE514209DE50FE0A0E11CF097E5B7
S31533D060A050308DE2053083E00610A0E100209DE527
S31533D060B00A00A0E10FE0A0E144F097E5010070E3D8
S31533D060C02C009D05010080022C008D05030000EACB
S31533D060D00610A0E10A00A0E10FE0A0E140F097E579
S31533D060E014109DE540209DE5014054E2015085E0F2
S31533D060F002B08BE0CDFFFF1A0C309DE514109AE534
S31533D0610024009DE5011063E0011080E00320A0E177
S31533D061100A00A0E10FE0A0E11CF097E510109DE551
S31533D06120000051E33100000A043099E50060A0E362
S31533D06130030056E10900002A50208DE21C009DE56C
S31533D0614024109DE5063190E70330D1E70130C2E420
S31533D06150043099E5016086E2030056E1F6FFFF3A53
S31533D06160603097E50060A0E3030056E10650A0E126
S31533D0617006B0A0E11D0000AA28009DE550208DE28F
S31533D0618070308DE20B1080E0062082E0063083E05B
S31533D061900A00A0E10FE0A0E144F097E5B8109DE501
S31533D061A040209DE514309DE5000051E302B08BE0ED
S31533D061B0036086E00500000A003099E5010053E319
S31533D061C014309A0524109D050330810005018307C9
S31533D061D0010070E32C209D05012082022C208D05F1
S31533D061E0603097E5015085E2030055E1E0FFFFEAE1
S31533D061F0B8309DE5000053E32700000A003099E517
S31533D06200020053E30800000A0500008A010053E375
S31533D062106030970524109D050311810024108D0518
S31533D06220190000EA040053E31700001A18309AE530
S31533D062300060A0E3030056E10E00002A0950A0E126
S31533D06240081085E2120091E824009DE5B8209DE53B
S31533D0625030309DE5011080E0030082E00420A0E1D8
S31533D06260E74D00EB18309AE5046086E0030056E13B
S31533D06270085085E2F1FFFF3A18309AE530009DE5B4
S31533D06280030080E030008DE5030000EA14309AE550
S31533D0629024209DE5032082E024208DE504309DE53E
S31533D062A0000053E310309A1534009D150300801047
S31533D062B034008D151600001A48609DE508009DE51B
S31533D062C034109DE54C209DE5000056E10030A0A367
S31533D062D00130A0B3020051E10030A023000053E3D4
S31533D062E00900000A28009DE534109DE50630D0E735
S31533D062F0B4209DE50230C1E708009DE5011081E267
S31533D06300016086E234108DE5EDFFFFEA44309DE53A
S31533D063109C3087E5343097E5000053E30200001A0A
S31533D06320640097E580EAFFEB040000EA0A00A0E1B7
S31533D063300FE0A0E134F097E5000050E3FAFFFF0A0F
S31533D0634034109DE54C209DE5020051E11E00000A34
S31533D0635044009DE5983097E5010080E20010A0E334
S31533D06360035010E044008DE548108DE50A00001A3D
S31533D063703C209DE5012082E20A00A0E1011041E2F2
S31533D063803C208DE50FE0A0E124F097E50A00A0E1AB
S31533D063903C109DE50FE0A0E124F097E5883097E5F2
S31533D063A0010013E30200001A18309DE5030015E10E
S31533D063B00100001A0100A0E338008DE534109DE5C5
S31533D063C04C209DE5020051E1B7FEFFEA0A00A0E179
S31533D063D09EFBFFEB34009DE5B0309DE5000083E5B1
S31533D063E02C109DE5000051E30100A0E14900E013F4
S31533D063F090D08DE2F08EBDE804E02DE510D04DE29D
S31533D0640014E09DE500E08DE518E09DE500C0A0E3FE
S31533D0641004E08DE50CC08DE508C08DE541FEFFEB7C
S31533D0642010D08DE20080BDE8F04E2DE93C6190E589
S31533D064300070A0E16C0086E2014010E800E04EE047
S31533D064400250A0E10140A0E100C0E0E314D04DE218
S31533D06450682096E51CCEE0E10510A0E10400A0E16A
S31533D0646008C08DE510308DE5AD5D00EB742096E533
S31533D064700090A0E10510A0E10400A0E1A85D00EBF7
S31533D0648034109DE50C008DE500C0A0E3143097E5BC
S31533D0649000C081E510E09DE5082097E50E0094E035
S31533D064A00010A5E202A0A0E100B0A0E3013043E2A0
S31533D064B00B0051E103008DE8045003E0020000CA1B
S31533D064C00500001A0A0050E10300009A34109DE506
S31533D064D01500E0E300C081E54E0000EA0700A0E1F5
S31533D064E00C109DE50FE0A0E124F096E5983096E5C3
S31533D064F00520A0E1033009E00700A0E15010A0E366
S31533D065000FE0A0E138F096E510209DE500A0A0E39A
S31533D0651002005AE13900002A144097E510309DE540
S31533D0652038E09DE5044065E0040053E10340A0B173
S31533D065300A108EE00700A0E10420A0E10FE0A0E12D
S31533D065401CF096E5343096E5000053E304A08AE098
S31533D065500200001A640096E5F3E9FFEB040000EA83
S31533D065600700A0E10FE0A0E134F096E5000050E358
S31533D06570FAFFFF0A10009DE500005AE11F00002AFA
S31533D06580983096E5019089E2030019E10050A0E3F3
S31533D065900A00001A0C109DE5011081E20C108DE52E
S31533D065A00700A0E10010E0E30FE0A0E124F096E588
S31533D065B00700A0E10C109DE50FE0A0E124F096E5AD
S31533D065C0883096E5010013E30200001A08209DE5D2
S31533D065D0020019E10600001A983096E50700A0E1CB
S31533D065E0033009E05010A0E30520A0E10FE0A0E18D
S31533D065F038F096E510309DE503005AE1C4FFFFEA43
S31533D066000700A0E111FBFFEB10009DE534E09DE5DB
S31533D0661000008EE50000A0E314D08DE2F08EBDE805
S31533D06620F04E2DE93C7190E568A097E518D04DE250
S31533D066300350A0E10240A0E10090A0E10A20A0E1FE
S31533D0664014108DE50510A0E10400A0E1345D00EB14
S31533D0665010008DE50510A0E10400A0E1742097E584
S31533D066602F5D00EB6C3097E50110A0E338609DE5E4
S31533D06670082099E50C108DE503306AE006A094E046
S31533D0668000B0A5E21133A0E10240A0E10050A0E36F
S31533D06690101089E2060091E8022081E0013043E20E
S31533D066A004208DE505005BE10020A0E300308DE5C5
S31533D066B008208DE5020000CA0300001A04005AE10F
S31533D066C00100009A1500E0E33B0000EA0010A0E198
S31533D066D00900A0E10FE0A0E124F097E53C309DE539
S31533D066E0036096E03100000A0C109DE5000051E3BB
S31533D066F00700000A10209DE5983097E50010A0E3F7
S31533D06700033002E00900A0E10120A0E10FE0A0E1CF
S31533D0671038F097E514309DE508209DE50900A0E1D2
S31533D06720021083E004209DE50FE0A0E11CF097E54D
S31533D06730343097E508109DE510209DE5000053E3EE
S31533D0674004309DE5012082E2031081E0066063E0E8
S31533D067500030A0E308108DE510208DE50C308DE5A3
S31533D067600200001A640097E56FE9FFEB040000EAF4
S31533D067700900A0E10FE0A0E134F097E5000050E343
S31533D06780FAFFFF0A883097E5010013E30300001AB6
S31533D0679010109DE500209DE5020011E10100001A9D
S31533D067A00130A0E30C308DE5000056E3CDFFFF1A60
S31533D067B00900A0E1A5FAFFEB0000A0E318D08DE2E3
S31533D067C0F08EBDE8F04E2DE9006051E20160A013A2
S31533D067D008D04DE2000053E30060A01304208DE5CA
S31533D067E0000056E300B0A0E13C5190E50170A0E142
S31533D067F00340A0E128A09DE50100A0113500001A81
S31533D06800803095E5000053E30800000A6C2085E21A
S31533D068100C0012E8023043E014209BE57C0095E56A
S31533D068201223A0E1FF10A0E3614C00EB806085E535
S31533D06830000057E3000054130130A0030000A01327
S31533D068400100A003803085057C0095052100000A20
S31533D068500130A0E301A04AE2803085E500008DE522
S31533D0686001007AE31A00000A18309BE50090A0E3C2
S31533D06870030059E10F00002A04609DE5080096E530
S31533D0688000209DE50C4096E57C3095E5000082E00E
S31533D06890000083E00710A0E10420A0E1584C00EBC0
S31533D068A018309BE5049089E0030059E1047087E002
S31533D068B0086086E2F0FFFF3A18309BE500209DE56D
S31533D068C001A04AE2032082E001007AE300208DE57D
S31533D068D0E3FFFFEA7C0095E508D08DE2F08EBDE884
S31533D068E0F04E2DE90060A0E13C5190E568D04DE201
S31533D068F00000A0E330008DE588E09DE56C4085E26D
S31533D06900101014E804C04CE000008EE5080096E57C
S31533D0691003A091E040408DE2060084E800B0A2E2C5
S31533D069203C308DE530209DE503E0A0E10010A0E3B7
S31533D069300130A0E3133CA0E101005BE11C308DE5CF
S31533D069400470E0E334208DE528208DE50F0000CAAE
S31533D069500100001A00005AE10C00008A103096E587
S31533D0696040C08DE2012043E218009CE80040A0E30A
S31533D06970023003E0043093E10200001A3CE09DE597
S31533D0698002001EE10300000A24059FE55C3500EBC7
S31533D069901500E0E3440100EA40308DE2742095E5FA
S31533D069A0030093E85E5C00EB0140A0E10030A0E148
S31533D069B02C308DE50010A0E10600A0E10FE0A0E178
S31533D069C024F095E50600A0E1FFFAFFEB000050E393
S31533D069D03201001A94409DE5000054E32CC0860260
S31533D069E094C08D0594E09DE500309EE5020053E3D7
S31533D069F0A000950594008D050110A00328108D05B0
S31533D06A0094209DE5003092E568C095E5040053E3C4
S31533D06A103C309DE528E09DE540408DE20C20A0E159
S31533D06A2001E0A00333CCA0E1030094E828E08DE560
S31533D06A3024C08DE53A5C00EB9C2095E5020050E10D
S31533D06A4000B0A0E1040000CA24409DE5043080E0C4
S31533D06A50030052E10030E0B39C3085B5983095E5EC
S31533D06A601CC09DE503B00BE01CE09DE501C04CE2B4
S31533D06A7018C08DE524409DE50CC00BE00EC06CE00C
S31533D06A800600A0E190108DE2060091E828309DE50E
S31533D06A900C0054E100408DD500C08DC548FFFFEBC7
S31533D06AA030C09DE53CE09DE520008DE538B08DE5E1
S31533D06AB00E005CE1F300002A8C009DE530109DE595
S31533D06AC0013080E0843085E594209DE520409DE5F6
S31533D06AD034C09DE5003092E50C4084E014408DE51A
S31533D06AE0000053E354E095150020A0E310308D0514
S31533D06AF010E08D1508208DE50600A0E18010A0E3C7
S31533D06B000B30A0E160A095E50FE0A0E138F095E534
S31533D06B1010009DE594109DE508209DE5481081E24F
S31533D06B20000050E30C108DE504208DE51C00000ADF
S31533D06B30010050E32000001A00005AE31800000A7F
S31533D06B40841095E508309DE50600A0E1031081E079
S31533D06B5048208DE20FE0A0E140F095E50240A0E376
S31533D06B6048108DE204C09DE50CE09DE50130D1E4BB
S31533D06B700C219EE714009DE501C08CE2014054E21E
S31533D06B800230C0E704C08DE5F5FFFF5A583095E59E
S31533D06B9008109DE501A05AE2031081E008108DE577
S31533D06BA0E6FFFF1A0600A0E1841095E5102096E59E
S31533D06BB00FE0A0E118F095E5310000EA00005AE382
S31533D06BC05C7095E52E00000A0600A0E10110A0E323
S31533D06BD00FE0A0E148F095E508209DE5841095E5D2
S31533D06BE00600A0E1021081E0582095E50FE0A0E140
S31533D06BF018F095E5841095E508309DE548908DE2FB
S31533D06C00031081E00600A0E10920A0E10040A0E313
S31533D06C100FE0A0E140F095E5070054E10B0000AA60
S31533D06C200910A0E104C09DE50CE09DE50130D1E427
S31533D06C300C219EE7014084E214009DE501C08CE22D
S31533D06C40070054E10230C0E704C08DE5F4FFFFBA44
S31533D06C50883095E5020813E30910A0110600A01178
S31533D06C600720A0110FE0A01118F09515583095E5EF
S31533D06C7008109DE501A05AE2031081E008108DE596
S31533D06C80D0FFFF1A883095E5020813E30600000AD1
S31533D06C9094209DE514309DE5041092E5142096E5B5
S31533D06CA0022061E0011083E0050000EA10409DE543
S31533D06CB0000054E3142096E510409D050400000AE5
S31533D06CC014109DE50600A0E10FE0A0E118F095E59C
S31533D06CD0180000EA020054E11600002A14C09DE5DC
S31533D06CE00430DCE7FF0053E301408402F8FFFF0AA8
S31533D06CF0020054E10F00002AB8019FE50B10A0E142
S31533D06D007F3400EB143096E50040A0E3030054E122
S31533D06D100600002A14E09DE59C019FE50410DEE7CA
S31533D06D20773400EB143096E5014084E2F6FFFFEA80
S31533D06D3088019FE5723400EB0020E0E30230A0E116
S31533D06D400600A0E11010A0E30FE0A0E138F095E5FE
S31533D06D500600A0E10510A0E10220A0E30FE0A0E1F8
S31533D06D603CF095E5010010E30070A0030470E01306
S31533D06D70000057E34900001A103096E530009DE500
S31533D06D80030080E030008DE534209DE5143096E560
S31533D06D903C109DE5032082E0010050E134208DE59F
S31533D06DA03800000A18309DE501B08BE203001BE1B1
S31533D06DB03000001A8CC09DE528409DE584C085E51A
S31533D06DC088E09DE500008EE590009DE5000054E314
S31533D06DD01820961514209605000050E338109D15CB
S31533D06DE00B3061109203201038209DE590008D151D
S31533D06DF024409DE50B3062E098C095E5044063E0CE
S31533D06E000130A0E324408DE5803085E50CB00BE02E
S31533D06E101CC09DE50600A0E190108DE2060091E8F6
S31533D06E2028309DE504005CE100C08DD500408DC58A
S31533D06E3063FEFFEB00E0A0E300005BE320008DE5CB
S31533D06E4038B08DE534E08DE50A00001A2C009DE587
S31533D06E50010080E22C008DE50010E0E30600A0E1CE
S31533D06E600FE0A0E124F095E50600A0E12C109DE5D6
S31533D06E700FE0A0E124F095E530109DE53C209DE56B
S31533D06E80020051E10AFFFFEA8C309DE5843085E577
S31533D06E9030C09DE588409DE500C084E50070A0E311
S31533D06EA00600A0E1E9F8FFEB0700A0E168D08DE258
S31533D06EB0F08EBDE8F050D2332851D2334C51D23341
S31533D06EC080A9D23304E02DE510D04DE214E09DE510
S31533D06ED000E08DE518E09DE500C0A0E304E08DE544
S31533D06EE00CC08DE508C08DE57CFEFFEB10D08DE26E
S31533D06EF00080BDE8F04E2DE90070A0E1080090E5A2
S31533D06F000260A0E10150A0E1032091E00390A0E11B
S31533D06F100010A0E30030A6E204D04DE2010053E1E5
S31533D06F2024B09DE53CA197E5020000CA0500001ABE
S31533D06F30000052E10300009A1500E0E39C0000EA1A
S31533D06F400400E0E39A0000EA0030A0E368E09AE573
S31533D06F5010C097E500308BE555EEA0E101C04CE289
S31533D06F6074209AE50610A0E10500A0E100E08DE596
S31533D06F7005500CE0EA5A00EB0120A0E10010A0E165
S31533D06F800700A0E10FE0A0E124F09AE50700A0E1E5
S31533D06F908DF9FFEB000050E38200001A00309BE5F9
S31533D06FA0090053E17D00002A102097E5093085E0AA
S31533D06FB0020053E10E00003A0540A0E1020055E14C
S31533D06FC00060A0E31A00002A00309BE528109DE527
S31533D06FD0013083E00620D3E778309AE50420C3E73F
S31533D06FE0103097E5014084E2030054E1016086E234
S31533D06FF0F3FFFFEA00209BE5020059E10540A0E10B
S31533D070000060A0E30A00000A28C09DE50C3082E078
S31533D070100620D3E778309AE50420C3E700209BE5F2
S31533D07020016086E2093062E0030056E1014084E232
S31533D07030F4FFFF3A101087E20A0091E8033081E07B
S31533D07040104097E5030054E10700002A78309AE5DB
S31533D070500020E0E30420C3E7102087E20C0092E857
S31533D07060033082E0014084E2F5FFFFEA0040A0E33B
S31533D07070050054E178209AB50030E0B30430C2B776
S31533D07080014084B2F9FFFFBA00309BE5102097E573
S31533D07090093063E0033085E0020053E10900002A6A
S31533D070A0064085E0020054E10600002A78309AE59E
S31533D070B00020E0E30420C3E7103097E5014084E2B3
S31533D070C0030054E1F7FFFFEA4EC4A0E304309CE556
S31533D070D0103083E304308CE504309CE52030C3E3B1
S31533D070E004308CE500309DE50700A0E18010A0E3A5
S31533D070F00020A0E30FE0A0E138F09AE50700A0E145
S31533D0710078109AE5102097E50FE0A0E118F09AE5CC
S31533D071104E14A0E3043091E5203083E3043081E587
S31533D071202C209DE52C3091E5003082E578309AE5F8
S31533D07130101097E50700A0E1011083E0142097E5FE
S31533D071400FE0A0E118F09AE50020E0E30230A0E1A9
S31533D071500700A0E11010A0E30FE0A0E138F09AE5E4
S31533D071600700A0E10A10A0E10220A0E30FE0A0E1DE
S31533D071703CF09AE5010010E270FFFF1A00309BE530
S31533D07180063083E000308BE5090053E100309DE5CE
S31533D071900050A0E1013083E200308DE580FFFFEA75
S31533D071A000908BE50040A0E30700A0E127F8FFEB82
S31533D071B00400A0E104D08DE2F08EBDE870402DE915
S31533D071C00060E0E30130A0E10050A0E10620A0E169
S31533D071D03C4190E56010A0E30FE0A0E138F094E5B0
S31533D071E00500A0E10620A0E1D010A0E30630A0E14F
S31533D071F00FE0A0E138F094E57080BDE8F0402DE99A
S31533D072000070E0E30060A0E13C5190E50130A0E1AD
S31533D07210014081E20720A0E16010A0E30FE0A0E1B6
S31533D0722038F095E50430A0E10600A0E10720A0E1CF
S31533D07230014084E26010A0E30FE0A0E138F095E599
S31533D072400430A0E10600A0E10720A0E1014084E2AA
S31533D072506010A0E30FE0A0E138F095E50600A0E199
S31533D072600430A0E10720A0E16010A0E30FE0A0E155
S31533D0727038F095E50600A0E10720A0E1D010A0E3D1
S31533D072800730A0E10FE0A0E138F095E5F080BDE816
S31533D07290F04E2DE93C4190E56C3094E50150A0E3B6
S31533D072A004E091E51533A0E10160A0E1011043E29A
S31533D072B008D04DE201001EE10070A0E104208DE537
S31533D072C00600001A083096E5010013E10300001AD0
S31533D072D0082090E50E3083E0020053E10100009A96
S31533D072E01500E0E3610000EA0030E0E30C3086E5D8
S31533D072F0742094E568C094E56C3094E53E92A0E171
S31533D0730003306CE00910A0E115B3A0E13E5CA0E1F7
S31533D073100FE0A0E124F094E50700A0E1AAF8FFEB53
S31533D07320000050E30B00000A020000EA0510A0E18A
S31533D0733040019FE5F23200EB1030A0E33D0000EA86
S31533D073401030A0E32830C6E5683094E51533A0E194
S31533D073500C3086E5380000EA08A096E50230A0E383
S31533D0736000005AE32830C6E53100000A682094E598
S31533D073700500A0E1C01FA0E1E25900EB04C09DE5B2
S31533D073800120A0E10010A0E10030A0E30700A0E186
S31533D0739000C08DE52DF9FFEB000050E30B2085E0DF
S31533D073A00700A0E1E0FFFF1A9C3094E5030055E1D6
S31533D073B0020000CA020053E10030E0B39C3084B5FA
S31533D073C0981094E5011005E00FE0A0E14CF094E578
S31533D073D00410A0E10320A0E30700A0E10FE0A0E171
S31533D073E03CF094E5010010E30010E0E30120A0E384
S31533D073F00700A0E1D1FFFF1A6C3094E512A35AE00F
S31533D074000B5085E00A00000A983094E5030015E165
S31533D07410D5FFFF1A029089E00FE0A0E124F094E57E
S31533D074200700A0E10910A0E10FE0A0E124F094E534
S31533D07430CDFFFFEA0830A0E32830C6E52830D6E5BD
S31533D07440080053E30440E0130500001A203096E5D4
S31533D07450000053E30040A0E30600A0110FE0A011D3
S31533D0746003F0A0110700A0E178F7FFEB0400A0E109
S31533D0747008D08DE2F08EBDE85451D2330020A0E34C
S31533D0748082FFFFEA71F7FFEAF0402DE9083090E545
S31533D074900250A0E10140A0E10360A0E10070A0E377
S31533D074A0070055E104D04DE215C0E0E3070000CA2A
S31533D074B00130A0E30100001A060054E10300008A2C
S31533D074C000C0A0E300C08DE5E0F8FFEB00C0A0E13B
S31533D074D00C00A0E104D08DE2F080BDE8F0402DE978
S31533D074E00060A0E10250A0E10140A0E13C7190E5FB
S31533D074F0E4FFFFEB003050E20520A0E10410A0E119
S31533D075000600A0E10200000A0300A0E10000A0C3F8
S31533D07510F080BDE80FE0A0E12CF097E5F080BDE830
S31533D07520F04E2DE93C6190E5643096E508D04DE2D6
S31533D07530000053E3882096E504108DE5143083029A
S31533D0754064308605383096E5000053E314399F0509
S31533D07550383086053C3096E5000053E308399F052D
S31533D075603C308605243096E5000053E3FC389F053E
S31533D07570243086050C3096E5000053E30070A0E145
S31533D07580024002E20400001AE4289FE5E4389FE57E
S31533D07590000054E30230A0110C3086E5083096E56E
S31533D075A0000053E30400001ACC289FE5CC389FE57E
S31533D075B0000054E30230A011083086E5143096E546
S31533D075C0000053E3B8389F0514308605103096E55E
S31533D075D0000053E3AC389F0510308605283096E546
S31533D075E0000053E3A0389F05283086052C3096E526
S31533D075F0000053E394389F052C308605183096E532
S31533D07600000053E30400001A84289FE584389FE5AD
S31533D07610000054E30230A011183086E51C3096E5CD
S31533D07620000053E30400001A6C289FE56C389FE5BD
S31533D07630000054E30230A0111C3086E5203096E5A5
S31533D07640000053E30400001A54289FE554389FE5CD
S31533D07650000054E30230A011203086E5503096E551
S31533D07660000053E340389F050700A0E1503086052C
S31533D076700010A0E30FE0A0E124F096E59010A0E34C
S31533D076800020A0E30030E0E30700A0E10FE0A0E163
S31533D0769038F096E50700A0E10FE0A0E108F096E5D3
S31533D076A00030A0E10700A0E1FF9003E20FE0A0E1B4
S31533D076B008F096E5F4C79FE500309CE5000053E328
S31533D076C0FFB000E20050A0E3CA00000A0CA0A0E14C
S31533D076D00510A0E10520A0E104309AE503005BE173
S31533D076E0022082E2BB00001A243097E5000053E330
S31533D076F00C309107243087050C309AE5033AA0E154
S31533D07700943086E508309AE5000053E31B00001A1F
S31533D077100700A0E10FE0A0E108F096E50700A0E16D
S31533D077200FE0A0E108F096E5FF2000E24221A0E188
S31533D07730030000E201CBA0E31CC0A0E1031002E2B8
S31533D077400830A0E31331A0E1AC14A0E1910300E0FB
S31533D077504221A0E1031002E24221A0E1012012E24C
S31533D077600138A0E31331A0E10240A0010240A013B7
S31533D07770140087E50C3087E510C087E5070000EAAB
S31533D0778010309AE50C3087E508209AE5A232A0E18D
S31533D07790143087E5102087E514309AE5024003E2AA
S31533D077A0881096E5023001E2030054E11200000A54
S31533D077B0FC369FE524C097E5853183E00B20A0E1E5
S31533D077C0043093E50910A0E1E8069FE500C08DE5C6
S31533D077D0CB3100EB883096E5020013E30810A003D3
S31533D077E01010A013000054E30820A0031020A013D8
S31533D077F0C4069FE5C23100EB850000EA102097E539
S31533D07800000052E30100A0E30230A0011000000AC9
S31533D078100238A0E12338A0E1000053E34228A00187
S31533D078201100A003FF0012E34224A0010800800216
S31533D078300F0012E34222A00104008002030012E3B8
S31533D078404221A00102008002010012E3010080022E
S31533D078500030A0E1013043E2683086E50C2097E56D
S31533D07860000052E30100A0E30230A0011000000A69
S31533D078700238A0E12338A0E1000053E34228A00127
S31533D078801100A003FF0012E34224A00108008002B6
S31533D078900F0012E34222A00104008002030012E358
S31533D078A04221A00102008002010012E301008002CE
S31533D078B00030A0E1942096E5013043E2000052E354
S31533D078C0703086E56C3086E50100A0E30230A00146
S31533D078D01000000A0238A0E12338A0E1000053E3B8
S31533D078E04228A0011100A003FF0012E34224A001D5
S31533D078F0080080020F0012E34222A0010400800266
S31533D07900030012E34221A00102008002010012E3F8
S31533D07910010080020030A0E1013043E2743086E5C5
S31533D07920103097E5FF1CC1E3020C53E30530A09327
S31533D079300030A083FE10C1E3881086E58C3086E50F
S31533D0794078359FE514209AE5033002E0031081E1C0
S31533D07950011081E3EC0059E3881086E50300000A71
S31533D0796008309AE5000053E31C30C10388308605CE
S31533D07970883096E5400013E344359F1544359F054B
S31533D079804C3086E5103097E5020C53E30400009A69
S31533D07990D0349FE5382096E5030052E128359F054C
S31533D079A03830860508159FE5003091E50020A0E3F1
S31533D079B0000053E30F00000A823191E7090053E107
S31533D079C0012082E2E8149FE50A00000A823191E76A
S31533D079D0000053E3F6FFFFEA015085E2CCC49FE5BE
S31533D079E0053082E083319CE7000053E3181081E2FF
S31533D079F018A08AE237FFFF1AB0249FE5853085E099
S31533D07A00833192E7000053E30700001ABC049FE5A5
S31533D07A103B3100EB0700A0E10010E0E30FE0A0E13B
S31533D07A2024F096E50100A0E30C0100EA04309DE58D
S31533D07A300150A0E3030055E11E0000AA0510A0E1D2
S31533D07A400700A0E10FE0A0E124F096E50030E0E3B3
S31533D07A500700A0E19010A0E30020A0E30FE0A0E15F
S31533D07A6038F096E50700A0E10FE0A0E108F096E5FF
S31533D07A700030A0E1FF3003E2030059E10700A0E173
S31533D07A800800001A0FE0A0E108F096E5FF0000E207
S31533D07A9000005BE10300001A04309DE5015085E216
S31533D07AA0030055E1E4FFFFBA010055E320049FC537
S31533D07AB00510A0C1123100CB7C3096E5000053E3DC
S31533D07AC00C00001A6C3086E2090013E8000043E05C
S31533D07AD0143097E51300A0E1D93200EB000050E320
S31533D07AE07C0086E5EC039F051300000A883096E5C3
S31533D07AF0013183E3883086E5783096E5000053E369
S31533D07B001000001A103087E2090093E8030080E0B2
S31533D07B10CB3200EB883096E5000050E30231831345
S31533D07B20780086E5883086150600001A010113E3FE
S31533D07B307C0096153D32001B9C039FE5F03000EB5D
S31533D07B400B00E0E3C50000EA943096E5950303E0F5
S31533D07B50905086E5083087E5681096E5943096E5FB
S31533D07B603331A0E1013043E2983086E56C2096E597
S31533D07B70143097E5022061E01322A0E17C0096E52C
S31533D07B80FF10A0E38A4700EBA03096E5000053E31D
S31533D07B901200001A141097E5100051E30800000ABA
S31533D07BA00200008A080051E30300000A090000EA04
S31533D07BB0400051E30400000A060000EA1C339FE577
S31533D07BC0020000EA18339FE5000000EA14339FE53C
S31533D07BD0A03086E5010000EA0C039FE5C83000EB00
S31533D07BE0883096E5020013E3A03096E5142097E566
S31533D07BF00430930502306300013043020800000A93
S31533D07C00043093E5022063E0023042E2183087E550
S31533D07C10A03096E5043093E5010013E303304212E6
S31533D07C200000000A183087E5013CA0E3541096E5EE
S31533D07C30583086E5FD3043E25C3086E5070051E3C4
S31533D07C4001F19F97230000EAB07CD033C47CD03384
S31533D07C50E07CD033847CD033847CD033D87CD0335F
S31533D07C60847CD033687CD033101097E5020B51E344
S31533D07C70023BA0230B00002A70029FE5A03000EB15
S31533D07C80050000EA103097E5010C53E3023CA0130C
S31533D07C900400001A58029FE5993000EB0130A0E377
S31533D07CA0543086E5060000EA583086E50B0000EA04
S31533D07CB040029FE5923000EB0030A0E3543086E5A6
S31533D07CC0060000EA30329FE5403086E52C329FE518
S31533D07CD0443086E5010000EA24029FE5883000EB84
S31533D07CE0543096E5023043E2050053E303F19F97D0
S31533D07CF0190000EA307DD033307DD033247DD03374
S31533D07D005C7DD033187DD0330C7DD0335C3096E563
S31533D07D10043083E25C3086E55C3096E5023083E22C
S31533D07D205C3086E55C3096E5033083E25C3086E5BD
S31533D07D30403096E5000053E30500000A443096E51B
S31533D07D40000053E30200000A483096E5000053E3BF
S31533D07D500100001AAC019FE5693000EB583096E547
S31533D07D60203087E5543096E5070053E303F19F97E8
S31533D07D70120000EAB87DD033AC7DD033AC7DD0336E
S31533D07D80A07DD033A07DD033C07DD033A07DD0334A
S31533D07D90947DD033103097E5A335A0E1060000EAC1
S31533D07DA0103097E5A334A0E1030000EA103097E50D
S31533D07DB02334A0E1000000EA0130A0E3603086E549
S31533D07DC00040E0E30700A0E10410A0E10FE0A0E11A
S31533D07DD024F096E50430A0E39C4086E50030C7E531
S31533D07DE0C13083E2043087E5C33043E21C3087E5C4
S31533D07DF014319FE5003187E510319FE50C3187E5A6
S31533D07E000C319FE5103187E508319FE5143187E58D
S31533D07E1004319FE5183187E500319FE51C3187E57D
S31533D07E20FC309FE5203187E5F8309FE5303187E563
S31533D07E30F4309FE5343187E5F0309FE50050A0E349
S31533D07E40383187E5045187E5085187E52C0087E239
S31533D07E50A01096E5C820A0E3E94600EB0500A0E1E3
S31533D07E6008D08DE2F08EBDE86458D0335C5CD03325
S31533D07E70DC52D033A052D0337852D0338C52D03325
S31533D07E806852D033C452D033B452D033AC54D03307
S31533D07E90B457D033E853D0334053D0332054D03380
S31533D07EA07453D0335854D033A053D033B896D03309
S31533D07EB008D0D233D0CFD2339051D233D051D2332C
S31533D07EC0FEFF0000FC71D033BC71D0334C5AD03363
S31533D07ED0F451D2331052D2332852D2335052D233C2
S31533D07EE0C8CED23300CED23338CDD2337852D23342
S31533D07EF0A052D233E852D2333053D233707FD033C9
S31533D07F008480D0337453D2339053D2337C74D033BA
S31533D07F10F863D033C46ED033285DD033E068D033F2
S31533D07F202864D0330856D0338474D0338874D0335E
S31533D07F30DC74D03310402DE93C4190E5A40094E570
S31533D07F40000050E33931001B883094E5010113E347
S31533D07F507C0094153531001B883094E5000053E30B
S31533D07F601080BDA8780094E51040BDE82F3100EAE3
S31533D07F70F0402DE90200A0E10060A0E30260C0E545
S31533D07F800160C0E50060C0E50640A0E10670A0E11F
S31533D07F9006C0A0E10C20D1E7E0309FE50220D3E73D
S31533D07FA00C30E0E1400012E303E026E00C3027E06A
S31533D07FB001C08CE23F2002E2FF700312FF600E1243
S31533D07FC0FF005CE3024024E0F1FFFFDA00E0A0E3F8
S31533D07FD080C0A0E30C20A0E10E50A0E10E30A0E18A
S31533D07FE00C0017E102508511013083E2A220A0E1C3
S31533D07FF00C0016E1021085E1FF3003E2FF50011287
S31533D08000030053E3ACC0A0E1A220A0E1F3FFFF9A73
S31533D080108020A0E30030A0E30C0017E102E08E11FC
S31533D08020013083E2A220A0E10C0016E102108EE1EA
S31533D08030FF3003E2FFE00112030053E3ACC0A0E10B
S31533D08040A220A0E1F3FFFF9A0050C0E501E0C0E5DE
S31533D080500020D0E50110D0E50430E0E10331A0E1D2
S31533D080600220E0E10110E0E1033083E30230C0E5E2
S31533D080700020C0E50110C0E50000A0E3F080BDE8E4
S31533D080802C3DD233F0462DE90370A0E10100D3E580
S31533D0809000A0D3E500E0D2E50130D2E50260A0E11D
S31533D080A002C0D7E50220D2E5035020E00E402AE0C5
S31533D080B002C02CE0053084E103009CE10190A0E1BD
S31533D080C0F086BD08A43024E0A52025E055E003E2B0
S31533D080D0550002E2AC302CE055005EE35500500338
S31533D080E0542003E22800001A540052E32600001A23
S31533D080F02C2082E20010A0E302E0A0E10130A0E11F
S31533D08100013083E2020014E1FF3003E20E10811115
S31533D08110030053E32221A0E1AEE0A0E1F7FFFF9ABB
S31533D081208020A0E30030A0E3013083E2020015E1E2
S31533D08130FF3003E20E108111030053E32221A0E175
S31533D08140AEE0A0E1F7FFFF9A0040A0E30400A0E33E
S31533D081508020A0E30430A0E1013083E202001CE1A9
S31533D08160FF3003E200408411020053E32221A0E121
S31533D08170A000A0E1F7FFFF9A01E0D9E70100A0E321
S31533D0818010342EE00130C9E7F086BDE8000054E361
S31533D081900030A0E30400000A010014E3012083E297
S31533D081A0FF300212A440B0E1FAFFFF1A000055E3C4
S31533D081B00400000A010015E3012083E2FF300212E6
S31533D081C0A550B0E1FAFFFF1A00005CE30400000AC1
S31533D081D001001CE3012083E2FF300212ACC0B0E1D0
S31533D081E0FAFFFF1A010053E300A0C6050130D705C5
S31533D081F00130C6050230D7050200A0030000E013D4
S31533D082000230C605F086BDE870402DE9005093E5BF
S31533D082100340A0E1083093E5020B15E303E082E097
S31533D082200160A0E10700000A00C0A0E30E005CE1C4
S31533D08230040000AA0C30D0E7FF0053E301C08CE230
S31533D08240F9FFFF0A180000EA141094E500C0A0E342
S31533D0825001005CE10E0080E0070000AA203094E5EF
S31533D082600C20D3E70C30D0E7020053E101C08CE2C7
S31533D082700D00001A01005CE1F6FFFFEA143094E5F5
S31533D08280020B15E303E08EE0030080E00800000A1A
S31533D082900EC0A0E106005CE1050000AA0130D0E4AF
S31533D082A0FF0053E301C08CE2F9FFFF0A0000E0E39D
S31533D082B07080BDE80000A0E37080BDE8F04E2DE9B4
S31533D082C02CD04DE24CC09DE5930C0CE024008DE5CB
S31533D082D03C6190E54C009DE520108DE50030E0E320
S31533D082E01330E0E1FF3003E20200A0E1C01FA0E18A
S31533D082F0682096E5CC91A0E114308DE5015600EB9C
S31533D08300000059E301B0A0E100A0A0E10070A0E3E2
S31533D083106500000A20109DE528308DE2702096E561
S31533D0832000308DE50030A0E30A008DE9013083E2D9
S31533D083301332A0E1A02096E5090053E10350A031D2
S31533D083400950A0210C208DE524009DE50B20A0E11A
S31533D083500A10A0E10530A0E10FE0A0E114F190E5D9
S31533D08360004050E2080000AA28309DE5050053E1CD
S31533D083700300000A3C019FE5E12E00EB0400A0E1A7
S31533D083804A0000EA30019FE5DD2E00EB0020A0E362
S31533D08390050052E11C208DE53F00002A1CC09DE527
S31533D083A020309DE50C30D3E700C0A0E310308DE507
S31533D083B018C08DE514009DE510109DE518209DE578
S31533D083C0514200E0000054E12900000A54109DE5E3
S31533D083D050C09DE5C730A0E1000051E30C2183E0C6
S31533D083E0D8009FE51000000A010054E10C3183E038
S31533D083F00D00001A701096E5C4009FE51311A0E165
S31533D08400BF2E00EB50209DE5A41096E5C7C1A0E161
S31533D08410011082E00C30D1E7060007E20220A0E358
S31533D08420123083E10C30C1E7110000EA701096E5C3
S31533D084301211A0E1B22E00EBA43096E550C09DE5E3
S31533D08440000054E303E08CE003008CE0C711A0E1D5
S31533D084500130DE070130D01706C007E20320A00370
S31533D084600120A013123C8301123C83110130CE0775
S31533D084700130C01718009DE54C109DE5010080E012
S31533D08480070050E318008DE5027087E2C8FFFFDAA4
S31533D084901C209DE5012082E2BCFFFFEA05A09AE0CD
S31533D084A000B0ABE2059059E099FFFF1A0000A0E384
S31533D084B02CD08DE2F08EBDE80458D2333058D23337
S31533D084C06458D2338858D233F04E2DE90260A0E1C6
S31533D084D014D04DE2002092E510108DE5800012E3E2
S31533D084E00F2002E23C4190E500A0A0E103B0A0E129
S31533D084F00050A0E30C208DE51D00000A903094E5A2
S31533D085000590A0E1030055E10570A0E1260000AA4D
S31533D0851001007BE307005B11073186E00A00A0E157
S31533D0852010109DE5017087E20A00001A94C094E5D5
S31533D08530042093E5703094E51CE096E53C33A0E116
S31533D085400CC09DE500428DE900C08DE55AFFFFEBA7
S31533D08550005050E21200001A703094E5902094E522
S31533D08560941094E5023083E2020057E1319389E0E7
S31533D08570E5FFFFEA70C094E5083090E51CE096E558
S31533D08580333CA0E10CC09DE5042096E504508DE53F
S31533D0859000C08DE508E08DE547FFFFEB005050E294
S31533D085A00100000A0500A0E1000000EA0000A0E3C4
S31533D085B014D08DE2F08EBDE8F04E2DE924D04DE2C5
S31533D085C01C208DE5002092E520108DE5010B12E3BA
S31533D085D00090A0E10310A0E13C5190E50500000ADC
S31533D085E0682095E5703095E5033062E00120A0E34D
S31533D085F012B3A0E1020000EA010912E301B0A003ED
S31533D0860002B0A013102089E20C0092E8920B00E05E
S31533D08610930B04E0032082E0010071E30C008DE577
S31533D0862008408DE518208DE50900001A703095E5A0
S31533D08630082099E5013043E23273A0E10000A0E38C
S31533D086400020A0E30010A0E310308DE2060083E8CB
S31533D08650120000EA902095E5020051E1040000BAF9
S31533D08660F8009FE5011081E224D08DE2F04EBDE8CB
S31533D08670232E00EA703095E5942095E5013043E218
S31533D086803273A0E1970100E01033A0E10310A0E1EB
S31533D08690C12FA0E110408DE2060084E8007087E058
S31533D086A00060A0E1070056E12A0000AA10C08DE28F
S31533D086B00C009CE80C409DE508C09DE50900A0E17F
S31533D086C020109DE500A0A0E310108DE8D3F7FFEB83
S31533D086D00B005AE1140000AA20409DE50400A0E126
S31533D086E018109DE5102099E51C309DE5C5FEFFEBAE
S31533D086F0000050E318009DE501A08AE2004084E0F3
S31533D087000700000AA4C095E5C601A0E10030DCE736
S31533D08710061006E20320A0E3123183E10030CCE722
S31533D08720010000EA0B005AE1EBFFFFBA702095E562
S31533D087300130A0E31302A0E110308DE2180093E8A4
S31533D08740001093E0C02FA4E0026086E210408DE2A1
S31533D08750060084E8D2FFFFEA24D08DE2F08EBDE85E
S31533D08760B458D233F04E2DE920D04DE200C092E545
S31533D087701C108DE50260A0E1102080E2060092E85D
S31533D08780021081E010108DE53C4190E510301CE2AB
S31533D0879008309015702094153332A01101904312BE
S31533D087A00110A0030030E01314308D1514108D054D
S31533D087B00390A00180001CE394309415702094E587
S31533D087C03332A011902094150130A00318208D1583
S31533D087D018308D0518109DE50130431200A0A0E363
S31533D087E00390091001005AE10050A0E1510000AACC
S31533D087F0183096E50010A0E30A21A0E1030051E139
S31533D0880006308AE00C308DE508208DE50030E0E384
S31533D08810062082E0043082E50C209DE501B0A0E14C
S31533D088201010C2E5280000AA0970A0E1702094E5A3
S31533D0883010C085E200509CE81722A0E1C23FA0E1E8
S31533D088401C109DE50500A0E100508DE873F7FFEBD2
S31533D088501C009DE510109DE5102095E50630A0E16E
S31533D0886068FEFFEB000050E301B08BE21100001A33
S31533D08870001096E5683094E5702094E5010C11E349
S31533D0888008109DE5022063E01722A0E1063081E08F
S31533D08890042083E50C00000A103095E51C109DE5C5
S31533D088A00C2096E5013083E00230D3E70C209DE5EA
S31533D088B01030C2E5040000EA183096E503005BE1D8
S31533D088C014309DE5037087E0D7FFFFBA18109DE5C6
S31533D088D001A08AE2942094E5703094E501005AE100
S31533D088E0329389E0C1FFFFBA00A0A0E301005AE179
S31533D088F0100000AA0A3186E0043093E5010073E311
S31533D089003C009FE50A10A0E106208AE00100001A58
S31533D089107B2D00EB030000EA0310A0E11020D2E553
S31533D0892020009FE5762D00EB18209DE501A08AE245
S31533D0893002005AE1EDFFFFEA0000A0E320D08DE23A
S31533D08940F08EBDE8E858D2331059D233F04E2DE9F4
S31533D0895015DE4DE24C008DE51C00D2E54CC09DE5CD
S31533D08960000050E3FF00A0033C919CE50270A0E1E8
S31533D08970002092E520008DE50000A0E348108DE578
S31533D0898044308DE540008DE5800012E370119DE5CE
S31533D08990702099E51200000A943099E53332A0E17C
S31533D089A034308DE5010071E39010990540108D1563
S31533D089B00110811228108DE50F0000EA90059FE54E
S31533D089C04F2D00EB040000EA88059FE5000000EA4E
S31533D089D084059FE50410A0E1492D00EB0400A0E106
S31533D089E0590100EA4CC09DE508309CE50100A0E36F
S31533D089F03332A0E134308DE528008DE540109DE546
S31533D08A0028209DE5020051E14E0100AA0131A0E1B3
S31533D08A1018308DE518C09DE507308CE0040093E51A
S31533D08A20010070E33C008D153000001A003097E515
S31533D08A30100013E334309D1540109D150320A0113B
S31533D08A409123231040309D0534C09D05185097E5AA
S31533D08A500040A0E3013043129C0303000100A0037E
S31533D08A60050054E11D0000AA03C0A0E1A43099E566
S31533D08A704C21D3E703300CE28330A0E15223A0E17B
S31533D08A80032002E2010052E3014084E21000000ADF
S31533D08A9018109DE544309DE5030052E303E081E0B1
S31533D08AA00B00000A703099E5682099E544109DE5AE
S31533D08AB0033062E01C33A0E1000051E33C308DE556
S31533D08AC00A00000A04309EE53C209DE5020053E1BE
S31533D08AD00600001A050054E100C08CE0E2FFFFBA6D
S31533D08AE078049FE5062D00EB1B00E0E3160100EA80
S31533D08AF0003097E50F3003E2013043E2070053E30A
S31533D08B0003F19F973B0000EA288BD0335C8BD0336D
S31533D08B10F88BD033908BD033F88BD033F88BD0339C
S31533D08B20F88BD033C88BD03320309DE50110A0E3FA
S31533D08B300320E0E103C0A0E30700A0E30030A0E3C5
S31533D08B4030C08DE52C008DE55430CDE55620CDE5BE
S31533D08B505710CDE55510CDE5280000EA0230A0E315
S31533D08B6020109DE530308DE5023043E25430CDE5EB
S31533D08B70013083E20120E0E106C0A0E35530CDE5F4
S31533D08B80023083E22CC08DE55620CDE50B0000EACA
S31533D08B9020009DE50430A0E30020E0E10110A0E3FE
S31533D08BA02C308DE5043043E25430CDE530108DE5AD
S31533D08BB00C3083E25620CDE55530CDE5033083E214
S31533D08BC05730CDE50D0000EA20009DE50030E0E1D9
S31533D08BD000C0A0E30F20A0E35630CDE50030E0E36C
S31533D08BE030C08DE52CC08DE55520CDE55730CDE55C
S31533D08BF054C0CDE5010000EA1500E0E3D20000EA27
S31533D08C0034C09DE54C31A0E13CC09DE50C00A0E1DC
S31533D08C10C01FA0E140C09DE5930C0CE0682099E5D8
S31533D08C2024C08DE5B75300EBC820A0E301B0A0E153
S31533D08C3000A0A0E188008DE2A01099E5704300EB47
S31533D08C40003097E5024A13E20330A0E388308DE54E
S31533D08C504400000A703099E50120A0E31223A0E145
S31533D08C6048009DE50260A0E148109DE5012042E22F
S31533D08C70060080E002A0CAE1C2BFCBE150308DE21C
S31533D08C8088208DE21C008DE500308DE504108DE50E
S31533D08C9008008DE50C208DE54C009DE50B20A0E139
S31533D08CA00A10A0E10630A0E10FE0A0E114F190E57F
S31533D08CB0004050E2040000AA50309DE5060053E14F
S31533D08CC03DFFFF1A98029FE58D2C00EB684099E55E
S31533D08CD00B10A0E10A00A0E10420A0E1905300EBF1
S31533D08CE03C309DE534C09DE5035060E030009DE5D2
S31533D08CF048309DE51544A0E15C20A0E1FF10A0E308
S31533D08D00040083E038408DE5294300EB4CC09DE524
S31533D08D1014209CE5926520E0683099E548109DE5AE
S31533D08D20363365E0930202E0000081E0FF10A0E322
S31533D08D301F4300EB003097E5010C13E32A00000AFA
S31533D08D404C209DE51C109DE5143092E5931521E01A
S31533D08D5040C09DE507308CE01020D3E50C3097E545
S31533D08D600320C1E7200000EA4C009DE534109DE591
S31533D08D70103090E530C09DE5512C83E0012042E29E
S31533D08D80003063E2681099E5036002E0143090E571
S31533D08D903611A0E1936122E048009DE5FF10A0E3B0
S31533D08DA0034300EB080097E548109DE5000086E0C5
S31533D08DB0000081E0142097E5201097E5104300EBAF
S31533D08DC0003097E5010C13E338408DE50600000AF1
S31533D08DD040209DE548C09DE5073082E01010D3E5AD
S31533D08DE00C2097E50C3086E00210C3E734009DE5BE
S31533D08DF00040A0E3000054E11E0000AAA43099E558
S31533D08E0024109DE5033081E044E1D3E70350A0E35A
S31533D08E1003300EE2152E8DE2033082E030009DE52D
S31533D08E2038109DE548209DE554C0A0E1020081E08D
S31533D08E30FC1053E50C30D0E730209DE510308DE56E
S31533D08E402C309DE5032062E2143203E010209DE5F9
S31533D08E50015055E21113C2E114308DE52EE1A0E174
S31533D08E600C10C0E7014084E2E8FFFF5A34309DE569
S31533D08E70030054E1DFFFFFEA58408DE20010A0E350
S31533D08E803020A0E30400A0E1C94200EB4CC09DE5FD
S31533D08E905CA08DE558C08DE5703099E50120A0E30F
S31533D08EA01233A0E10410A0E10C00A0E160308DE5CF
S31533D08EB0F6F8FFEB004050E2C2FEFFBA48009DE51C
S31533D08EC050308DE2062080E088108DE200308DE57B
S31533D08ED008208DE50C108DE504008DE50630A0E134
S31533D08EE04C009DE50B20A0E10A10A0E10FE0A0E1F4
S31533D08EF018F190E5004050E2B4FEFFBA40209DE52C
S31533D08F00073082E01020D3E540309DE50A10A0E14A
S31533D08F10013083E24C009FE540308DE5F82B00EBF2
S31533D08F2018109DE540C09DE528009DE53C209DE584
S31533D08F30073081E000005CE1041081E2042083E550
S31533D08F4018108DE5B2FEFFBA0000A0E315DE8DE230
S31533D08F50F08EBDE84459D2338459D233AC59D23357
S31533D08F60E059D233085AD233505AD233F04E2DE950
S31533D08F703C4190E510D04DE2A43084E2080493E826
S31533D08F800270A0E10160A0E10020A0E30C208DE5C2
S31533D08F9000005AE3000053130090A0E1AC5094E59F
S31533D08FA01500E0034600000A701094E5682094E576
S31533D08FB00130A0E31331A0E1141099E55322A0E197
S31533D08FC0913220E09E2D00EB00B050E20300001A20
S31533D08FD0F4009FE5CA2B00EB0B00E0E3380000EA40
S31533D08FE000309AE5000055E30120A0030320A013F7
S31533D08FF0800013E304308DE508208DE50C009D0504
S31533D090000040E0030400000A742094E50710A0E181
S31533D090100600A0E1C25200EB0040A0E10A2080E076
S31533D090201030D2E5013083E2000055E31030C2E58B
S31533D09030052080101030D215013083121030C2156E
S31533D0904008309DE5010013E30B00000A04209DE5AB
S31533D09050010A12E30800000A0900A0E10B10A0E1CF
S31533D090600A20A0E10530A0E100408DE536FEFFEBC6
S31533D09070000050E30C008DE50E0000BA08209DE5C4
S31533D09080003055E20130A013A22013E00900000AC4
S31533D09090003095E5010A13E30600000A0900A0E182
S31533D090A00520A0E10A30A0E10B10A0E100408DE508
S31533D090B025FEFFEB0C008DE50B00A0E1DB2C00EB9E
S31533D090C00C009DE510D08DE2F08EBDE8845AD233B4
S31533D090D0F04E2DE9003091E53C4190E5800013E325
S31533D090E0702094E5083090050150A0E19010941586
S31533D090F008D04DE233A2A0010120A00394309415B9
S31533D0910000208D0500108D1500109DE533A2A011DA
S31533D091100030A0E3010053E10090A0E104308DE5A7
S31533D091204C0000AA0AB0A0E1003095E5202013E226
S31533D091300100001A010A13E31A00001A04209DE530
S31533D09140023185E0041093E5010071E33B00000A58
S31533D09150682094E5703094E5033062E051C3A0E1E2
S31533D091608CC0A0E1A40094E5CC11A0E101E0D0E716
S31533D0917006200CE20230A0E313328EE1FF2003E265
S31533D0918002005EE10120C0E72C00000A1C3095E5D1
S31533D09190000053E370109415011041121C11A01125
S31533D091A02300001A250000EA100013E304C09D05FE
S31533D091B09A0C0C00183095150BC06310183095E502
S31533D091C00060A0E3030056E10270A0E18CC0A0E1B9
S31533D091D01A0000AAA40094E5CC11A0E101E0D0E7AF
S31533D091E006200CE20230A0E313328EE1FF2003E2F5
S31533D091F00120C0E7183095E502005EE1016086E2D2
S31533D092000170A013030056E102C08CE2F0FFFFBA1F
S31533D09210000057E30900000A1C3095E5000053E3FC
S31533D092200600000A703094E502104CE2013043E276
S31533D092301113A0E1C12FA0E10900A0E14AFFFFEB52
S31533D092400A009DE8013083E2010053E104308DE515
S31533D092500AB08BE0B3FFFFBA08D08DE2F08EBDE80B
S31533D09260F04E2DE93C4190E524D04DE2082090E5EF
S31533D09270703094E520108DE5A81094E51C108DE55B
S31533D09280023083E23253A0E1AC2094E50060A0E112
S31533D092900500A0E118208DE5E92C00EB000050E362
S31533D092A0A40084E50300001AFC039FE5142B00EBDE
S31533D092B00B00E0E3FA0000EA0010A0E30520A0E1BA
S31533D092C0BB4100EB1C309DE5000053E30A00001A86
S31533D092D01C108DE2021091E83C3196E500108CE5F6
S31533D092E00600A0E1781093E520209DE50030E0E339
S31533D092F0B0FCFFEB1C009DE5E90000EA701094E565
S31533D09300682094E50130A0E31351A0E1143096E5FB
S31533D093105522A0E1935220E0C92C00EB00A050E2B5
S31533D093200600001A84039FE5F52A00EBA40094E5E2
S31533D093303E2C00EB0B00E0E3A4A084E5D80000EA92
S31533D093401C209DE5003092E5200013E33100000A5E
S31533D09350010C13E33C4196E51300000A683094E5DB
S31533D09360042092E510C086E200509CE81223A0E197
S31533D09370C23FA0E10A10A0E10600A0E100508DE87B
S31533D09380A6F4FFEB1CC09DE5103096E50C209CE58A
S31533D093900A3083E00230D3E71030CCE510039FE5B3
S31533D093A004109CE51020DCE5D52A00EB18109DE59A
S31533D093B0000051E32100000A003091E5010C13E39C
S31533D093C01E00000A683094E5042091E510C086E289
S31533D093D000509CE81223A0E1C23FA0E10A10A0E1DD
S31533D093E00600A0E100508DE88CF4FFEB18C09DE564
S31533D093F0103096E50C209CE50A3083E00230D3E773
S31533D094001030CCE5A8029FE504109CE51020DCE5AE
S31533D09410BB2A00EB090000EA0A10A0E10600A0E15E
S31533D094201C209DE5CEFCFFEB18109DE5000051E3E3
S31533D094300600A0110A10A01118209D15C8FCFF1BD9
S31533D094403C2196E5A84092E5003094E5800013E3BD
S31533D09450AC5092E5902092150300001A010000EA31
S31533D094600040A0E1830000EA0120A0E310208DE57F
S31533D0947010C09DE50030A0E30C0053E114308DE5E8
S31533D094807B0000AA0590A0E10470A0E100C094E56A
S31533D0949014109DE580001CE314309DE50010E003E5
S31533D094A000B0A0E3000055E30C108DE508B08DE590
S31533D094B00321A0E12A00000A043082E0043093E588
S31533D094C0010073E30C00001A053082E0043093E5D3
S31533D094D0010073E303B08B022700000A043082E025
S31533D094E0043093E5010073E31030D9050520A0018C
S31533D094F001B0A0031030C7052B00000A053082E037
S31533D09500043093E5010073E31030D7050420A0016E
S31533D0951002B0A0031030C9052300000A1000D7E5E6
S31533D095201010D9E5010050E10300001A010C1CE3F9
S31533D095300420A0E108508D051B0000EA003061E01D
S31533D09540033CA0E1000053E30420A0C102B0A0C382
S31533D095500520A0D101B0A0D31000C9C51010C7D5EE
S31533D09560110000EA043082E0043093E5010073E35E
S31533D0957001B0A0030420A0110B00001A020C1CE387
S31533D095803300000A0C309DE50600A0E10A10A0E1B5
S31533D0959020209DE507FCFFEB0130A0E3000055E327
S31533D095A01030C7E51030C9150B0000EA000052E37E
S31533D095B00600A0110A10A0110C309D15C1FBFF1B5C
S31533D095C008C09DE500005CE30C20A0110600A01175
S31533D095D00A10A0110C309D15BAFBFF1B01001BE3FB
S31533D095E00B00000A003094E5010A13E30800000AA1
S31533D095F00CC09DE50600A0E10A10A0E10420A0E14D
S31533D096000530A0E100C08DE5CFFCFFEB000050E381
S31533D0961092FFFFBA003055E20130A013ABB013E05E
S31533D096200B00000A003095E5010A13E30800000A5F
S31533D096300CC09DE50600A0E10A10A0E10520A0E10B
S31533D096400430A0E100C08DE5BFFCFFEB000050E352
S31533D0965082FFFFBA14109DE510209DE5011081E2FB
S31533D09660020051E114108DE5017087E2019089E251
S31533D0967085FFFFBA0040A0E31C109DE50600A0E1AC
S31533D0968092FEFFEB18309DE5000053E30600A011A0
S31533D096900310A0118DFEFF1B0A00A0E1632B00EB54
S31533D096A00400A0E124D08DE2F08EBDE8A45AD233A3
S31533D096B0C45AD233E05AD23304E02DE53CC190E5D7
S31533D096C088209CE5200012E300E0A0E10900000ADF
S31533D096D0A8309CE5000053E390309F05A8308C0525
S31533D096E08C309F058C109FE5AC308C05013882E3E6
S31533D096F088308CE51B0000EA012812E20C00000A00
S31533D09700A8309CE5000053E360309F05A8308C0524
S31533D097105C309F05AC308C05B0309CE5000053E30C
S31533D097201030900550209F0550109F050800000A31
S31533D097300A0000EAB0309CE5000053E3AC208CE558
S31533D09740A8208CE50500001A103090E530209FE52F
S31533D0975030109FE5020C53E30120A081B0208CE575
S31533D09760B0109CE50E00A0E104E09DE4BBFEFFEA19
S31533D0977000D6D233D8D5D233ACD5D23364D5D2338F
S31533D0978088D5D23318D5D23340D5D23330402DE9DC
S31533D097903C4190E570C094E50100A0E10210A0E110
S31533D097A001204CE20350A0E1DD5000EBA43094E528
S31533D097B0C031D3E7060000E25330A0E1030003E221
S31533D097C0010050E33080BD08020000CA000050E3E8
S31533D097D03080BD08040000EA020050E30200001ACC
S31533D097E0010075E20000A0333080BDE80100A0E36C
S31533D097F03080BDE8F0442DE90370A0E1003093E525
S31533D09800000053E30050A0E10160A0E10240A0E1A3
S31533D0981018A09DE52900000A013076E5090053E307
S31533D098201E00001A003092E50A0053E1060000DA32
S31533D0983090009FE5AB2900EB003094E5013043E24D
S31533D098400A0053E1003084E5F7FFFFEA060055E11D
S31533D098501700002A0030D5E5002094E568009FE54F
S31533D09860090053E3073002E2000083E0012082E2AD
S31533D098700500001A9B2900EB003094E50730C3E38B
S31533D09880083083E2003084E5020000EA002084E524
S31533D098900000D5E5892900EB015085E2EAFFFFEADE
S31533D098A020009FE58F2900EB003094E5013043E269
S31533D098B0003084E5003097E5013043E2003087E568
S31533D098C00600A0E1F084BDE834D6D23328D6D233DD
S31533D098D0F0402DE90030A0E30CD04DE2004050E209
S31533D098E004308DE50360A0E1AC519FE50300000A57
S31533D098F08E3F00EB0060A0E10400A0E1792900EBB4
S31533D0990008608DE5612900EBFF4000E20A0054E39D
S31533D099101300000A070000CA030054E31700000AF5
S31533D09920020000CA000054E3F5FFFF0A3D0000EA07
S31533D09930080054E3080000EA150054E31400000A83
S31533D09940020000CA0D0054E30500000A350000EAD0
S31533D09950170054E31B00000A7F0054E32900000AA2
S31533D09960300000EA0030A0E30030C5E52C019FE596
S31533D099705C2900EB20319FE5050063E0440000EA23
S31533D0998014319FE50020A0E30000E0E30020C3E5D7
S31533D099903F0000EA08309DE5060053E1060000DAC1
S31533D099A0FC009FE54F2900EB08309DE5013043E2BB
S31533D099B0060053E108308DE5F7FFFFEAD8509FE52F
S31533D099C00030A0E32D0000EA08708DE204408DE22A
S31533D099D00510A0E10430A0E1BC009FE50720A0E14B
S31533D099E000608DE582FFFFEB04309DE5000053E345
S31533D099F00050A0E1C2FFFFDA0030D0E5200053E3B8
S31533D09A00BFFFFF0AF1FFFFEA0510A0E188009FE50B
S31533D09A1008208DE204308DE200608DE574FFFFEBD4
S31533D09A200050A0E1B6FFFFEA04309DE5FD0053E3D5
S31533D09A30140000CA090054E308309DE50800001A23
S31533D09A4060009FE5073003E2000083E0252900EB71
S31533D09A5008309DE50730C3E3083083E208308DE51F
S31533D09A60030000EA013083E20400A0E108308DE53B
S31533D09A70122900EB0140C5E404309DE5013083E281
S31533D09A8004308DE59EFFFFEA0700A0E30B2900EBF8
S31533D09A909BFFFFEA0CD08DE2F080BDE8E892D3335A
S31533D09AA0B8A7D23334D6D23328D6D233F04E2DE9E3
S31533D09AB00040A0E135DE4DE208108DE5492900EBB3
S31533D09AC00110A0E3000054E325BE8DE204108DE5EA
S31533D09AD00090A0E30800000A0030D4E5090053E132
S31533D09AE00500000A0400A0E1103F00EBFF0050E36D
S31533D09AF00500009AE8039FE5FA2800EB0000E0E37F
S31533D09B00F50000EA0000A0E3F30000EA0410A0E178
S31533D09B100B00A0E1B03E00EB0030DBE5000053E3B1
S31533D09B20EA00000A000053E30000A0E30B20A0E1D3
S31533D09B301400000A0010D2E5270051E30200001AC0
S31533D09B40013052E55C0053E301002012000050E3AC
S31533D09B500900001A3B0051E30030A0130130A003B3
S31533D09B600B0052E10030A003000053E30200000A99
S31533D09B70013052E55C0053E30200001A0130F2E5BE
S31533D09B80000053E3E9FFFFEA0030D2E5000053E3A8
S31533D09B900030A0130B00A0E10030C21501B0821201
S31533D09BA00300001A010000EA053186E79A0000EA7D
S31533D09BB002B0A0E10070A0E1DC3E00EB00C0A0E330
S31533D09BC00C0050E10060A0E10C20A0E115AE8DE28F
S31533D09BD0015CA0E30C10A0E16C00000A030051E352
S31533D09BE0016046E20140D7E40A00000A5C0054E340
S31533D09BF00030A0130130A0035C0052E30030A00341
S31533D09C00000053E30300000A016056E25D00003AD8
S31533D09C100420A0E10140D7E4030051E301F19F973B
S31533D09C20540000EA349CD033789CD033AC9CD033B8
S31533D09C304C9DD033270054E30030A0130130A0031A
S31533D09C405C0052E30030A003000053E30310A013AB
S31533D09C504800001A240054E30030A0130130A00387
S31533D09C605C0052E30030A003000053E301108112AD
S31533D09C704000001A3D0000EA7B0054E32800541319
S31533D09C800020A0130120A0030110810207C0A00138
S31533D09C903800000A2430A0E3015055E20130CAE43B
S31533D09CA00210A0E13300000A300000EA7D0054E30D
S31533D09CB0290054132F00001A07306CE0011043E209
S31533D09CC00020A0E3010052E1050000AA0C008DE28A
S31533D09CD00230DCE7012082E2010052E10130C0E4F8
S31533D09CE0FAFFFFBA351E8DE2023081E0D13F43E22F
S31533D09CF00020A0E30020C3E50C008DE200C08DE543
S31533D09D00A12200EB000050E300C09DE51500000A08
S31533D09D100020D0E5000052E3000055131100000AAD
S31533D09D200120CAE4015055E20120F0E50030A0030A
S31533D09D300130A013000052E30030A00301300312E8
S31533D09D40000053E3F5FFFF1A060000EA270054E379
S31533D09D500030A0130130A0035C0052E30030A003DF
S31533D09D60000053E30100000A0010A0E3010000EA2B
S31533D09D700140CAE4015045E2000056E300005513D2
S31533D09D800420A0E194FFFF1A000055E30100000A36
S31533D09D900030A0E30030CAE5152E8DE2436F8DE255
S31533D09DA00050A0E30030D2E5090053E3200053132B
S31533D09DB00130F205FBFFFF0A0030D2E5000053E352
S31533D09DC078FFFF0A052186E70030D2E5015085E2D8
S31533D09DD0000053E320005313040000EA090053E391
S31533D09DE00300000A0130F2E5000053E32000531399
S31533D09DF0F9FFFF1A0030D2E5000053E369FFFF0ABB
S31533D09E000030A0E30F0055E30130C2E4E4FFFFDABC
S31533D09E10D0009FE51010A0E3392800EB000055E3BE
S31533D09E201800000A0C019DE50B2700EB004050E2E9
S31533D09E30B4009F050C119D050400000A043094E547
S31533D09E40030055E1030000DA101094E59C009FE53A
S31533D09E502B2800EB0B0000EA0CC094E590309FE53D
S31533D09E6003005CE10900001A08209DE5020012E3E5
S31533D09E7008309D050230830308308D050300000A70
S31533D09E8070009FE5172800EB0090E0E321FFFFEA4F
S31533D09E900520A0E10630A0E108109DE50400A0E13D
S31533D09EA00FE0A0E10CF0A0E1083094E504109DE575
S31533D09EB0000050E3031001E00090E01304108DE569
S31533D09EC0442800EB000050E30DFFFF1A11FFFFEAE1
S31533D09ED0000059E304009DE50900A01135DE8DE27B
S31533D09EE0F08EBDE80C5BD233245BD233445BD233B2
S31533D09EF0685BD233ECA4D033745BD23370402DE964
S31533D09F00403400EB68019FE51F2200EB003050E26E
S31533D09F100160A0E30340A0010300000A0010A0E3D0
S31533D09F200A20A0E3413F00EB0040A0E144019FE586
S31533D09F30152200EB0430E0E1A33FA0E1000050E36B
S31533D09F400030A003000053E32500000A28019FE523
S31533D09F50EB2700EB0A00A0E3D82700EB0100A0E300
S31533D09F600010A0E3994E00EBFF0000E2200050E34F
S31533D09F700100001AC03400EB190000EA1BDAFFEBFC
S31533D09F80000050E30100000ABB3400EB000000EAC6
S31533D09F90D73400EB15DAFFEB004050E20B00000A62
S31533D09FA0D8009FE5F82100EB000050E30300001AF8
S31533D09FB00010A0E1C8009FE5BBFEFFEB000000EA2E
S31533D09FC03B1000EBBC009FE50010A0E3030000EA92
S31533D09FD0B4009FE5CA2700EBB0009FE50410A0E19B
S31533D09FE0B1FEFFEB94009FE5E72100EB000050E391
S31533D09FF00300001A0010A0E184009FE5AAFEFFEB10
S31533D0A000000000EA2A1000EB78009FE50010A0E3A9
S31533D0A010A5FEFFEB78009FE52CFEFFEB005050E218
S31533D0A02070109FE570009FE50040A0E3010000DA91
S31533D0A030693D00EB000000EA0140A003010075E35F
S31533D0A0400410A0E154009FE50100001AA52700EBC8
S31533D0A050020000EA40009FE593FEFFEB0060A0E1EB
S31533D0A060000056E330309FD50020A0D30020C3D58F
S31533D0A070E7FFFFEA905BD2339C5BD233A45BD23318
S31533D0A080C85BD233D45BD233E85BD233F05BD233D3
S31533D0A090045CD233105CD233E892D333E893D333E0
S31533D0A0A01C5CD233F0402DE9010052E30170A0E1BC
S31533D0A0B00250A0E1101090D50360A0E154009FD593
S31533D0A0C0020000DA040000EA041196E748009FE55F
S31533D0A0D08B2700EB0100A0E3F080BDE80140A0E37D
S31533D0A0E0050054E1090000AA040196E7A62100EB46
S31533D0A0F0000050E30710A0E1F2FFFF0A6AFEFFEB40
S31533D0A100010070E3014084E2F1FFFF0AF3FFFFEA77
S31533D0A1100000A0E3F080BDE8685BD2332C5CD23349
S31533D0A120F0462DE900A0A0E1F0019FE5962100EBA2
S31533D0A1300090A0E3004050E2E4719FE50950A0E1DE
S31533D0A1400200000A0030D4E56E0053E30000000A63
S31533D0A1500150A0E30A10A0E14020A0E3C0019FE55F
S31533D0A160313E00EB001097E5FF3C01E20334A0E12A
S31533D0A170FF2801E2013C83E1223483E1A4219FE528
S31533D0A180213C83E1020053E10060A0E398019F159F
S31533D0A1900E00001A043097E5FF4C03E20444A0E1E5
S31533D0A1A0FF2803E2034C84E1224484E10600A0E194
S31533D0A1B06C119FE54020A0E3046087E5234C84E10E
S31533D0A1C05C3C00EB040050E10300000A5C019FE5E0
S31533D0A1D0442700EB0100A0E3F086BDE80C3097E5C9
S31533D0A1E0FF2C03E20224A0E1032C82E1FF1803E221
S31533D0A1F0212482E1000055E340408AE2235C82E1A8
S31533D0A2000D00000A0520A0E10410A0E10600A0E16C
S31533D0A210483C00EB183097E5FF2C03E20224A0E14B
S31533D0A220032C82E1FF1803E2212482E1232C82E13D
S31533D0A230020050E1F8009F15E4FFFF1A1E30D7E530
S31533D0A240060053E3EC009F15E0FFFF1A003094E588
S31533D0A250FF2C03E20224A0E1032C82E1FF1803E2B0
S31533D0A260212482E1235C92E10460A0E1C8009F05FA
S31533D0A270D6FFFF0A010085E2F12800EB004050E219
S31533D0A28001008002F086BD08010000EA0190A0E308
S31533D0A2901E0000EA047096E4000057E3FCFFFF1A71
S31533D0A2A00610A0E10400A0E10520A0E1DE3D00EBDD
S31533D0A2B00570C4E70030D4E5000053E30400A0E1D1
S31533D0A2C00460A0E11100000A015084E2013055E563
S31533D0A2D00A0053E3062060E00030A0E3016086E253
S31533D0A2E00700001A010052E30310A0E1013045E51F
S31533D0A2F0020000DAECFDFFEB000050E3E2FFFFBAD9
S31533D0A3000500A0E10130D5E4000053E3EEFFFF1A98
S31533D0A3100400A0E1452800EB0900A0E1F086BDE8B2
S31533D0A320C45CD233E894D33356190527CC5CD233B5
S31533D0A330E05CD233F05CD233005DD233105DD233AE
S31533D0A340010052E310402DE90010A0E31020A0E322
S31533D0A3503744A0E3020000DA040093E5063E00EB6F
S31533D0A3600040A0E110009FE50410A0E1E42600EB05
S31533D0A3700400A0E11040BDE868FFFFEA205DD23388
S31533D0A3800120A0E10010A0E100009FE5DC2600EA21
S31533D0A390705DD23330402DE9004098E598009FE583
S31533D0A3A0141094E5F5FFFFEB90009FE5101094E57C
S31533D0A3B0F2FFFFEB0050A0E384009FE5181094E53D
S31533D0A3C0EEFFFFEB0510A0E178009FE5EBFFFFEB47
S31533D0A3D074009FE51C1094E5E8FFFFEB6C009FE516
S31533D0A3E0201094E5E5FFFFEB64009FE5BD2600EB37
S31533D0A3F0000055E3043085E02010A0033A10A013B3
S31533D0A4000820D3E5015085E248009FE5BC2600EB12
S31533D0A410050055E3F5FFFFDA3C009FE5B12600EBA7
S31533D0A420040094E500DFFFEB001094E52C009FE5A4
S31533D0A430B32600EB0000A0E33080BDE8805DD23395
S31533D0A4408C5DD233945DD233A05DD233AC5DD2330F
S31533D0A450B85DD233C05DD233D05DD233D85DD2334B
S31533D0A460E85DD23370402DE90260A0E10040A0E32D
S31533D0A470010056E30350A0E11020A0E30030A0E161
S31533D0A4800410A0E154009FE5030000CA101093E5F1
S31533D0A4909B2600EB0100A0E37080BDE80400B5E550
S31533D0A4A0B53D00EB0040A0E10010A0E130009FE5C0
S31533D0A4B0932600EB0510A0E1010046E20FE0A0E1C0
S31533D0A4C004F0A0E10010A0E1004050E20140A01317
S31533D0A4D010009FE58A2600EB0400A0E17080BDE82A
S31533D0A4E0685BD233BC5ED233E45ED23310402DE9CF
S31533D0A4F014009FE50140A0E1A32000EB0410A0E1B6
S31533D0A50069FDFFEBA00FA0E11080BDE89C5BD23391
S31533D0A51070402DE9082090E5FF4C02E20444A0E1D7
S31533D0A520FF3802E2024C84E1234484E130D04DE259
S31533D0A5300050A0E1224C84E12010A0E3202080E219
S31533D0A54068039FE56E2600EB0400A0E10C108DE284
S31533D0A550605D00EB14C09DE500C08DE510C09DE570
S31533D0A56004C08DE50CC09DE518309DE520109DE5E2
S31533D0A5701C209DE538039FE508C08DE5602600EBAA
S31533D0A58030039FE5572600EB1C30D5E5120053E355
S31533D0A59003F19F97200000EAE4A5D0331CA6D0332D
S31533D0A5A0ECA5D0331CA6D0331CA6D033F4A5D033E8
S31533D0A5B01CA6D0331CA6D0331CA6D0331CA6D0337E
S31533D0A5C01CA6D0331CA6D0331CA6D0331CA6D0336E
S31533D0A5D0FCA5D0331CA6D03304A6D0330CA6D033A7
S31533D0A5E014A6D033D0229FE50C0000EACC229FE5C7
S31533D0A5F00A0000EAC8229FE5080000EAC4229FE594
S31533D0A600060000EAC0229FE5040000EABC229FE59B
S31533D0A610020000EAB8229FE5000000EAB4229FE5A3
S31533D0A6201D30D5E5110053E303F19F97330000EA8C
S31533D0A63078A6D03380A6D03388A6D03398A6D03355
S31533D0A640A0A6D033A8A6D033B0A6D033B8A6D033AD
S31533D0A650C0A6D033C8A6D033D0A6D033D8A6D0331D
S31533D0A660E0A6D033F0A6D033E8A6D033F8A6D0338D
S31533D0A67000A7D03390A6D0335C129FE5200000EAF2
S31533D0A68058129FE51E0000EA54129FE51C0000EADB
S31533D0A69050129FE51A0000EA4C129FE5180000EAE3
S31533D0A6A048129FE5160000EA44129FE5140000EAEB
S31533D0A6B040129FE5120000EA3C129FE5100000EAF3
S31533D0A6C038129FE50E0000EA34129FE50C0000EAFB
S31533D0A6D030129FE50A0000EA2C129FE5080000EA03
S31533D0A6E028129FE5060000EA24129FE5040000EA0B
S31533D0A6F020129FE5020000EA1C129FE5000000EA13
S31533D0A70018129FE51E30D5E5080053E303F19F9722
S31533D0A710180000EA38A7D03340A7D03348A7D03370
S31533D0A72050A7D03358A7D03360A7D03368A7D03308
S31533D0A73078A7D03370A7D033E4319FE50E0000EA43
S31533D0A740E0319FE50C0000EADC319FE50A0000EAF0
S31533D0A750D8319FE5080000EAD4319FE5060000EAF8
S31533D0A760D0319FE5040000EACC319FE5020000EA00
S31533D0A770C8319FE5000000EAC4319FE51F00D5E517
S31533D0A780010050E3BCC19F050800000A030000CA8C
S31533D0A790000050E3B0C19F050400000A020000EA6E
S31533D0A7A0020050E3A4C19F050000000AA0C19FE573
S31533D0A7B0A0019FE500C08DE5D12500EB0C2095E5B2
S31533D0A7C0FF1C02E20114A0E1FF3802E2021C81E150
S31533D0A7D0231481E1221C81E17C019FE5C82500EB5E
S31533D0A7E00C2095E5FF0C02E20004A0E1FF3802E22B
S31533D0A7F0020C80E1230480E1220C80E15C119FE5D9
S31533D0A800503B00EB10C085E200509CE8FF2C0EE2A3
S31533D0A810FF1C0CE20224A0E10114A0E1FF380EE2C2
S31533D0A820FF080CE20E2C82E10C1C81E1232482E159
S31533D0A830201481E12C1C81E12E2C82E120019FE56D
S31533D0A840AF2500EB1E30D5E5040053E31500001ACF
S31533D0A85010019FE5A32500EB405085E20060A0E3CD
S31533D0A860030000EAA62500EB0400A0E1EC109FE537
S31533D0A870343B00EB003095E5FF2C03E20224A0E114
S31533D0A880032C82E1FFC803E22C2482E1234C92E1EC
S31533D0A8900610A0E1D0009FE50420A0E1016086E256
S31533D0A8A0045085E2EEFFFF1A30D08DE27080BDE8DA
S31533D0A8B08862D233A062D233D462D233E862D2330F
S31533D0A8C0F462D233FC62D2330463D2330C63D233E1
S31533D0A8D01063D2331863D2332063D2332C63D2335B
S31533D0A8E03863D2334063D2334463D2334C63D233B7
S31533D0A8F05863D2336063D2336863D2337463D2331B
S31533D0A9007C63D2338863D2339063D2339863D23372
S31533D0A910A863D233B063D233BC63D233C463D233B6
S31533D0A920CC63D233E463D233F463D2330864D233D1
S31533D0A9301864D2332864D2333C64D2334864D233A6
S31533D0A9405064D2336464D2337464D2338464D233AE
S31533D0A9509464D233A864D233BC64D233CC64D23386
S31533D0A96080A9D233EC64D2331C65D2332C65D2333F
S31533D0A970F04E2DE90030A0E304D04DE250A19FE54F
S31533D0A98000308DE508209AE548319FE5030052E142
S31533D0A9904700000AB430DAE10090A0E3030059E16E
S31533D0A9A0430000AA09318AE00C5093E5000055E301
S31533D0A9B0019089E23C00000A00E095E5FF3C0EE2C7
S31533D0A9C00334A0E1FFC80EE20E3C83E12C3483E19D
S31533D0A9D004C19FE504619FE52E3C83E10C0053E12E
S31533D0A9E00510A0E14020A0E30600A0E10070A0E36B
S31533D0A9F02D00001A0C3C00EB043096E5FF4C03E2F5
S31533D0AA000444A0E1FF2803E2034C84E1224484E1E9
S31533D0AA100610A0E14020A0E30700A0E1234C84E157
S31533D0AA20047086E5433A00EB040050E140B085E24A
S31533D0AA300510A0E1A8009FE51B00001A302500EBD6
S31533D0AA400500A0E1B1FEFFEB0C2095E5FF4C02E209
S31533D0AA500444A0E1FF3802E2024C84E1234484E18A
S31533D0AA60224C84E17C009FE51E2500EB0B10A0E140
S31533D0AA700420A0E10700A0E12E3A00EB181095E5AB
S31533D0AA80FF3C01E20334A0E1013C83E1FF2801E23C
S31533D0AA90223483E1213C83E1030050E148009FE532
S31533D0AAA01025001B44009FE50E2500EBB430DAE1C8
S31533D0AAB0B9FFFFEA00309DE5013053E200308DE532
S31533D0AAC06CA08AE2AEFFFF5A0000A0E304D08DE239
S31533D0AAD0F08EBDE80CBBD733FFFF000056190527E0
S31533D0AAE0E894D3334865D2335C65D2337865D23381
S31533D0AAF08C65D233F0442DE90C619FE50010A0E18B
S31533D0AB000050A0E104019FE5FD2400EB0510A0E140
S31533D0AB104020A0E30600A0E1C33B00EB00E096E57E
S31533D0AB20FF3C0EE20334A0E1FFC80EE20E3C83E1D4
S31533D0AB302C3483E1D8C09FE52E3C83E10C0053E11E
S31533D0AB400610A0E14020A0E3C8009FE50070A0E343
S31533D0AB500E00001A043096E5FF4C03E20444A0E11C
S31533D0AB60FF0803E2034C84E1204484E10700A0E1EB
S31533D0AB70234C84E1047086E5EE3900EB040050E1D2
S31533D0AB8040A085E20500A0E10300000A88009FE5D6
S31533D0AB90D42400EB0100A0E3F084BDE85BFEFFEBE9
S31533D0ABA00C2096E5FF4C02E20444A0E1FF3802E2E2
S31533D0ABB0024C84E1234484E1224C84E15C009FE55A
S31533D0ABC0C82400EB0A10A0E10420A0E10700A0E1DD
S31533D0ABD0D83900EB181096E5FF3C01E20334A0E1F7
S31533D0ABE0013C83E1FF2801E2223483E1213C83E136
S31533D0ABF0030050E128009FE5E4FFFF1A24009FE5C8
S31533D0AC00B82400EB0700A0E1F084BDE8E894D33351
S31533D0AC109065D23356190527B465D233CC65D23342
S31533D0AC205C65D2337865D2338C65D233010052E347
S31533D0AC30F0402DE90240A0E10370A0E10060A0E32B
S31533D0AC400150A0C3030000CA3C309FE5000093E512
S31533D0AC50F040BDE8A6FFFFEA040055E1080000AA9C
S31533D0AC60050197E70010A0E31020A0E3C23B00EB29
S31533D0AC709FFFFFEB000050E3015085E20160A01344
S31533D0AC80F4FFFFEA0600A0E1F080BDE838D6D23330
S31533D0AC90910200E00F0080E20F00C0E3682600EA9D
S31533D0ACA00100A0E1E12500EAF04E2DE90240A0E112
S31533D0ACB00220D2E503C0D4E5080052E301B0A0E1C7
S31533D0ACC034D04DE20090A0E10370A0E10A50A0E366
S31533D0ACD0FF100CE20100001AE0001CE30100000A69
S31533D0ACE004019FE5180000EA04001CE30A30D415AA
S31533D0ACF00B20D415023483100C50831208001CE376
S31533D0AD000400000A043085E00030D3E5000053E375
S31533D0AD10015085E2FAFFFF1A100011E30400000A4E
S31533D0AD20043085E00030D3E5000053E3015085E2AB
S31533D0AD30FAFFFF1A020011E3003097E5025085126D
S31533D0AD40030055E10200003AA0009FE5652400EBED
S31533D0AD501B0000EA98309FE520308DE594309FE58F
S31533D0AD600E10E0E300A0A0E30D00A0E124308DE582
S31533D0AD7030A08DE53A3E00EB000050E30010A01131
S31533D0AD800D60A0E170009F150C00001A003097E5D6
S31533D0AD90052084E0033065E00D00A0E10410A0E384
S31533D0ADA00C008DE810B08DE50C908DE5CE4000EBE0
S31533D0ADB0010050E30400009A0010A0E13C009FE567
S31533D0ADC04F2400EB0000E0E3050000EA0C309DE5AC
S31533D0ADD0033069E0003087E50D00A0E19B3D00EB01
S31533D0ADE00A00A0E134D08DE2F08EBDE8E465D233EB
S31533D0ADF00066D23390ACD033A0ACD0332866D233BE
S31533D0AE004C66D233F04E2DE9A8D04DE218008DE5FD
S31533D0AE1058069FE510308DE514108DE50270A0E10C
S31533D0AE20591E00EB0030A0E3000050E340669FE5A7
S31533D0AE300C308DE50200000A0030D0E56E0053E3C6
S31533D0AE400100000A01C0A0E30CC08DE5010057E331
S31533D0AE5020369FD5005093D5050000DA10309DE5C6
S31533D0AE600010A0E3040093E51020A0E3423B00EBAF
S31533D0AE700050A0E100069FE50510A0E1202400EBA9
S31533D0AE800510A0E14020A0E3E4059FE5E63A00EBC8
S31533D0AE90001096E5FF3C01E20334A0E1FF2801E23E
S31533D0AEA0013C83E1223483E1D0259FE5213C83E104
S31533D0AEB0020053E100A0A0E3C4059F151000001A89
S31533D0AEC004C096E5FF4C0CE20444A0E140E0A0E395
S31533D0AED00C4C84E1FF380CE2234484E124E08DE545
S31533D0AEE00E20A0E10A00A0E184159FE504A086E5F3
S31533D0AEF02C4C84E10F3900EB040050E10200000AF8
S31533D0AF0080059FE5F72300EB550100EA0500A0E164
S31533D0AF107EFDFFEB0C3096E5FF2C03E20224A0E155
S31533D0AF20032C82E1FF1803E20CC09DE5212482E194
S31533D0AF30232C82E100005CE324208DE5404085E27A
S31533D0AF401300000A40059FE5E62300EB0410A0E189
S31533D0AF5024209DE50A00A0E1F63800EB183096E5BB
S31533D0AF60FF2C03E20224A0E1032C82E1FF1803E293
S31533D0AF70212482E1232C82E1020050E10200000A2F
S31533D0AF8008059FE5DE2300EB350100EA00059FE592
S31533D0AF90D42300EB1D10D6E5020051E304B0A0E173
S31533D0AFA0F0049F153100001A1E30D6E5020053E364
S31533D0AFB01600000A020000CA010053E30300000A58
S31533D0AFC0270000EA040053E31200000A240000EA03
S31533D0AFD0020057E3C0949FE5260000DA10309DE592
S31533D0AFE01020A0E3080093E50010A0E3E23A00EB8B
S31533D0AFF0FF3C00E20334A0E1003C83E1FF2800E2CA
S31533D0B000223483E1203C83E1103086E5190000EA0F
S31533D0B01088949FE5170000EA001094E5FF3C01E2DF
S31533D0B0200334A0E1FF2801E2013C83E1223483E1FA
S31533D0B030213C83E124308DE5043094E560949FE55B
S31533D0B040000053E3084084E20120A0E30900000A5C
S31533D0B050012082E202319BE7044084E2000053E3CD
S31533D0B060F9FFFFEA18C09DE538049FE500109CE54B
S31533D0B070A32300EBFA0000EA3ED6FFEB1F30D6E52A
S31533D0B080000053E300A0A0E10200000A010053E31D
S31533D0B0901700000A2E0000EA101096E5FF3C01E2B5
S31533D0B0A00334A0E1013C83E1FF2801E2223483E17A
S31533D0B0B0213C83E1050053E10300001A0910A0E1D6
S31533D0B0C0E4039FE58E2300EB260000EAFF0C01E272
S31533D0B0D00004A0E1FF3801E2010C80E1230480E1D2
S31533D0B0E0210C80E124209DE50410A0E14E3A00EBFB
S31533D0B0F01C0000EA0910A0E1B0039FE5802300EBE2
S31533D0B100101096E5FF0C01E20004A0E1FF3801E20E
S31533D0B110010C80E1230480E1210C80E10420A0E1FD
S31533D0B1200215A0E324308DE2DEFEFFEB000050E3C0
S31533D0B1300C00000A78039FE56A2300EB18009DE5DF
S31533D0B14014109DE50720A0E110309DE5994900EB19
S31533D0B150040000EA000050E302D6FF1B1F10D6E5E9
S31533D0B16050039FE5C1FFFFEA24039FE55D2300EB40
S31533D0B1701E30D6E5020053E32D00000A020000CA82
S31533D0B180010053E30300000A240000EA040053E32A
S31533D0B1902700000A210000EA00005AE3F1D5FF1B4D
S31533D0B1A014039FE5781D00EB000050E30D00000A31
S31533D0B1B008139FE5333900EB005050E20900001AEB
S31533D0B1C088408DE2F8129FE524209DE50400A0E166
S31533D0B1D0383C00EBEC029FE50410A0E14C1D00EBAC
S31533D0B1E00500A0E19F0000EA143096E5FF2C03E278
S31533D0B1F00224A0E1FF1803E2032C82E1212482E169
S31533D0B200232C82E110309DE5010047E2041083E21E
S31533D0B2100FE0A0E102F0A0E10000A0E3910000EA44
S31533D0B22000005AE3CFD5FF1B1E10D6E598029FE513
S31533D0B2308EFFFFEA1C20D6E50E0052E36000000AEB
S31533D0B240020000CA020052E30C00000A030000EAEF
S31533D0B250100052E36E00000A120052E34A00000A8D
S31533D0B2600CC09DE518009DE514109DE50720A0E19F
S31533D0B27010309DE520188DE8ED4A00EB780000EAD2
S31533D0B2801E30D6E5040053E300A0A0E30200001A33
S31533D0B29004309BE50A0053E105A0A011020057E321
S31533D0B2A0210000DA0240A0E1070052E10050A0E3CA
S31533D0B2B0070000AA10309DE5040193E71B3900EB54
S31533D0B2C0014084E2000085E0070054E1015080E27A
S31533D0B2D0F6FFFFEA0500A0E1D92400EB0240A0E354
S31533D0B2E00060A0E1070054E10050A0E3140000AAA7
S31533D0B2F0020054E32030A0C30630C5C710C09DE545
S31533D0B300015085C204119CE7050086E0B23800EBC4
S31533D0B31010309DE5040193E7043900EB014084E214
S31533D0B320070054E1005085E0EFFFFFEA9C019FE52B
S31533D0B330151D00EB98319FE5000050E30060A01156
S31533D0B3400360A00128319FE5142093E5FF4C02E238
S31533D0B3500444A0E1FF3802E2024C84E1234484E181
S31533D0B360224C84E10410A0E168019FE5E42200EB8E
S31533D0B3700A10A0E1000098E50630A0E150219FE500
S31533D0B3800FE0A0E104F0A0E1350000EA142096E501
S31533D0B390FF4C02E20444A0E1024C84E1FF3802E2DE
S31533D0B3A0234484E1224C84E12C019FE50410A0E1AF
S31533D0B3B0D32200EB000098E50FE0A0E104F0A0E142
S31533D0B3C0270000EA141096E5FF2C01E20224A0E10F
S31533D0B3D0FF3801E2012C82E1232482E138408DE229
S31533D0B3E0212C82E10400A0E1F0109FE5B13B00EBC4
S31533D0B3F00410A0E1E8009FE5C51C00EB0010A0E3E4
S31533D0B40018009DE50120A0E10130A0E1EB0100EB6E
S31533D0B410130000EA141096E5FF2C01E20224A0E1D2
S31533D0B420FF3801E2012C82E1232482E128408DE2E8
S31533D0B430212C82E10400A0E1A0109FE59D3B00EBD7
S31533D0B44010309DE500C093E518009DE50010A0E3CC
S31533D0B4500220A0E31C308DE21CC08DE520408DE563
S31533D0B460350200EB0100A0E3A8D08DE2F08EBDE823
S31533D0B470C45CD233E894D33338D6D2336C66D23332
S31533D0B480561905278C66D233A066D2335C65D23350
S31533D0B490B866D2338C65D233C866D233E866D23304
S31533D0B4A00864D2332864D2330067D2332467D23395
S31533D0B4B03467D2335067D2337C67D233A067D23333
S31533D0B4C0284AD233D04BD233C44BD233AC67D233B0
S31533D0B4D0C867D2332090D2330C5FD233585FD2334E
S31533D0B4E0945FD233D849D23310402DE930109FE50B
S31533D0B4F00040A0E1633800EB000050E324109FE511
S31533D0B5000400A0E10130A0E30300000A5D3800EB6C
S31533D0B510000050E30030A0010030E0130300A0E177
S31533D0B5201080BDE8FC66D2338448D233010052E36F
S31533D0B53004E02DE50010A0E10C00000A020052E32E
S31533D0B5405C009FE51200001A040093E5E5FFFFEB9C
S31533D0B550000050E30200000A010050E30200000A63
S31533D0B560020000EAB34800EB000000EAAA4800EB39
S31533D0B570B74800EB2C309FE5000050E328109FE509
S31533D0B58028009FE50310A0115D2200EB0000A0E355
S31533D0B59004F09DE4101091E5592200EB0100A0E3AD
S31533D0B5A004F09DE4685BD233B468D233B868D2330F
S31533D0B5B0BC68D233010052E304E02DE50010A0E19C
S31533D0B5C00C00000A020052E35C009FE51200001A19
S31533D0B5D0040093E5C3FFFFEB000050E30200000AFB
S31533D0B5E0010050E30200000A020000EA7E4800EB75
S31533D0B5F0000000EA754800EB824800EB2C309FE51B
S31533D0B600000050E328109FE528009FE50310A011D2
S31533D0B6103B2200EB0000A0E304F09DE4101091E54B
S31533D0B620372200EB0100A0E304F09DE4685BD2330C
S31533D0B630B468D233B868D233E068D23370402DE9A8
S31533D0B640B4009FE508D04DE2262200EB0160A0E39B
S31533D0B650210000EA000094E50610A0E1182A00EB99
S31533D0B660002090E5010012E32E30A0034930A01319
S31533D0B67000308DE5003090E5020013E32EC0A003F1
S31533D0B6804FC0A0130050A0E1000052E32E30A0A348
S31533D0B6905330A0B364009FE5081085E204C08DE52E
S31533D0B6A0172200EB0040A0E354309FE5043193E7F3
S31533D0B6B0050053E14C009FE54C309F0504119307A9
S31533D0B6C00F22000B014084E2020054E3F5FFFFDA88
S31533D0B6D00A00A0E3F92100EB016086E22C409FE516
S31533D0B6E0000094E5082A00EB000056E1D8FFFFDAD4
S31533D0B6F00000A0E308D08DE27080BDE83869D2333C
S31533D0B7005469D2337C98D3336869D233CCD6D233D7
S31533D0B7108898D33304E02DE500C0D0E530304CE201
S31533D0B720090053E300E0E0E30900008A0120D0E5C5
S31533D0B730303042E2090053E330304CE2033183E018
S31533D0B740832082E0300042E20000819500E0E0E3DE
S31533D0B75000E0A0930E00A0E104F09DE4F0402DE983
S31533D0B7600160A0E114D04DE22E10A0E30050A0E149
S31533D0B770E23700EB0040A0E10500A0E1EB3700EB68
S31533D0B780000054E30070A0E11000000A0030A0E3BB
S31533D0B7900130C4E4043065E0003063E0020053E3A3
S31533D0B7A06400001A0500A0E1E03700EB10108DE2FB
S31533D0B7B00070A0E10400A0E1D5FFFFEB000050E319
S31533D0B7C010309D05003086050100000A590000EA85
S31533D0B7D0004086E50C0057E31000001A080085E2D6
S31533D0B7E00C108DE2CAFFFFEB000050E35100001A74
S31533D0B7F00A0085E208108DE2C5FFFFEB000050E367
S31533D0B8004C00001A08208DE20C0092E8033183E015
S31533D0B810033183E0032182E0142086E5120000EA67
S31533D0B8200A0057E30E00001A140096E56410A0E31D
S31533D0B830C24800EB04108DE20040A0E1080085E257
S31533D0B840B3FFFFEB000050E33A00001A04309DE516
S31533D0B850042184E0022182E0023183E0143086E58C
S31533D0B860010000EA0C0057E33200008A0130A0E32E
S31533D0B8701337A0E1150C13E32E00000A0500A0E11F
S31533D0B8800D10A0E1A2FFFFEB000050E30D40A0E185
S31533D0B8902800001A00309DE50C0053E3250000CA7A
S31533D0B8A0103086E5020085E20D10A0E198FFFFEB5C
S31533D0B8B0000050E31F00001A103096E5020053E320
S31533D0B8C000309DE50100001A1D0053E3000000EA65
S31533D0B8D01F0053E3170000CA00309DE5040085E20C
S31533D0B8E00C3086E50410A0E189FFFFEB000050E36E
S31533D0B8F01000001A00309DE5170053E30D0000CA3F
S31533D0B9000410A0E1083086E5060085E280FFFFEB20
S31533D0B910004050E20700001A00309DE53B0053E368
S31533D0B920040000CA0600A0E1043086E52D5800EBAA
S31533D0B9300400A0E1000000EA0000E0E314D08DE279
S31533D0B940F080BDE830402DE9010052E334D04DE2EA
S31533D0B9500350A0E11700000A020052E32E00001A6A
S31533D0B960040093E5C8109FE5463700EB000050E35B
S31533D0B9700300001ABC009FE55A2100EB435900EB74
S31533D0B9800C0000EA10408DE20400A0E1D65800EB5B
S31533D0B990040095E50410A0E16FFFFFEB000050E300
S31533D0B9A00200000A90009FE54E2100EB1D0000EA0D
S31533D0B9B00400A0E1075900EB10008DE2CA5800EB22
S31533D0B9C028209DE5060052E370309F950221939748
S31533D0B9D01030989568C09F8503C0829000C08DE59E
S31533D0B9E018C09DE504C08DE514C09DE520009DE5C6
S31533D0B9F01CE09DE508C08DE510C09DE50020A0E193
S31533D0BA0024109DE53C009FE50E30A0E10CC08DE5BA
S31533D0BA103B2100EB0000A0E3030000EA101090E5D1
S31533D0BA2024009FE5362100EB0100A0E334D08DE22C
S31533D0BA303080BDE8005ED233746AD233846AD2336F
S31533D0BA403CD6D233986AD233A46AD233685BD233F4
S31533D0BA5004E02DE500C0A0E100209CE534309FE51D
S31533D0BA60030052E10010A0E12C009FE50500001A37
S31533D0BA70B031DCE1020053E30C10A0E11C009FE5AA
S31533D0BA800130A0E30100000A1D2100EB0030A0E312
S31533D0BA900300A0E104F09DE47F454C46A06BD2333E
S31533D0BAA0C46BD233F0442DE9203090E5B223D0E1C4
S31533D0BAB0033080E0022182E0824183E0043094E592
S31533D0BAC0030053E31030940500A0A0E303A0800015
S31533D0BAD0B033D0E10060A0E3030056E104D04DE2A9
S31533D0BAE00050A0E12F0000AA0670A0E1203095E5E2
S31533D0BAF0032085E0074082E0083094E5020013E363
S31533D0BB002300000A0C3094E5000053E32000000AEA
S31533D0BB10141094E5000051E31D00000A00005AE3E7
S31533D0BB208C009FE50800000A04E094E5072092E7ED
S31533D0BB3080C09FE508005EE300108DE502208AE0E1
S31533D0BB4074109FE50C10A011ED2000EB043094E572
S31533D0BB500CE094E514C094E5080053E30010A0E359
S31533D0BB600E00A0E10C20A0E10100001A903700EBC3
S31533D0BB70040000EA101094E50C20A0E10E00A0E1F9
S31533D0BB80011085E09E3700EB141094E50C0094E554
S31533D0BB90954900EBB033D5E1016086E2030056E137
S31533D0BBA0287087E2D0FFFFBA180095E504D08DE22E
S31533D0BBB0F084BDE8F46BD233146CD2331C6CD233ED
S31533D0BBC070402DE940019FE50240A0E10360A0E13A
S31533D0BBD0ED1A00EB000050E330019F054700000A11
S31533D0BBE00010A0E31020A0E3E33700EB020054E3C8
S31533D0BBF00050A0E10B00001A040096E510119FE522
S31533D0BC00A03600EB000050E30600001A030080E2B2
S31533D0BC10CFDAFFEB000050E3390000DAF4009FE5CA
S31533D0BC200510A0E1B62000EBEC009FE5AD2000EB8C
S31533D0BC30E8009FE5D41A00EB000050E3426CA00332
S31533D0BC400300000A0010A0E31020A0E3CA3700EBAC
S31533D0BC500060A0E1C8009FE5CB1A00EB004050E26C
S31533D0BC60C0009F052500000AB03600EBFF0050E335
S31533D0BC70FF00A0930400A081AC36008B0020A0E156
S31533D0BC800410A0E10600A0E15D3700EB0400A0E18B
S31533D0BC90A63600EBFF0050E3FF00A0930400A0814B
S31533D0BCA0A236008B0010A0E10600A0E14E4900EB8E
S31533D0BCB00500A0E165FFFFEB000050E30300000A67
S31533D0BCC00500A0E176FFFFEB0050A0E1010000EACA
S31533D0BCD054009FE5832000EB0620A0E10610A0E1B7
S31533D0BCE048009FE5862000EB44009FE50510A0E190
S31533D0BCF0832000EB0FE0A0E105F0A0E134009FE50F
S31533D0BD00782000EB0100A0E37080BDE8D849D23368
S31533D0BD10246CD233406CD233486CD233846CD23326
S31533D0BD20B46CD233C867D233C06CD233D86CD23337
S31533D0BD30006DD233246DD233486DD233F0402DE9F2
S31533D0BD400270A0E1010057E30360A0E184309FD5B0
S31533D0BD500050A0E31020A0E30510A0E1004093D516
S31533D0BD60020000DA040096E5833700EB0040A0E109
S31533D0BD700400A0E135FFFFEB000050E30130A0E330
S31533D0BD800400A0E11100000A45FFFFEB0010A0E14B
S31533D0BD900040A0E140009FE5592000EBAC4600EBD4
S31533D0BDA0000050E3A346001B041086E2010047E2AD
S31533D0BDB00FE0A0E104F0A0E1000050E30010A0E1D1
S31533D0BDC00150A01314009FE54D2000EB0530A0E1C0
S31533D0BDD00300A0E1F080BDE838D6D233606DD233DC
S31533D0BDE0886DD233F04E2DE908D04DE200108DE573
S31533D0BDF03A10A0E30290A0E103B0A0E10050A0E155
S31533D0BE003E3600EB004050E20400A0014700000A62
S31533D0BE100030A0E304A08DE20130C4E40500A0E1F4
S31533D0BE200A10A0E10A20A0E3533700EB04309DE596
S31533D0BE30050053E13600000A0020D3E5000050E375
S31533D0BE400030A0C30130A0D3000052E30360A00179
S31533D0BE5001608313000056E32D00001A010050E32E
S31533D0BE602B0000CACC209FE5803080E0833183E03D
S31533D0BE70037182E0082097E5BC309FE5030052E199
S31533D0BE802300000A0400A0E12D10A0E31B3600EBFB
S31533D0BE900450A0E1004050E20160C4140500A0E193
S31533D0BEA00A10A0E10A20A0E3333700EB04309DE536
S31533D0BEB0050053E10060A0E11500000A0030D3E558
S31533D0BEC0000053E31200001AB430D7E1030050E137
S31533D0BED00F0000AA000054E30F00000A0A10A0E1B5
S31533D0BEE00400A0E10A20A0E3233700EB04309DE51C
S31533D0BEF0040053E10600000A0030D3E5060050E1D2
S31533D0BF00000053A30200001AB430D7E1030050E146
S31533D0BF10010000BA0000E0E3040000EA00309DE5FA
S31533D0BF20007083E5006089E500008BE50100A0E36E
S31533D0BF3008D08DE2F08EBDE8A0BAD733FFFF00002C
S31533D0BF40F0442DE904D04DE20270A0E10150A0E1D6
S31533D0BF501020A0E30D10A0E10360A0E10040A0E1E2
S31533D0BF60053700EB00309DE5040053E10DA0A0E189
S31533D0BF70000087E55200000A0030D3E5000053E3D2
S31533D0BF804F00001A000055E30340A0E10300000A36
S31533D0BF900030D5E52B0053E3015085020140A00391
S31533D0BFA00A10A0E10500A0E11020A0E3F23600EBA1
S31533D0BFB000309DE5050053E1000086E54000000AD8
S31533D0BFC00010D3E5000051E33D00001A000054E3DE
S31533D0BFD03D00000A003097E5003083E0013043E27C
S31533D0BFE0003086E5ECC09FE50140A0E10150A0E1E9
S31533D0BFF0B420DCE100E0A0E30E0052E10030A0D360
S31533D0C0000130A0C30E0054E10030A0130E0053E12B
S31533D0C0100238A0E11C00000A0C008CE22338A0E1E0
S31533D0C020013043E203005EE10C309C0500209C05D1
S31533D0C0300430901502308300002096E5011043E298
S31533D0C040010052E101E08EE20500008A003090E52E
S31533D0C050030052E10200003A010052E10010863566
S31533D0C0600140A0E3B420DCE10E0052E10030A0D38E
S31533D0C0700130A0C3000054E30030A013000053E3D3
S31533D0C080040080E20238A0E1E3FFFF1A015095E2C3
S31533D0C0900030A0130130A003000054E30030A013C6
S31533D0C0A001300302000053E36CC08CE2CFFFFF1A9A
S31533D0C0B0000054E30400001A001096E518009FE5FB
S31533D0C0C08F1F00EB0000E0E3000000EA0100A0E39D
S31533D0C0D004D08DE2F084BDE80CBBD7333073D23382
S31533D0C0E0F04E2DE904D04DE200E0A0E1010050E15D
S31533D0C0F024009DE50090A0E303A0A0E10030E0E367
S31533D0C10000208DE501B0A0E1009080E50940A0E1A3
S31533D0C110093182E780619FE509318AE75B00008A7E
S31533D0C120082096E574319FE5030052E14E00000AAC
S31533D0C130B400D6E10C2096E5001096E5013040E206
S31533D0C14000C0A0E3012082E00338A0E100005CE127
S31533D0C150015042E22378A0E1140000AA0C0086E213
S31533D0C1600738A0E143085CE10530A0E104309015EF
S31533D0C1700130431203005EE10700008A001090E5D8
S31533D0C18001005BE10400003A01005EE100109D0539
S31533D0C19004C1810703005BE104C18A07B430D6E119
S31533D0C1A001C08CE203005CE1040080E2EBFFFFBA0E
S31533D0C1B000209DE5043192E7000053E31A0000BA1C
S31533D0C1C004319AE7000053E3050000AA05005BE18A
S31533D0C1D00738A0814338A08104318A87C0009F9520
S31533D0C1E01E00009A00309DE504219AE7041193E7A7
S31533D0C1F0010052E1AC009FB5180000BA0738A0E170
S31533D0C200430852E124009DE50231861010E09315A0
S31533D0C210003090E5022061E0023083E0013083E2E2
S31533D0C22001E08502003080E50F0000EA0C3096E558
S31533D0C23003005EE10030A0330130A02305005EE178
S31533D0C2400030A023000053E35C009F150300001A8F
S31533D0C25004319AE7000053E3030000BA4C009FE55C
S31533D0C260201F00EB0190A0E3080000EA014094E2DE
S31533D0C2700030A0130130A0030B005EE10030A08361
S31533D0C28001300392000053E36C6086E2A3FFFF1ABA
S31533D0C2900900A0E104D08DE2F08EBDE80CBBD733D4
S31533D0C2A0FFFF00005C73D2338873D233B473D23387
S31533D0C2B0E473D233010052E330402DE90D00001A36
S31533D0C2C00050A0E3014085E274009FE50410A0E15D
S31533D0C2D00B1F00EB850085E068309FE5800180E059
S31533D0C2E0000183E09C4300EB005054E2F4FFFF0A95
S31533D0C2F00000A0E33080BDE8040093E50010A0E34E
S31533D0C3001020A0E31C3600EB010050E30050A0E12F
S31533D0C3100400000A30009FE50110A0E3F81E00EBBD
S31533D0C3200100A0E33080BDE80010A0E110009FE506
S31533D0C330F31E00EB0C009FE5874300EB0000A0E330
S31533D0C3403080BDE82C74D2330CBBD7333C74D23364
S31533D0C350F0462DE910D04DE20C908DE208A08DE257
S31533D0C3600920A0E10A30A0E104C08DE200C08DE5FA
S31533D0C3705AFFFFEB04309DE5012070E20020A03355
S31533D0C380000053E30030A00301300212000053E320
S31533D0C3900040A0E10060A0E31A00000A84709FE554
S31533D0C3A0060052E10650A0E11200000A053199E7A2
S31533D0C3B0001053E20700A0E16C7087E2050000BAA3
S31533D0C3C005219AE7023063E0033086E0016083E2E9
S31533D0C3D0A64300EB0040A0E1015095E20030A01314
S31533D0C3E00130A003000054E30030A0130130030220
S31533D0C3F0000053E3EBFFFFEA0610A0E128009FE5E8
S31533D0C400BF1E00EB040000EA000050E30200001A1E
S31533D0C41018009FE5B31E00EB014084E20400A0E18F
S31533D0C42010D08DE2F086BDE80CBBD7336874D233E7
S31533D0C4307C74D233F0402DE9010052E324D04DE25F
S31533D0C4400250A0E10060A0E10340A0E10070A0E378
S31533D0C450800000DA040093E518129FE5893400EBA7
S31533D0C460000050E30900001A0C029FE50110A0E347
S31533D0C470A31E00EB04429FE5B420D4E10400A0E12F
S31533D0C4800710A0E1012042E21C408DE5620000EAAC
S31533D0C490040094E51C108DE218208DE214308DE221
S31533D0C4A04FFEFFEB000050E31400000A020000AA4F
S31533D0C4B0CC019FE58B1E00EB690000EA1C309DE56D
S31533D0C4C0B8219FE5033062E04331A0E1832183E095
S31533D0C4D0823083E0833463E0033983E0A4019FE57C
S31533D0C4E018109DE514209DE5013063E2841E00EBE0
S31533D0C4F01C009DE518109DE514209DE5460000EA05
S31533D0C500020055E32B00001A0710A0E1040094E58E
S31533D0C51023208DE222308DE2930500EB000050E3E9
S31533D0C5204C00001AE20600EB040094E510108DE2BD
S31533D0C53021208DE20C308DE2740600EB000050E3FF
S31533D0C5404400001A10309DE5080093E50830D0E555
S31533D0C550010053E330019F153800001A0900D0E5A6
S31533D0C56018219FE5803080E0833183E0032182E058
S31533D0C5701C208DE50C109DE50C2092E5143091E509
S31533D0C580023083E008308DE510C091E50CC083E0EE
S31533D0C590041094E501C04CE20020A0E1EC009FE505
S31533D0C5A000C08DE504C08DE5551E00EB08009DE532
S31533D0C5B004109DE52C0000EA030055E32500001A4C
S31533D0C5C0CC109FE5040094E52E3400EB000050E305
S31533D0C5D0081094E51200001A0100A0E11020A0E360
S31533D0C5E00710A0E1643500EB010050E3A4009F159A
S31533D0C5F00110A0131900001A0010A0E178009FE5AE
S31533D0C6003F1E00EB74309FE5B420D3E11C308DE56B
S31533D0C6100300A0E10710A0E1012042E2134300EB6F
S31533D0C620120000EA040094E508208DE204308DE24E
S31533D0C63042FEFFEB000050E3020000AA58009FE50C
S31533D0C6402F1E00EB060000EA08009DE504109DE599
S31533D0C650010050E10400003A101096E53C009FE506
S31533D0C660271E00EB0100A0E3000000EA37FFFFEB03
S31533D0C67024D08DE2F080BDE8B474D233B874D233DB
S31533D0C6800CBBD733D074D233EC74D2331475D23394
S31533D0C6903475D2336C75D2333C74D2337475D2335A
S31533D0C6A0685BD23330402DE910D04DE208308DE27D
S31533D0C6B004C08DE20050A0E10100A0E10210A0E158
S31533D0C6C00C208DE200C08DE584FEFFEB04309DE572
S31533D0C6D0003053E20130A013000050E30030A013F2
S31533D0C6E0000053E30040A0E100E0A0E31A00000AC3
S31533D0C6F084C09FE584309FE508209CE5030052E152
S31533D0C7000D00000A0C109DE50E0051E10A0000BA67
S31533D0C71008009DE5000051E1070000CA003061E012
S31533D0C72001E083E20120A0E10C3082E0012082E2F5
S31533D0C730000052E15850C3E5FAFFFFDA40309FE5A7
S31533D0C740000055E33C109FE50E20A0E10310A00175
S31533D0C75034009FE5EA1D00EB040000EA000050E305
S31533D0C7600200001A24009FE5DE1D00EB014084E26F
S31533D0C7700400A0E110D08DE23080BDE80CBBD733B6
S31533D0C780FFFF00008875D2332090D233B06DD233C9
S31533D0C7907C74D233F0442DE9020052E328D04DE2F3
S31533D0C7A00250A0E10060A0E10340A0E1C50000DA69
S31533D0C7B0040093E52C139FE5B23300EB000050E32E
S31533D0C7C000A0A0010500000A040094E518139FE5E4
S31533D0C7D0AC3300EB000050E3BA00001A01A0A0E35B
S31533D0C7E0080094E504139FE5A63300EB007050E2BE
S31533D0C7F01800001AF8129FE5F8329FE5082091E524
S31533D0C800030052E120108DE50150A0E39D00000ACC
S31533D0C810E4329FE500005AE3E0129FE50520A0E11C
S31533D0C8200310A001D8029FE5B51D00EB20209DE56E
S31533D0C830B430D2E10700A0E1030050E1910000AA61
S31533D0C840023080E058A0C3E520209DE5B430D2E154
S31533D0C850010080E2F7FFFFEA080094E520108DE26D
S31533D0C8601C208DE218308DE25DFDFFEB000050E3E6
S31533D0C8701E00000A020000AA88029FE5991D00EB2C
S31533D0C880930000EA20C09DE564329FE50CC063E097
S31533D0C8904CC1A0E18C318CE083C08CE08CC46CE08D
S31533D0C8A054329FE500005AE30CC98CE04C129FE515
S31533D0C8B001C06CE20310A0014C029FE51C209DE51C
S31533D0C8C018309DE500C08DE58D1D00EB1C009DE530
S31533D0C8D018309DE5030050E16A0000CA20309DE54B
S31533D0C8E0033080E0010080E258A0C3E5F7FFFFEACA
S31533D0C8F0030055E33600001A0010A0E127208DE25D
S31533D0C900080094E526308DE2970400EB000050E31F
S31533D0C9106C00001AE60500EB080094E514108DE29E
S31533D0C92025208DE210308DE2780500EB000050E300
S31533D0C9306400001A14309DE5080093E50830D0E53D
S31533D0C940010053E31C00001A0950D0E5A0219FE51E
S31533D0C950853085E0833183E0032182E020208DE565
S31533D0C96010109DE50C3092E514E091E503E08EE0AE
S31533D0C9700CE08DE510C091E590319FE50CC08EE08B
S31533D0C98000005AE3042094E570119FE501C04CE2D0
S31533D0C9900310A00178019FE50530A0E100E08DE5D5
S31533D0C9A004C08DE508C08DE5551D00EB0C109DE513
S31533D0C9B008209DE50A00A0E1470000EA54319FE5FF
S31533D0C9C038119FE500005AE34C019FE50310A001CF
S31533D0C9D03E0000EA040055E33A00001A3C119FE5C5
S31533D0C9E0080094E5273300EB007050E20C1094E541
S31533D0C9F02600001A0100A0E11020A0E30710A0E121
S31533D0CA005D3400EB010050E30050A0E10110A013D8
S31533D0CA100C019F152D00001ADC309FE500005AE338
S31533D0CA20D8109FE5D8009FE50310A0010520A0E1DB
S31533D0CA30331D00EBB8109FE5B8309FE5082091E55C
S31533D0CA4020108DE5030052E1B430D1110700A01187
S31533D0CA500300001ACC009FE5221D00EB0500A0E1B0
S31533D0CA601E0000EA030050E1060000AA20309DE5FF
S31533D0CA70033080E058A0C3E520309DE5B430D3E110
S31533D0CA80010080E2F6FFFFEA0000A0E3130000EADC
S31533D0CA90080094E50C208DE208308DE227FDFFEBBC
S31533D0CAA0000050E3020000AA7C009FE5141D00EB82
S31533D0CAB0070000EA0C109DE508209DE5020051E100
S31533D0CAC00A00A0310400003A101096E55C009FE5C9
S31533D0CAD00B1D00EB0100A0E3000000EAF0FEFFEBF4
S31533D0CAE028D08DE2F084BDE88448D233FC66D23385
S31533D0CAF0B474D2330CBBD733FFFF00008875D2332F
S31533D0CB002090D2338C75D233D074D233A875D233F6
S31533D0CB10D475D233D875D2331476D2331876D2334A
S31533D0CB206C75D2333C74D2333C76D2337475D233BC
S31533D0CB30685BD23310402DE90030D0E52A0053E379
S31533D0CB400140A0E11020A0E30010A0E30300001AB7
S31533D0CB50010080E2083400EB002090E5030000EAC0
S31533D0CB601020A0E30010A0E3033400EB0020A0E1B3
S31533D0CB708431A0E10000E0E31003C2E11080BDE8C8
S31533D0CB800030D0E52A0053E30010A0E31020A0E311
S31533D0CB900EF0A011010080E2F73300EAF04E2DE912
S31533D0CBA00190A0E102B0A0E10350A0E100A0A0E142
S31533D0CBB0DE3200EBB4419FE50070A0E10060A0E324
S31533D0CBC0001094E50720A0E10A00A0E1B93200EBCA
S31533D0CBD0000050E3016086E25C00001A000094E561
S31533D0CBE0D23200EB000057E15800001A000055E36B
S31533D0CBF0047094E52C00001A0900A0E1DFFFFFEBA7
S31533D0CC000060A0E10B00A0E1DCFFFFEB0050A0E118
S31533D0CC100600A0E1C53200EB0040A0E10500A0E15B
S31533D0CC20C23200EB0510A0E1040050E10020A03160
S31533D0CC300420A0210600A0E19E3200EB050057E385
S31533D0CC4007F19F973F0000EA60CCD0336CCCD0331A
S31533D0CC5078CCD03380CCD03390CCD033A0CCD03367
S31533D0CC60010070E20000A033F08EBDE8000050E240
S31533D0CC700100A013F08EBDE8A00FA0E1F08EBDE881
S31533D0CC80000050E30000A0D30100A0C3F08EBDE86E
S31533D0CC90000050E30000A0C30100A0D3F08EBDE85E
S31533D0CCA00000E0E1A00FA0E1F08EBDE80510A0E1D1
S31533D0CCB00900A0E19EFFFFEB0510A0E10040A0E103
S31533D0CCC00B00A0E19AFFFFEB050057E307F19F97DF
S31533D0CCD01C0000EAECCCD033FCCCD03308CDD033E7
S31533D0CCE018CDD03328CDD03338CDD033000054E11E
S31533D0CCF00000A0130100A003F08EBDE8000054E07D
S31533D0CD000100A013F08EBDE8000054E10000A0A3CB
S31533D0CD100100A0B3F08EBDE8000054E10000A0D3EB
S31533D0CD200100A0C3F08EBDE8000054E10000A0C3DB
S31533D0CD300100A0D3F08EBDE8000054E10000A0B3CB
S31533D0CD400100A0A3F08EBDE80000A0E3F08EBDE8CD
S31533D0CD500C0056E3084084E298FFFF9A0A10A0E10C
S31533D0CD600C009FE5661C00EB0000A0E3F08EBDE817
S31533D0CD7058D6D233F476D233040052E310402DE969
S31533D0CD800210A0E10340A0E10030A0E188009FE586
S31533D0CD900300000A101093E5591C00EB0100A0E301
S31533D0CDA01080BDE8000094E52F0C00EB023080E212
S31533D0CDB0060053E303F19F97110000EAECCDD0334D
S31533D0CDC004CED03304CED033D8CDD033D8CDD03360
S31533D0CDD004CED033D8CDD0330030A0E1080084E2AE
S31533D0CDE0050090E8041094E5030000EA080084E2D5
S31533D0CDF0050090E8041094E50030A0E366FFFFEB1E
S31533D0CE00020000EA14009FE5361C00EB0000A0E3D5
S31533D0CE10010070E20000A0331080BDE8685BD233E6
S31533D0CE200C77D23310402DE90020A0E30140A0E1A6
S31533D0CE30513300EB003094E50020D3E54D0052E377
S31533D0CE400F00000A040000CA470052E30B00000A61
S31533D0CE504B0052E31080BD180A0000EA6B0052E350
S31533D0CE600800000A020000CA670052E31080BD18DA
S31533D0CE70020000EA6D0052E31080BD18000000EACC
S31533D0CE800005A0E10005A0E1013083E20005A0E171
S31533D0CE90003084E51080BDE801C0A0E10331CCE396
S31533D0CEA004E02DE5000053E3FFE4CCE3212FA0E1EA
S31533D0CEB00FE6CEE334109FE50A00000A0C3BA0E11F
S31533D0CEC000005EE32C2AA0E124109FE5233BA0E1AA
S31533D0CED00400000A000053E318109FE518109F157D
S31533D0CEE02C25A0E10C20A01104E09DE4F13400EA16
S31533D0CEF0707ED233787ED233807ED233887ED2332D
S31533D0CF0004E02DE5000050E304D04DE201C0A0E1AA
S31533D0CF101C00000ABC30D0E1030051E10D00003AC9
S31533D0CF20082090E508C0D2E560009FE510E092E591
S31533D0CF3002005CE30930D2E554209FE50020A011EE
S31533D0CF4050009FE500E08DE5ED1B00EB0C0000EAC9
S31533D0CF500200A0E10B0000EA102090E5100080E239
S31533D0CF60000052E10010A0E30500000A0C0051E1A5
S31533D0CF70011081E2F5FFFF0A002092E5000052E16D
S31533D0CF80F8FFFFEA0000A0E304D08DE20080BDE8CD
S31533D0CF908C7ED233907ED233987ED23310402DE9E5
S31533D0CFA0B8C09FE500409CE5000054E310D04DE275
S31533D0CFB02200000AA8209FE5001092E50000A0E3E6
S31533D0CFC0020051E10900000A00309CE5030051E12B
S31533D0CFD00D00000ABC30D1E1001091E5033080E07A
S31533D0CFE00338A0E1020051E12308A0E1F4FFFFEAC0
S31533D0CFF068309FE5000093E568309FE50010D3E5B0
S31533D0D000BEFFFFEB081090E5100000EA54309FE5E1
S31533D0D0100020D3E5022080E00228A0E12228A0E137
S31533D0D0200D00A0E140109FE5A23400EB0D10A0E136
S31533D0D03038009FE50D40A0E1B51500EBEBFFFFEAD5
S31533D0D0400410A0E124009FE5B11500EB0410A0E154
S31533D0D0501C009FE5AE1500EB10D08DE21080BDE8F5
S31533D0D0603895D3333095D3333C95D333DC4AD23317
S31533D0D070CC7ED233D87ED23330402DE984309FE53F
S31533D0D080004093E514D04DE204508DE2000054E3D2
S31533D0D0900500A0E170109FE51200000A082094E540
S31533D0D0A068309FE508E0D2E564C09FE50040D3E51C
S31533D0D0B002005EE30930D2E558209FE50C20A0115B
S31533D0D0C000408DE57B3400EB0510A0E148009FE5A9
S31533D0D0D08F1500EB0510A0E11020A0E33C009FE5AF
S31533D0D0E0443100EB040000EA2C009FE50410A0E1A4
S31533D0D0F0871500EB24309FE50040C3E5A6FFFFEB51
S31533D0D10014D08DE23080BDE83895D333E47ED23334
S31533D0D1103C95D3338C7ED233907ED233EC7ED2339E
S31533D0D120C497D333F0462DE9103091E5010073E33C
S31533D0D1300C309005142091050330620010308105F0
S31533D0D140147091E50C3090E5030057E10160A0E10E
S31533D0D1500720A08110109085B4019F850B00008ADB
S31533D0D16010A096E50A2087E0070052E10A00008A2C
S31533D0D1700820D0E59C319FE5020052E398119FE514
S31533D0D1800920D0E50310A01190019FE5083096E52C
S31533D0D1905B1B00EB0100A0E3F086BDE8030052E150
S31533D0D1A00300009A101090E574019FE5541B00EBF1
S31533D0D1B0F7FFFFEA0890D0E5FF3009E2020053E3E8
S31533D0D1C01700001A0940D0E558319FE5042184E091
S31533D0D1D0822184E0823183E00C5093E50700A0E1CD
S31533D0D1E00510A0E1E54200EB000050E30420A01186
S31533D0D1F00830961530019F150700001A0A00A0E1B2
S31533D0D2000510A0E1DD4200EB000050E3F086BD0807
S31533D0D210083096E514019FE50420A0E1F8109FE588
S31533D0D220DAFFFFEA010053E30100A013F086BD18FD
S31533D0D2300950D0E5F8209FE5853085E0833183E00A
S31533D0D240031182E0B440D1E100E0A0E304005EE113
S31533D0D250090000AA01C0A0E10C309CE50C2091E571
S31533D0D260033062E0070053E101E08EE204C08CE282
S31533D0D2700900000A04005EE1F6FFFFBA94309FE559
S31533D0D280020059E390109FE59C009FE50310A0114F
S31533D0D290083096E50520A0E1BCFFFFEAB440D1E1E2
S31533D0D2A0143096E500E0A0E304005EE10A0083E0A3
S31533D0D2B0090000AA01C0A0E10C309CE50C2091E511
S31533D0D2C0033062E0000053E101E08EE204C08CE229
S31533D0D2D00800000A04005EE1F6FFFFBA003091E59C
S31533D0D2E0000053E10300000A020059E328109F05DA
S31533D0D2F00300000A010000EA0000A0E3F086BDE88F
S31533D0D30010109FE5083096E520009FE50520A0E173
S31533D0D3109EFFFFEAF87ED2338C7ED233907ED233E1
S31533D0D320247FD233487FD233E090D333707FD23316
S31533D0D330A87FD2330CBBD73330402DE90040A0E1A0
S31533D0D340000090E5040050E1005090E53080BD08F0
S31533D0D3500C0090E80010A0E3002083E5043082E58A
S31533D0D360001080E5041080E5301C00EB040055E155
S31533D0D3700500A0E1005095E5F4FFFF1A3080BDE8F3
S31533D0D38030402DE90040A0E1100080E2E9FFFFEB09
S31533D0D390042094E5003094E50050A0E3003082E5D4
S31533D0D3A0042083E5005084E5045084E50400A0E1ED
S31533D0D3B01E1C00EB44109FE5003091E5030054E189
S31533D0D3C03C209FE50A00001A003092E5020053E173
S31533D0D3D00020A0130120A003050052E100308105BF
S31533D0D3E020309F05005081150020C30521FFFFEB68
S31533D0D3F0000000EAE8FEFFEB0000A0E33080BDE892
S31533D0D4003895D3333095D3333C95D33370402DE9D8
S31533D0D4100140A0E1200084E5103090E5106080E231
S31533D0D420060053E10020A0130120A003000052E3ED
S31533D0D4300050A0E10B00000A003081E5041083E5EB
S31533D0D440046081E5BC30D0E1013083E2BC30C0E149
S31533D0D450101085E52B0000EAEC009FE5A81A00EB07
S31533D0D4600100A0E37080BDE8E0309FE5003093E55E
S31533D0D470030050E102C0A0E10300001AD0309FE58B
S31533D0D4800010D3E59DFEFFEB00C0A0E1102095E55B
S31533D0D490060052E12000000A143094E5141092E5C8
S31533D0D4A0010053E10100001A000053E3E9FFFF0AFC
S31533D0D4B0010053E11600008A043092E5002084E55A
S31533D0D4C0044082E5004083E5043084E5BC30D5E1C1
S31533D0D4D000005CE3013083E2BC30C5E10900000AC9
S31533D0D4E0142092E514309CE5030052E10500008AFE
S31533D0D4F05C209FE50030D2E5013083E20030C2E5CF
S31533D0D500DCFEFFEB000000EAA3FEFFEB0000A0E356
S31533D0D5107080BDE8002092E5DCFFFFEA103085E26B
S31533D0D520042093E5003084E5044083E5004082E56A
S31533D0D530042084E5BC30D5E1013083E2BC30C5E18B
S31533D0D54095FEFFEB0000A0E37080BDE8D87FD233E1
S31533D0D5503895D3333C95D33370402DE9004090E59D
S31533D0D5600050A0E1050054E1006094E50B00000AB9
S31533D0D5700C0094E80010A0E3002083E5043082E564
S31533D0D580001084E5041084E5100084E269FFFFEBD4
S31533D0D5900400A0E10640A0E1A41B00EBF0FFFFEAB4
S31533D0D5A00C309FE50000A0E3043083E5003083E5FB
S31533D0D5B07080BDE83095D33304E02DE548E09FE560
S31533D0D5C000209EE5FF0000E20E0052E1FF1001E29B
S31533D0D5D00B00000A08C092E50830DCE5000053E1C1
S31533D0D5E00400001A0930DCE5010053E10100001ACA
S31533D0D5F00200A0E104F09DE4002092E50E0052E152
S31533D0D600F2FFFFEA0000A0E304F09DE43095D33374
S31533D0D61020209FE50030A0E304E02DE5003082E5FD
S31533D0D62014209FE50030C2E592FEFFEB0C009FE558
S31533D0D63004E09DE4C7FFFFEA3895D333C495D3339B
S31533D0D6403095D333F04E2DE90030A0E328D04DE2D8
S31533D0D65010108DE50C208DE5003082E5003081E564
S31533D0D66020208DE23A10A0E30060A0E120208DE5A2
S31533D0D67024208DE51C008DE5203000EB000050E3EF
S31533D0D6801C008DE5A4049F05FE00000AA0749FE517
S31533D0D690013080E2004097E5005066E01C308DE5DE
S31533D0D6A0070054E101B085E20E00000A100094E57C
S31533D0D6B01E3000EB000055E10610A0E10520A0E1B5
S31533D0D6C00300001A100094E5FA2F00EB00A050E2C5
S31533D0D6D00200000A004094E5070054E1F1FFFFEA67
S31533D0D6E0009054E20400001A01104BE20620A0E168
S31533D0D6F040049FE5021A00EBE60000EA3B10A0E3B4
S31533D0D7001C009DE5FD2F00EB0910D9E50800D9E5BE
S31533D0D710A8FFFFEB04A08DE508A08DE5004050E2CD
S31533D0D7201430941518308D151C009DE514208312B2
S31533D0D730060012180110821004108D15000050E324
S31533D0D740A600000A0030D0E5000053E3A300000A58
S31533D0D7503B0053E3A100000A0030A0E314008DE56B
S31533D0D7601C308DE518308DE50030D0E52D0053E3F0
S31533D0D770013080021C508DE200A0E00314308D05B9
S31533D0D7800800000A14108DE2A5FDFFEB010A50E321
S31533D0D79000A0A0E10300002A0010A0E198039FE582
S31533D0D7A0D71900EB8D0000EA14209DE50030D2E581
S31533D0D7B0400053E300B0E0E30500001A013082E2C3
S31533D0D7C00300A0E114108DE214308DE594FDFFEB08
S31533D0D7D000B0A0E114209DE50030D2E5280053E314
S31533D0D7E01670A0130060A0131000001A013082E225
S31533D0D7F00300A0E12910A0E30360A0E114308DE546
S31533D0D800BE2F00EB000050E314008DE52C039F05AB
S31533D0D8102F00000A003066E0017083E2010057E33F
S31533D0D8201C039F052A00000A013080E214308DE5AF
S31533D0D83010139FE514009DE50220A0E39D2F00EB46
S31533D0D8400030A0E3000050E300308DE514309D0561
S31533D0D8500230830214308D050110A00300108D05DC
S31533D0D86014309DE50010D3E52C0051E30800001A9F
S31533D0D87001007AE3D0029F050030A003003085053E
S31533D0D8801300000A013083E2003085E514308DE58C
S31533D0D890090000EA000051E33B0051130040A013C6
S31533D0D8A00140A003003085050300000A9C029FE5A2
S31533D0D8B0931900EB004085E5480000EA245087E20F
S31533D0D8C00500A0E15E1B00EB004050E20200001AD7
S31533D0D8D07C029FE58A1900EB400000EA0520A0E1DF
S31533D0D8E00010A0E3323000EB00209DE5240084E223
S31533D0D8F0000056E31C2084E510A084E514B084E5FB
S31533D0D900080084E50400000A0610A0E1012047E2AE
S31533D0D910382F00EB0030A0E3040000EA0B30A0E14F
S31533D0D9200A20A0E12C129FE5623200EB0130A0E34E
S31533D0D9300C30C4E5083094E50020A0E3073083E00B
S31533D0D940020054E1012043E5004084E5044084E5F8
S31533D0D95018408DE52100000A142094E5010072E3C6
S31533D0D96004109D05141084050900A0E118109DE517
S31533D0D97004208D15EAFDFFEB000050E31700001AA3
S31533D0D98018309DE524209DE520108DE2001083E5E7
S31533D0D990101093E5003082E524308DE5042083E5FD
S31533D0D9A008209DE51C009DE5013082E204209DE5EB
S31533D0D9B00338A0E1012082E02338A0E1000050E310
S31533D0D9C00C008DE90800000A0030D0E5000053E39F
S31533D0D9D00500000A3B0053E35EFFFF1A020000EA5C
S31533D0D9E020008DE253FEFFEB2A0000EA08309DE596
S31533D0D9F0000053E30900001A0820D9E558319FE5D2
S31533D0DA00020052E354119FE554019FE50310A01150
S31533D0DA100920D9E5103099E5391900EB1D0000EA14
S31533D0DA201C309DE5000053E31100000A0010D3E506
S31533D0DA303B0051E310109D05013083020030810540
S31533D0DA401C308D050A00000A000051E310209D05D5
S31533D0DA50003082050600000A08019FE5281900EB3D
S31533D0DA6010109DE50030A0E30100A0E3003081E53E
S31533D0DA702C0000EA1800A0E3F11A00EB004050E284
S31533D0DA800600001AC8009FE51D1900EB010000EA15
S31533D0DA900400A0E139FEFFEB0100A0E3210000EA48
S31533D0DAA01820A0E30010A0E3C12F00EB103084E29E
S31533D0DAB00020A0E3089084E5BC20C4E1103084E58F
S31533D0DAC0004084E520C09DE520608DE2043083E5B7
S31533D0DAD0044084E506005CE100509CE50E00000A64
S31533D0DAE018C08DE50C009CE80010A0E3002083E538
S31533D0DAF0043082E500108CE504108CE50400A0E1F7
S31533D0DB0018109DE540FEFFEB000050E305C0A0E1C1
S31533D0DB10DEFFFF1A060055E1EEFFFFEA0C309DE536
S31533D0DB20004083E50000A0E328D08DE2F08EBDE837
S31533D0DB30C482D2332895D3330480D2332080D233A0
S31533D0DB404080D2336880D2338080D2338480D2330C
S31533D0DB50B880D233EC80D233FC80D2338C7ED2337E
S31533D0DB60907ED2330C81D2333081D233F0402DE90B
S31533D0DB700240A0E10020A0E304D04DE20020C4E56A
S31533D0DB800160A0E1042082E2B4109FE50370A0E1E6
S31533D0DB900050A0E100008DE5C62E00EB000050E327
S31533D0DBA000009DE50230A003042080020030C40576
S31533D0DBB000208D050D00000A88109FE50320A0E3D1
S31533D0DBC0BC2E00EB000050E30500001A00309DE573
S31533D0DBD00120A0E3033083E20020C4E500308DE595
S31533D0DBE0020000EA60009FE50510A0E1070000EAD5
S31533D0DBF000009DE554209FE50030D0E50330D2E7D1
S31533D0DC00040013E30400001A44009FE50510A0E195
S31533D0DC10BB1800EB0100A0E3070000EA0D10A0E12A
S31533D0DC200020A0E3D42F00EB0000C7E5000056E375
S31533D0DC3000309D15003086150000A0E304D08DE268
S31533D0DC40F080BDE8907ED2338C7ED2336081D233AE
S31533D0DC50E954D3338081D233F04E2DE99C229FE5DC
S31533D0DC60003092E5020053E10030A00330D04DE2CC
S31533D0DC700C008DE5016041E20340A0010030C005C0
S31533D0DC809100000A78129FE58A3100EB6C329FE51A
S31533D0DC900C209DE500A093E5095082E203005AE1BA
S31533D0DCA08100000A08309AE5100093E59F2E00EBE9
S31533D0DCB0014080E2060054E17F00008A08309AE5BD
S31533D0DCC00020A0E1101093E50500A0E14C2F00EB26
S31533D0DCD0042085E03A30A0E3013042E50090A0E35A
S31533D0DCE010709AE510308AE208028DE8030057E1C6
S31533D0DCF0066064E00250A0E15E00000A142097E586
S31533D0DD0010B08DE2101097E50B00A0E108208DE519
S31533D0DD1060FCFFEB0B00A0E1842E00EB04309DE5D5
S31533D0DD20060050E1013083E20040A0E104308DE5B6
S31533D0DD306100008A0500A0E10420A0E10B10A0E128
S31533D0DD402F2F00EB08209DE5013079E20030A03348
S31533D0DD50000052E30030A003000053E3066064E0D2
S31533D0DD60045085E00700001A000059E31600000A74
S31533D0DD70143089E20C0013E8022083E0143097E59F
S31533D0DD80030052E11000000A08109DE50B00A0E114
S31533D0DD9040FCFFEB0B00A0E1642E00EB014080E2A8
S31533D0DDA0060054E14400008A4030A0E30130C5E494
S31533D0DDB00020A0E10B10A0E10500A0E1102F00EB6D
S31533D0DDC0043085E0066064E0015043E20C30D7E599
S31533D0DDD0000053E30F00001A080097E5532E00EBEB
S31533D0DDE0024080E2060054E13300008A2830A0E3B3
S31533D0DDF00130C5E40020A0E1081097E50500A0E185
S31533D0DE00FF2E00EB042085E02930A0E3023042E533
S31533D0DE10066064E0015042E21C3097E5000053E3DC
S31533D0DE200600000A010056E32300009A7230A0E3BD
S31533D0DE300130C5E4033043E20130C5E4026046E243
S31533D0DE40BC30DAE104209DE5020053E10400009AA8
S31533D0DE50000056E31800000A2C30A0E30130C5E4A5
S31533D0DE60016046E20790A0E100309DE5007097E56A
S31533D0DE70030057E19FFFFFEA00309AE57C209FE508
S31533D0DE80020053E10400000A000056E30A00000AF8
S31533D0DE903B30A0E30130C5E4016046E200A09AE509
S31533D0DEA058309FE503005AE17CFFFFEA0030A0E308
S31533D0DEB00340A0E10030C5E5030000EA44309FE5D6
S31533D0DEC00020A0E30020C3E50140A0E30C309DE55C
S31533D0DED00020D3E5013024E2000052E30010A00342
S31533D0DEE001100312000051E30C109D1518009FE565
S31533D0DEF0071200EB0400A0E130D08DE2F08EBDE8FE
S31533D0DF003095D333A081D233C495D333C85BD23390
S31533D0DF10F04E2DE97C919FE5004099E508D04DE24E
S31533D0DF20090054E10060A0E101A0A0E10270A0E1B4
S31533D0DF3003B0A0E11600000A0030A0E30030C7E5F5
S31533D0DF4000408AE5105094E5103084E2030055E161
S31533D0DF500C00000A00508BE50610A0E1080095E5C9
S31533D0DF60C82D00EB000050E34800000A0030D7E557
S31533D0DF70013083E20030C7E500309AE5005095E5AD
S31533D0DF80103083E2F0FFFFEA004094E5090054E114
S31533D0DF90E7FFFFEA0030A0E300308AE507208DE2C1
S31533D0DFA000308BE50600A0E10030C7E50D10A0E1C7
S31533D0DFB006308DE200608DE5EBFEFFEB002050E2BC
S31533D0DFC00D40A0E12300001A00009DE50130D0E4D6
S31533D0DFD02C0053E300008DE50200001A0030D0E563
S31533D0DFE0000053E30200001AAC009FE5C41700EBE0
S31533D0DFF0180000EA0D10A0E1DF2E00EB00309DE5CE
S31533D0E0000050D3E5000055E3FF6000E20300000A79
S31533D0E0100510A0E184009FE5B91700EB0D0000EAA7
S31533D0E0200700DDE50610DDE562FDFFEB000050E3CA
S31533D0E03000008AE50900001A0720DDE560309FE548
S31533D0E040020052E35C109FE55C009FE50310A011FC
S31533D0E0500620DDE5AA1700EB0100A0E30B0000EAAA
S31533D0E0600610A0E1A5FBFFEB000050E300008BE5E3
S31533D0E0700040A0E10060C7150500A0110300001AC7
S31533D0E08028009FE59E1700EB00408AE50100A0E308
S31533D0E09008D08DE2F08EBDE83095D333AC81D23310
S31533D0E0A0CC81D2338C7ED233907ED233F081D2337D
S31533D0E0B00882D233F04E2DE9E8559FE5004095E5F9
S31533D0E0C0000054E32CD04DE21300001AD8359FE527
S31533D0E0D0D8C59FE5043083E5003083E50410A0E14D
S31533D0E0E08020A0E3C8059FE504C08CE500C08CE54D
S31533D0E0F02F2E00EB0410A0E1022CA0E3B4059FE54C
S31533D0E1002B2E00EB0410A0E1AC059FE51020A0E345
S31533D0E110272E00EB0130A0E3003085E59C059FE543
S31533D0E120991100EB00A0A0E194059FE5961100EB81
S31533D0E1300090A0E18C059FE5931100EB0030A0E36E
S31533D0E140000050E31C30CDE50010A0111020A013F1
S31533D0E1501C008D12272D001B00005AE368A59F059E
S31533D0E16058059F050A10A0016911000B0A00A0E1DA
S31533D0E1706E2D00EB7F0050E350059F858010A08332
S31533D0E1800A00008A000059E30200001A40059FE5D1
S31533D0E1905B1700EB070000EA0900A0E1632D00EB23
S31533D0E1A0020C50E30300003A28059FE5021CA0E396
S31533D0E1B0531700EB050100EAF4649FE50030D6E54A
S31533D0E1C0000053E30D00000A0600A0E10A10A0E1D7
S31533D0E1D02C2D00EB000050E300008D05A600000A7D
S31533D0E1E0060000EAF0049FE5000000EAEC049FE560
S31533D0E1F0431700EB8C0000EAE4049FE5FBFFFFEA0C
S31533D0E200A4549FE50130A0E3000095E500308DE5B9
S31533D0E21014A08DE5050050E1004090E50900000AD1
S31533D0E2200C0090E80010A0E3002083E5043082E5AB
S31533D0E230001080E5041080E57C1800EB0400A0E1E3
S31533D0E240050054E1F3FFFFEA14009DE558349FE50A
S31533D0E2500020A0E3000050E30020C6E5043083E578
S31533D0E260003083E57000000A0030D0E5020053E178
S31533D0E2706D00000A14108DE21B208DE21A308DE228
S31533D0E28039FEFFEB000050E36700001A14209DE5FA
S31533D0E2900030D2E53D0053E3D1FFFF1A1B10DDE545
S31533D0E2A0013082E2010051E314308DE51A20DDE5E9
S31533D0E2B00700001A000052E328349F0500B09305B7
S31533D0E2C00E00000A0030A0E11C149FE51C049FE524
S31533D0E2D0080000EA020051E36100001A000052E35D
S31533D0E2E00C349F0508B093050400000A0030A0E132
S31533D0E2F000149FE500049FE5011700EB580000EAB0
S31533D0E30014709DE52C10A0E30700A0E1FB2C00EBA5
S31533D0E310000050E3003067100120801214008DE5E1
S31533D0E3200160831214208D150200001A0700A0E174
S31533D0E330FE2C00EB016080E2000056E3AAFFFF0A11
S31533D0E34064139FE5000091E5010050E11200000A05
S31533D0E3500820D0E51B30DDE5030052E10300001A77
S31533D0E3600920D0E51A30DDE5030052E10100000A79
S31533D0E370000090E5F3FFFFEA1B20DDE568339FE528
S31533D0E380020052E36C139FE570039FE50310A0118F
S31533D0E3901A20DDE5DA1600EB230000EA145086E2C4
S31533D0E3A00500A0E1A61800EB004050E291FFFF0A2A
S31533D0E3B00520A0E10010A0E37D2D00EB1A30DDE57A
S31533D0E3C00930C4E51B30DDE5140084E20830C4E5FA
S31533D0E3D0012046E20CB084E5100084E50710A0E1B5
S31533D0E3E0842C00EB103094E50020A0E3063083E094
S31533D0E3F0012043E5044084E5AC329FE5042093E520
S31533D0E400003084E5044083E5004082E5042084E58A
S31533D0E41014009DE5000050E31300000A0030D0E528
S31533D0E420000053E392FFFF1A0F0000EA78529FE5BC
S31533D0E430000095E5050050E1004090E50800000A5C
S31533D0E4400C0090E80010A0E3002083E5043082E589
S31533D0E450001080E5041080E5F41700EB0400A0E14A
S31533D0E460F3FFFFEA69FCFFEB580000EA0A10A0E19C
S31533D0E4703C029FE58020A0E35E2C00EB000059E3FD
S31533D0E4806000000A2C029FE50030D0E5000053E34C
S31533D0E4900600000A0910A0E17A2C00EB000050E305
S31533D0E4A00200001A00309DE5000053E35300000A02
S31533D0E4B010908DE555FCFFEB000050E340029F15DD
S31533D0E4C04100001AF8019FE5AF1000EB34129FE5F7
S31533D0E4D00920A0E310008DE5762C00EB000050E345
S31533D0E4E024029F153800001A10209DE5093082E2A8
S31533D0E4F0000053E210308DE52800000A0930D2E50A
S31533D0E500000053E32500000A10108DE20C208DE273
S31533D0E5104BFCFFEB000050E32000001A0C309DE596
S31533D0E520000053E31D00000A083093E50910D3E504
S31533D0E5300800D3E51FFCFFEB000050E36C119FE5D9
S31533D0E5400C209DE50900000A080092E50820D0E5A5
S31533D0E55094319FE5020052E398119FE50920D0E527
S31533D0E5600310A011A4019FE5651600EB0B0000EA5A
S31533D0E570043091E5001082E5042081E5002083E55F
S31533D0E580043082E510009DE5000050E30600000A12
S31533D0E5900030D0E5000053E3DAFFFF1A020000EA79
S31533D0E5A008019FE5EBFBFFEB080000EAFC409FE553
S31533D0E5B0003094E5040053E10050A0130150A0037A
S31533D0E5C0000055E30300000A44019FE54C1600EBE7
S31533D0E5D00100A0E3310000EA022CA0E3D4009FE58A
S31533D0E5E00910A0E1032C00EB003094E524219FE5FC
S31533D0E5F0003082E520319FE50050C3E59DFAFFEB2D
S31533D0E600000059E30800001AA8309FE50030D3E55F
S31533D0E610000053E30100000AFCFBFFEB1F0000EAC6
S31533D0E620000059E30900A0011C00000A1C30DDE5C7
S31533D0E630000053E31300000A1C408DE20400A0E12E
S31533D0E64074109FE50F2C00EB000050E30D00000A49
S31533D0E6500400A0E108108DE219208DE204308DE25A
S31533D0E6602AFEFFEB000050E30B00001A08209DE58D
S31533D0E670A0309FE51910DDE5002083E598309FE57E
S31533D0E6800010C3E5030000EA38009FE53E1000EBE7
S31533D0E690000050E30000001A76FAFFEB0000A0E347
S31533D0E6A02CD08DE2F08EBDE84095D3332895D33335
S31533D0E6B03095D3334495D333C495D333C497D333E7
S31533D0E6C01C82D233C85BD233EC7ED2332482D2335C
S31533D0E6D03882D2335082D2338082D2339C82D23371
S31533D0E6E0BC82D233EC80D2330CBBD7338C7ED2338D
S31533D0E6F0DC82D233E090D333907ED2331083D2338D
S31533D0E7004483D2338083D233A081D233A483D233DA
S31533D0E710D883D2331484D2333895D3333C95D33349
S31533D0E720F0442DE950619FE50CD04DE24C019FE585
S31533D0E7300340A0E10250A0E100A096E5121000EB11
S31533D0E7403C319FE5000050E30070A0110370A00167
S31533D0E750020055E3047094050800000A030055E31C
S31533D0E7600600001A040094E50010A0E31020A0E3BD
S31533D0E770012D00EB000086E5087094E500A0A0E1FA
S31533D0E7804BFEFFEB000050E33800001AF4309FE520
S31533D0E790000093E5F0309FE50010D3E5D7F9FFEBD2
S31533D0E7A0004050E23100000A6B4000EBDC209FE59D
S31533D0E7B0DC309FE5000050E30260A0010360A01176
S31533D0E7C00610A0E1CC009FE50720A0E10A30A0E1F6
S31533D0E7D0CB1500EB0400A0E15F4000EB000050E323
S31533D0E7E00400000A0410A0E10A00A0E10720A0E14A
S31533D0E7F0403F00EB030000EA0410A0E10A00A0E199
S31533D0E8000720A0E1194700EB000050E30050A0E108
S31533D0E8100D0000DA0610A0E10A30A0E10020A0E115
S31533D0E82074009FE5B61500EB0D00A0E16C109FE5A3
S31533D0E8300520A0E19F2E00EB0D10A0E160009FE5EF
S31533D0E8400D40A0E1B20F00EB040000EA0610A0E1C0
S31533D0E8500730A0E14C009FE50520A0E1A81500EBD9
S31533D0E860000055E30000A0C30100A0D3000000EAA6
S31533D0E8700100A0E30CD08DE2F084BDE838D6D23394
S31533D0E880E449D2333884D2333895D3333C95D333E2
S31533D0E8904084D2334884D2335084D2337084D23303
S31533D0E8A0945FD233C44BD233A084D23330402DE9A4
S31533D0E8B0020052E364509FE504509305FCFDFFEB11
S31533D0E8C0000050E30100A0133080BD1850309FE5CF
S31533D0E8D0000093E54C309FE50010D3E587F9FFEB85
S31533D0E8E0004050E20100A0033080BD081A4000EB4F
S31533D0E8F0000050E30300000A0400A0E10510A0E1B4
S31533D0E900893F00EB020000EA0400A0E10510A0E144
S31533D0E910AD4400EB010070E20000A0333080BDE897
S31533D0E920A44ED2333895D3333C95D33310402DE9D7
S31533D0E930DFFDFFEB000050E30100A0E31080BD18EC
S31533D0E94064309FE50010D3E560309FE5000093E552
S31533D0E9506AF9FFEB004050E20100A0031080BD08F6
S31533D0E960FD3F00EB48309FE5000050E344109FE570
S31533D0E97044009FE50310A011611500EB0400A0E11C
S31533D0E980F53F00EB000050E30400A0E10100000A9C
S31533D0E990BF3F00EB010000EA0400A0E1AF4700EB34
S31533D0E9A0010070E20000A0331080BDE83C95D3332C
S31533D0E9B03895D3334884D2334084D233C084D23398
S31533D0E9C030402DE90CD04DE20240A0E10350A0E116
S31533D0E9D0B7FDFFEB000050E30100A0E32000001A9F
S31533D0E9E0010054E304108DE20B208DE20D30A0E10B
S31533D0E9F074009FE5020000CA411500EB0100A0E385
S31533D0EA00170000EA040095E540FDFFEB004050E2E5
S31533D0EA100100A0E31200001A04209DE54C309FE597
S31533D0EA200B10DDE5002083E544309FE50010C3E5C8
S31533D0EA3090F9FFEB04309DE5080093E50820D0E547
S31533D0EA4030309FE5020052E32C109FE50920D0E504
S31533D0EA500310A01124009FE50B30DDE5281500EB1C
S31533D0EA600400A0E10CD08DE23080BDE8DC84D23313
S31533D0EA703895D3333C95D3338C7ED233907ED233C1
S31533D0EA80F884D233F0442DE9020052E35CD04DE220
S31533D0EA900260A0E10070A0E10350A0E11B00001A90
S31533D0EAA0040093E5F0149FE5F62A00EB004050E2DC
S31533D0EAB00B00001AE4049FE5E4149FE5140F00EB32
S31533D0EAC0E0049FE5E0149FE5110F00EBDC049FE5EE
S31533D0EAD00410A0E10E0F00EB75FDFFEB0400A0E1AF
S31533D0EAE02B0100EA040095E5C4149FE5E52A00EB33
S31533D0EAF0004050E20500001A6DFDFFEB0410A0E193
S31533D0EB00A0049FE5020F00EBC0FAFFEB200100EA29
S31533D0EB1067FDFFEB000050E31C01001A010056E3FA
S31533D0EB205200001A8CA49FE500509AE50A0055E1AD
S31533D0EB302200000A082095E508C0D2E578049FE57F
S31533D0EB4002005CE3BCE0D5E1103092E56C149FE56E
S31533D0EB500920D2E50010A01164049FE500E08DE5CD
S31533D0EB60E71400EB5C049FE5E51400EB100095E564
S31533D0EB70107085E2070050E10060A0E30D00000A73
S31533D0EB80141090E5082090E5103090E500108DE50F
S31533D0EB901CC090E50040A0E10610A0E128049FE513
S31533D0EBA004C08DE5D61400EB000094E5016086E20F
S31533D0EBB0070050E1F0FFFFEA005095E5DAFFFFEAB0
S31533D0EBC0F0239FE5003092E5020053E1FC039F0525
S31533D0EBD0CB14000BF8539FE5000095E5000050E3C6
S31533D0EBE01800000AEC639FE50010D6E5C3F8FFEBB7
S31533D0EBF0004050E21100000A003095E5081094E544
S31533D0EC00083093E508E0D3E50920D3E500108DE548
S31533D0EC10103094E504308DE59C039FE514C094E51C
S31533D0EC2002005EE30030D6E590139FE50010A011C5
S31533D0EC30A4039FE508C08DE5B11400EB010000EACB
S31533D0EC4098039FE5AE1400EB94039FE5AC1400EB29
S31533D0EC5090039FE548139FE5A91400EB88039FE5FE
S31533D0EC6044139FE5A61400EB0000A0E3C80000EAE6
S31533D0EC70053046E2010053E37A00008A040095E575
S31533D0EC8068139FE57F2A00EB000050E37500001A26
S31533D0EC900010A0E11B208DE2080095E51A308DE2F5
S31533D0ECA0B1FBFFEB000050E3B800001A40139FE5E9
S31533D0ECB0002091E51BC0DDE51A00DDE5010052E108
S31533D0ECC00A00000A0830D2E50C0053E10200001ADC
S31533D0ECD00930D2E5000053E10200000A002092E564
S31533D0ECE0010052E1F5FFFFEA006052E20200001A5A
S31533D0ECF0081095E5FC029FE5A30000EA100096E5DF
S31533D0ED008A2A00EB013080E20C0095E5FF4003E21E
S31533D0ED10862A00EB003084E0100095E5FF4003E20D
S31533D0ED20822A00EB143095E5000084E0020080E2BD
S31533D0ED30000053E3FF4000E20400000A0300A0E1E1
S31533D0ED407A2A00EB020050E302308402FF400302FA
S31533D0ED503F0054E3A0029F854000008A14C095E556
S31533D0ED6098129FE510E095E500005CE31C408DE2F8
S31533D0ED7001C0A001102096E50C3095E580129FE5B1
S31533D0ED800400A0E100E08DE504C08DE5492D00EB0C
S31533D0ED900400A0E10010A0E314208DE228FAFFEBA3
S31533D0EDA0000050E37900001A14309DE5000053E398
S31533D0EDB07600000A083093E50910D3E50800D3E589
S31533D0EDC0FCF9FFEB004050E214109DE50F00001A1A
S31533D0EDD0E0219FE5003092E5020053E1F4319F05FF
S31533D0EDE00040C305E8319F05001083050400A0E138
S31533D0EDF0043092E50100A003000050E3002081E502
S31533D0EE00041082E5001083E5043081E54E0000EA34
S31533D0EE10105091E5080094E50510A0E1C0F8FFEB5A
S31533D0EE20000050E30400001A0400A0E10510A0E16D
S31533D0EE3075F9FFEB000050E30200000A14009DE59C
S31533D0EE404EF9FFEB510000EAB8019FE5021CA0E36F
S31533D0EE5080FBFFEB000050E34D00000AA8019FE58D
S31533D0EE60271400EB490000EA030056E34400001AA6
S31533D0EE70040095E594119FE5022A00EB000050E398
S31533D0EE803F00001A084095E510108DE20400A0E14A
S31533D0EE9019208DE20C308DE21CFCFFEB000050E3E1
S31533D0EEA03400001A10509DE5BC60D5E1010056E31D
S31533D0EEB00070A0E10C409DE52800000A10319FE593
S31533D0EEC0003093E5030055E11200001A04619FE543
S31533D0EED00500A0E10010D6E508F8FFEB000050E3BB
S31533D0EEE00C00000A040050E10300001A20019FE50C
S31533D0EEF0031400EB0070C6E5050000EA143094E540
S31533D0EF00142090E5020053E10030D6950130439278
S31533D0EF100030C6950170A0E3003094E5042094E523
S31533D0EF200010A0E3003082E5042083E5001084E5A9
S31533D0EF30041084E50400A0E13C1500EBBC30D5E1E8
S31533D0EF40013043E2BC30C5E1000057E30100000A8B
S31533D0EF5048F8FFEBBBFFFFEA0FF8FFEBB9FFFFEA49
S31533D0EF600500A0E105F9FFEB000050E30600A01140
S31533D0EF700700001AB3FFFFEA98009FE50410A0E11B
S31533D0EF80010000EA101097E58C009FE5DC1300EB07
S31533D0EF900100A0E35CD08DE2F084BDE81885D2338E
S31533D0EFA01C82D2332482D233C85BD2332085D23338
S31533D0EFB0EC7ED2338485D2333095D3338C7ED233F1
S31533D0EFC0907ED2338C85D233B085D233D885D23373
S31533D0EFD0F485D2333895D3333C95D3330C86D23369
S31533D0EFE04486D2336C86D2337886D2338886D2333C
S31533D0EFF09886D2332895D3339C86D233CC86D233A4
S31533D0F0002090D2332C77D233C495D3333877D23387
S31533D0F0106877D2336C77D233A077D233685BD23337
S31533D0F020F04E2DE9BC029FE5CEDF4DE20240A0E1A2
S31533D0F0300350A0E1D40D00EB00B0A0E3000050E3C1
S31533D0F04004B08DE50300000A0030D0E5310053E338
S31533D0F0500120A0030000000A0020A0E388329FE5F8
S31533D0F060020054E3002083E50400001A040095E53A
S31533D0F0700010A0E31020A0E3BF2A00EB04008DE5F7
S31533D0F08068029FE59E1300EB00A0A0E30070E0E397
S31533D0F0900A90A0E1136E8DE2CD3F8DE2030056E1A7
S31533D0F0A00650A0E12100002A781300EB38329FE5D1
S31533D0F0B0003093E5000053E3FF4000E20400A01193
S31533D0F0C07E13001B030054E36F00000A020000CA0C
S31533D0F0D0000054E36C00000A070000EA0A0054E348
S31533D0F0E00100000A0D0054E30300001A0030A0E3F8
S31533D0F0F0052066E00030C5E50F0000EA0040C5E5DF
S31533D0F100203098E5042093E5E4319FE5030052E1BE
S31533D0F1100200000A931300EB000050E35A00001AA2
S31533D0F120015085E2813F86E2030055E1DCFFFFEAF9
S31533D0F1300030A0E30030C5E5052066E0000052E399
S31533D0F140510000BA30508DE20600A0E10C108DE2AA
S31533D0F15008208DE20530A0E18B1B00EB000050E395
S31533D0F160490000BA013040E2080053E303F19F97D8
S31533D0F170380000EA98F1D03398F1D03398F1D033C0
S31533D0F18058F2D03358F2D03358F2D033FCF1D0339F
S31533D0F190FCF1D033FCF1D0330C009DE9024083E04F
S31533D0F1A00400A0E1BD1900EB000050E30C209DE52F
S31533D0F1B00600000A0500A0E10410A0E1C91900EB4E
S31533D0F1C0000050E30400000A281A00EB2E0000EAB0
S31533D0F1D00510A0E10400A0E1092A00EB0C309DE52F
S31533D0F1E0033084E0013043E2040057E10470A021B8
S31533D0F1F0090053E10390A081160000EA094067E085
S31533D0F200014084E2EC009FE5C7C6FFEB0430A0E1B2
S31533D0F2100920A0E1E0009FE50710A0E110508DE270
S31533D0F22000408DE5361300EB0700A0E10410A0E1D2
S31533D0F230ED3B00EB0420A0E1C0109FE50500A0E133
S31533D0F2401C2C00EB0510A0E1B4009FE5300D00EB8C
S31533D0F25008509DE50D0000EA8C309FE5003093E5EC
S31533D0F260000053E38AFFFF1A01A08AE20A00A0E125
S31533D0F2706410A0E3813A00EB000050E384FFFF1A19
S31533D0F2802E0080E20D1300EB81FFFFEA0050E0E35E
S31533D0F2906340A0E3031300EB000050E3FB12001BE3
S31533D0F2A0FA0FA0E3A0C6FFEB014054E2F8FFFF5AB2
S31533D0F2B0010075E30300001A48009FE5101300EBF5
S31533D0F2C001B0A0E3040000EA3C009FE50510A0E1BD
S31533D0F2D00B1300EB34309FE5005083E50B00A0E1F0
S31533D0F2E0CEDF8DE2F08EBDE85488D233C0D6D2335A
S31533D0F2F06088D233903ED133102700008488D233FE
S31533D0F300D04BD233C44BD233EC88D2330C89D233AD
S31533D0F31038D6D23310402DE928309FE5004093E5D7
S31533D0F320000054E3014044E21080BDD818309FE545
S31533D0F3300000D3E5E11200EB000054E3014044E290
S31533D0F340F9FFFFCA1080BDE8FC97D3330098D33387
S31533D0F350603000E2400053E37F2000E2BF3000E26A
S31533D0F360FF0000E20200000A3F0052E3403080E360
S31533D0F3700030A0110300A0E10EF0A0E10030D0E5BB
S31533D0F380000053E30020A0E30300000A032082E009
S31533D0F3900130F0E5000053E3FAFFFFEA020CA0E1B7
S31533D0F3A0200F82E03F0000E20EF0A0E110402DE9BD
S31533D0F3B00040A0E1D6FFFFEB0000D4E5000050E3D8
S31533D0F3C01080BD08BD1200EB0100F4E5000050E318
S31533D0F3D0FBFFFF1A1080BDE830402DE950409FE542
S31533D0F3E00130A0E30030C4E5223083E2202080E22E
S31533D0F3F00050A0E30130C4E5010084E2363083E225
S31533D0F4000220C4E50330C4E50450C4E5DAFFFFEB8C
S31533D0F41020309FE50020D3E5203080E20400A0E100
S31533D0F4200430C4E50520C4E50650C4E53040BDE814
S31533D0F430DDFFFFEA2498D333F897D33330402DE921
S31533D0F44050409FE50130A0E30030C4E5223083E25B
S31533D0F450202080E20050A0E30130C4E5010084E2ED
S31533D0F4602B3083E20220C4E50330C4E50450C4E52F
S31533D0F470C1FFFFEB20309FE50020D3E5203080E27B
S31533D0F4800400A0E10430C4E50520C4E50650C4E544
S31533D0F4903040BDE8C4FFFFEA2498D333F897D3334B
S31533D0F4A020309FE5001093E51C309FE50020A0E384
S31533D0F4B0002083E514309FE5001083E510309FE5B7
S31533D0F4C0002083E50EF0A0E15098D333D497D333CD
S31533D0F4D04898D3333C98D33330309FE5003093E5D7
S31533D0F4E0000053E328109FE528C09FE5FF0000E2D4
S31533D0F4F00EF0A011002091E50100C2E400309CE566
S31533D0F500013043E2002081E500308CE50EF0A0E1F6
S31533D0F5103C98D3334898D333D497D33318209FE5F5
S31533D0F5200030A0E304E02DE5003082E50C309FE5D2
S31533D0F5300FE0A0E100F093E504F09DE45498D33383
S31533D0F5400498D3333C309FE5002093E538309FE59C
S31533D0F550001093E534309FE5000093E530309FE5D6
S31533D0F56000C093E52C309FE5002083E528309FE516
S31533D0F570001083E524309FE5000083E520309FE5F6
S31533D0F58000C083E50EF0A0E15498D3333C98D333FF
S31533D0F590D497D3334898D3335898D3334098D33337
S31533D0F5A04498D3334C98D3333C309FE5002093E5FE
S31533D0F5B038309FE5001093E534309FE5000093E56E
S31533D0F5C030309FE500C093E52C309FE5002083E5AE
S31533D0F5D028309FE5001083E524309FE5000083E58E
S31533D0F5E020309FE500C083E50EF0A0E15898D333A1
S31533D0F5F04098D3334498D3334C98D3335498D33366
S31533D0F6003C98D333D497D3334898D33310402DE95A
S31533D0F6105C409FE5003094E5FF2000E2000053E3E1
S31533D0F6200200A0E10600000A48FFFFEB44309FE515
S31533D0F630FF0000E20FE0A0E100F093E50030A0E355
S31533D0F640050000EA30309FE50030D3E5020053E1C0
S31533D0F6500200A0E10200001A0130A0E3003084E5B5
S31533D0F6601080BDE80C309FE50FE0A0E100F093E5C4
S31533D0F6701080BDE85498D3330898D3330198D33315
S31533D0F680F04E2DE9F0919FE5F0119FE50D30A0E3D3
S31533D0F690ECB19FE50030C9E5E8319FE500C091E58F
S31533D0F6A00020A0E3E0E19FE50020C3E500208BE511
S31533D0F6B0D8219FE52330A0E30E005CE10030C2E5CC
S31533D0F6C001304C0200308105003091E513704EE2A3
S31533D0F6D0034067E004D04DE2000054E300008DE5EB
S31533D0F6E00360A0E3014044E2490000DAA0519FE52C
S31533D0F6F0000054E37EA0A0E304A0C5E5014044E274
S31533D0F7000460A0E3420000DA000054E32130A0E3E2
S31533D0F7100530C5E5014044E2016086E23C0000DABB
S31533D0F7200230D7E5203043E2000054E3FF3003E222
S31533D0F7302020A0E300308BE50620C5E5014044E226
S31533D0F740016086E2320000DA0300D7E5FFFEFFEB35
S31533D0F75030319FE5000054E30000C3E54030A0E3E9
S31533D0F7600730C5E5014044E2016086E2280000DA7D
S31533D0F7700430D7E5203043E2000054E30030C9E506
S31533D0F7802D30A0E30830C5E5014044E2016086E27E
S31533D0F7901F0000DA0520D7E5F0309FE5000054E3AB
S31533D0F7A00020C3E52320A0E30920C5E5014044E288
S31533D0F7B0016086E2160000DA000054E34E20A0E35F
S31533D0F7C00A20C5E5014044E2016086E2100000DA42
S31533D0F7D0000054E33130A0E30B30C5E5014044E2B9
S31533D0F7E0016086E20A0000DA000054E30C20C5E556
S31533D0F7F0016086E2060000DA0F3043E20D30C5E50C
S31533D0F8002030A0E310A0C5E50E30C5E50FA0C5E581
S31533D0F810046086E278409FE500209DE50130A0E381
S31533D0F820201082E20030C4E5202086E20050A0E3E7
S31533D0F830016086E2583083E20330C4E50120C4E563
S31533D0F8400210C4E5010084E20650C4E7CAFEFFEBDA
S31533D0F8500030D9E5200080E20600C4E7016086E2B5
S31533D0F8600630C4E70400A0E1016086E20650C4E75F
S31533D0F87004D08DE2F04EBDE8CBFEFFEAF897D33312
S31533D0F8802098D333FC97D3330098D3331F98D333BD
S31533D0F8900198D3332498D33304E02DE5811100EB8B
S31533D0F8A0000050E30000E00304F09D0404E09DE43F
S31533D0F8B0761100EAF04E2DE93C059FE546DE4DE262
S31533D0F8C00250A0E10340A0E1AF0B00EB0020A0E350
S31533D0F8D0000050E308208DE537B4A0E30300000AD7
S31533D0F8E00210A0E1102082E2A32800EB00B0A0E101
S31533D0F8F0083098E5010055E30C308DE50390A0E14F
S31533D0F900040000DA040094E508109DE51020A0E346
S31533D0F910992800EB00B0A0E1030055E30600001AA6
S31533D0F920080094E508109DE50A20A0E3922800EB61
S31533D0F930000050E30C909DE50090A0110C209DE57E
S31533D0F940020059E10B00000A0910A0E1AC049FE58F
S31533D0F9506B1100EBA8049FE5F3C4FFEB089088E561
S31533D0F960C03700EB98049FE5EFC4FFEB471100EBAC
S31533D0F9700D0050E3FCFFFF1A000094E584149FE595
S31533D0F980402700EB004050E24400001A78049FE54C
S31533D0F9900B10A0E10920A0E1591100EB430E8DE203
S31533D0F9A00230A0E3040080E210108DE238348DE5C6
S31533D0F9B0421B00EB000050E30470A0E104A0A0E1A9
S31533D0F9C01C00001A100000EAB41700EB000050E315
S31533D0F9D00510A0E10420A0E10600A0E1047087E081
S31533D0F9E004A08AE00400000ABE1700EB000050E3FF
S31533D0F9F00500000A1D1800EBEC0000EA0500A0E173
S31533D0FA000610A0E10420A0E1FD2700EB40608DE293
S31533D0FA100C6046E2011BA0E310208DE20600A0E184
S31533D0FA20831B00EB0B508AE0004050E20500A0E187
S31533D0FA30E4FFFFCA040000EA10009DE5721C00EB18
S31533D0FA400010A0E1C4039FE52D1100EB10008DE229
S31533D0FA50211C00EB0000A0E3B4139FE5341C00EB6C
S31533D0FA600B00A0E10710A0E1DF3900EB114D8DE299
S31533D0FA700710A0E10720A0E198039FE5201100EB02
S31533D0FA800720A0E10400A0E18C139FE5092A00EBFF
S31533D0FA900410A0E184039FE51D0B00EBC30000EAFD
S31533D0FAA07C039FE50B10A0E10920A0E1141100EBF4
S31533D0FAB070239FE570339FE5002083E56C239FE564
S31533D0FAC06C339FE5002083E568339FE50D20A0E3B3
S31533D0FAD00020C3E560339FE5162082E20020C3E5DC
S31533D0FAE058339FE50010A0E3001083E550339FE5EC
S31533D0FAF00010C3E54C339FE500B083E504108DE5A4
S31533D0FB0085FEFFEB8EFEFFEB0020E0E304709DE530
S31533D0FB1000208DE530A39FE530339FE500308AE56D
S31533D0FB20DA1000EB010050E30300000A030050E380
S31533D0FB30FAFFFF1A0050A0E3760000EAD31000EBA9
S31533D0FB40E00010E3FF1000E25B00000A203041E210
S31533D0FB500150A0E1FF4003E2CC1000EBE00010E30C
S31533D0FB60FF1000E25400000A203041E2FF7003E276
S31533D0FB7000309DE5030057E1015085E0014044E272
S31533D0FB800100001A87FEFFEB010000EA00708DE515
S31533D0FB906BFEFFEBBD1000EBE00010E3FF1000E28D
S31533D0FBA04500000A014044E2020074E3015085E087
S31533D0FBB00160A0E11B00001AB41000EBE00010E3A3
S31533D0FBC0FF1000E23C00000A203041E2015085E0CC
S31533D0FBD0FF4003E2AD1000EBE00010E3FF1000E28C
S31533D0FBE03500000A203041E2842084E0822264E06A
S31533D0FBF0FF3003E2015085E0034082E0A31000EBEF
S31533D0FC00E00010E3FF1000E22B00000A053CA0E130
S31533D0FC10233F85E03F3003E2203083E2030051E1D6
S31533D0FC20015085002400001A010054E3140000DA91
S31533D0FC30961000EBE00010E3FF1000E2014044E2FF
S31533D0FC400100A0E11C00000A440056E3015085E0D0
S31533D0FC500100001A6CFEFFEBF2FFFFEA530056E3C6
S31533D0FC60F0FFFF1A00309AE5E4219FE50110C3E493
S31533D0FC70020053E1012043E200308AE500208A2591
S31533D0FC80E8FFFFEA811000EBE00010E3FF1000E25B
S31533D0FC900900000A053CA0E1233F85E03F3003E26B
S31533D0FCA0203083E2030051E10300001A771000EBD2
S31533D0FCB0FF1000E20D0051E30300000A39FEFFEBDB
S31533D0FCC00700A0E1DCFDFFEB0A0000EA530056E360
S31533D0FCD00200001A0700A0E168FEFFEB050000EA38
S31533D0FCE00700A0E1BBFDFFEB04209DE5420056E3C0
S31533D0FCF00120A00304208DE504309DE5000053E3B5
S31533D0FD0083FFFF0A3C219FE5003092E544219FE5EE
S31533D0FD10002092E5025063E06340A0E3611000EB2C
S31533D0FD20000050E35910001BFA0FA0E3FEC3FFEBDC
S31533D0FD30014054E2F8FFFF5A0B00A0E10510A0E1D1
S31533D0FD4020408DE2283900EB0C4044E2C4009FE5D5
S31533D0FD500510A0E10520A0E1691000EB0520A0E154
S31533D0FD60B4109FE50400A0E1522900EB0410A0E1C2
S31533D0FD70A8009FE5660A00EB01007BE3D8409FE5F8
S31533D0FD800600001A0030A0E3003084E5CC009FE5AE
S31533D0FD905B1000EB0130A0E308308DE5030000EAB9
S31533D0FDA0BC009FE50B10A0E1551000EB00B084E505
S31533D0FDB00C209DE5020059E10C00000A0210A0E1A7
S31533D0FDC0A0009FE54E1000EB34009FE5D6C3FFEB82
S31533D0FDD00C309DE5083088E5A23600EB20009FE550
S31533D0FDE0D1C3FFEB291000EB1B0050E3FCFFFF1A06
S31533D0FDF008009DE546DE8DE2F08EBDE8D849D23394
S31533D0FE002C89D23350C30000EC86D2336089D233B7
S31533D0FE109098D23398F8D033A089D233C889D23395
S31533D0FE20C44BD233CC89D233A0F4D0330498D33322
S31533D0FE30D8F4D0330898D333F897D3330198D33310
S31533D0FE40FC97D3330098D3335098D3332098D333C6
S31533D0FE500C98D3332098D3334898D33338D6D23338
S31533D0FE600C8AD2330C89D233348AD23330402DE90B
S31533D0FE700150A0E10040A0E12C2600EB020050E374
S31533D0FE80140000DA000084E0023050E52E0053E34C
S31533D0FE901000001A010050E56C0050E30400A003B3
S31533D0FEA03080BD08030000CA620050E30100A003CE
S31533D0FEB03080BD08050000EA730050E30100E0034B
S31533D0FEC03080BD08770050E30200A0033080BD08F0
S31533D0FED00000E0E33080BDE80500A0E13080BDE826
S31533D0FEE0F04E2DE90340A0E1D8319FE5005093E59C
S31533D0FEF0D4319FE520D04DE20260A0E1010052E338
S31533D0FF000020A0E308208DE5003093E5BC219FE5A2
S31533D0FF100C308DE5007092E5030000CA101090E5E1
S31533D0FF20AC019FE5F60F00EB060000EA010011E3C2
S31533D0FF301700001A000094E50410A0E3CAFFFFEBC4
S31533D0FF40007050E2040000AA0100A0E35B0000EA8F
S31533D0FF500120A0E308208DE5500000EA040094E5A3
S31533D0FF6008109DE51020A0E3032700EB64319FE50D
S31533D0FF70003093E5020056E3035080E0040000DA04
S31533D0FF80080094E508109DE51020A0E3FA2600EB8F
S31533D0FF900C008DE50C909DE5970909E010B08DE204
S31533D0FFA034019FE50510A0E1D50F00EB100059E3DE
S31533D0FFB009A0A03110A0A0230060A0E300B08DE546
S31533D0FFC004B08DE50A0056E10B40A0E11800002AB3
S31533D0FFD0040057E304019FE50500001A003095E588
S31533D0FFE004209DE5043082E40310A0E104208DE59E
S31533D0FFF00A0000EA020057E300309D05B020D50150
S31533D100000030D515B020C3010030C415B210D3009A
S31533D10010CC009FE500308D05C8009F150110D4144F
S31533D10020B70F00EB076086E0075085E00A0056E14B
S31533D10030E5FFFFEAB0009FE50060A0E3A90F00EB2F
S31533D100400B40A0E10A0056E10C00002A0010D4E59A
S31533D10050203041E25E0053E32E00A0E30100009A43
S31533D10060960F00EB010000EA80009FE5A40F00EB69
S31533D10070016086E2014084E20A0056E1F1FFFFEAEC
S31533D100800A00A0E38D0F00EBB60F00EB000050E36F
S31533D1009009906AE0ADFFFF1A000059E3BEFFFF1A9C
S31533D100A020309FE520209FE5005083E50C309DE538
S31533D100B0003082E514209FE508009DE5007082E586
S31533D100C020D08DE2F08EBDE85C98D333C4D6D2330B
S31533D100D06098D333685BD2336C98D333C08ED233F3
S31533D100E0C88ED233D08ED233D88ED233E08ED2336A
S31533D100F0E88ED233F0442DE902A0A0E1032042E2C7
S31533D10100010052E30340A0E10300009A101090E5B9
S31533D10110A0009FE57A0F00EB040000EA000093E5D7
S31533D101200410A0E350FFFFEB007050E2010000CA88
S31533D101300100A0E3F084BDE80010A0E31020A0E3D2
S31533D10140040094E58C2600EB6C309FE5003093E5C3
S31533D101500010A0E3035080E01020A0E3080094E51B
S31533D10160852600EB04005AE30060A0E10100A01319
S31533D101700C0094050010A0031020A0037E26000B9B
S31533D10180010040E2010070E30800000A040057E39E
S31533D10190006085050200000A020057E3B060C5014D
S31533D101A00060C515010040E2075085E0F4FFFFEA50
S31533D101B00000A0E3F084BDE8685BD2336C98D333C7
S31533D101C0F0442DE9040052E304D04DE20210A0E10C
S31533D101D00360A0E100A0A0E30300000A101090E56C
S31533D101E068019FE5460F00EB030000EA000093E573
S31533D101F01DFFFFEB007050E2080000AA0100A0E317
S31533D10200500000EA0510A0E10430A0E140019FE59A
S31533D1021000C08DE53A0F00EB01A0A0E3380000EA28
S31533D102200A10A0E11020A0E3040096E5522600EB94
S31533D1023020419FE5003094E50A10A0E1035080E0D8
S31533D102401020A0E3080096E54B2600EB003094E569
S31533D102500A10A0E1034080E01020A0E30C0096E51C
S31533D10260452600EB010040E2010070E30A60A0E1CC
S31533D102702300000A040057E3010040E20A00001AC2
S31533D10280002095E500C094E50C0052E11700000A31
S31533D102900510A0E10430A0E1BC009FE500C08DE597
S31533D102A0170F00EB01A0A0E31C0000EA020057E3CD
S31533D102B00A00001AB020D5E1B0C0D4E10C0052E126
S31533D102C00A00000A0510A0E10430A0E18C009FE5B5
S31533D102D000C08DE50A0F00EB01A0A0E30D0000EAC3
S31533D102E00020D5E500C0D4E50C0052E1C4FFFF1A96
S31533D102F0010070E3016086E2075085E0074084E070
S31533D10300DAFFFFEA040057E30400000A020057E399
S31533D103104C009F150200001A48009FE5000000EA01
S31533D1032044009FE544209FE5010056E340309FE5E5
S31533D103300610A0E10230A0110020A0E134009FE5E0
S31533D10340EF0E00EB0A00A0E104D08DE2F084BDE8D4
S31533D10350685BD233EC8ED2336C98D333248FD2338A
S31533D103605C8FD2339C8FD233A48FD233A88FD233EF
S31533D10370B098D2332090D233648AD233040052E345
S31533D10380F0442DE90210A0E10360A0E10300000A95
S31533D10390101090E500019FE5D90E00EB180000EA65
S31533D103A0000093E5B0FEFFEB00A050E2140000BA93
S31533D103B00010A0E31020A0E3040096E5EE2500EB70
S31533D103C0D8409FE5003094E50010A0E3037080E078
S31533D103D01020A0E3080096E5E72500EB003094E53D
S31533D103E00010A0E3035080E01020A0E30C0096E583
S31533D103F0E12500EB004050E20300001AA0009FE54F
S31533D10400B80E00EB0100A0E3F084BDE80500A0E10E
S31533D10410221500EB000050E3014044020D00000ADF
S31533D1042080009FE5AF0E00EB9A0402E00700A0E10E
S31533D104300510A0E12B1500EB004050E20100000A74
S31533D104408A1500EBEEFFFFEA5C009FE5A50E00EBC4
S31533D104500400A0E1F084BDE8010074E30C00000A86
S31533D1046004005AE300309705003085050400000AAD
S31533D1047002005AE3B030D7010030D715B030C501B9
S31533D104800030C515014044E20A7087E00A5085E051
S31533D10490F0FFFFEA0000A0E3F084BDE8685BD23316
S31533D104A06C98D333B08FD233C48FD233D88FD23330
S31533D104B0010052E304E02DE50010A0E31020A0E3C0
S31533D104C0030000DA040093E5AB2500EB18309FE542
S31533D104D0000083E510309FE510009FE5001093E5CA
S31533D104E0870E00EB0000A0E304F09DE46C98D33380
S31533D104F0E08FD233020052E370402DE90340A0E1BD
S31533D10500030000CA101090E5E4009FE57C0E00EBA2
S31533D10510350000EA000093E50410A0E352FEFFEB69
S31533D10520005050E2300000BA0010A0E31020A0E30F
S31533D10530040094E5902500EB0010A0E30060A0E120
S31533D105401020A0E3080094E58B2500EB010050E39E
S31533D105500900001A040055E30100001A002096E57C
S31533D10560FDFFFFEA020055E30100001AB030D6E1B0
S31533D10570FDFFFFEA0030D6E5FDFFFFEA040055E380
S31533D105800700001A012040E2010072E30610A0E110
S31533D10590FBFFFF0A012042E2043091E4010072E30A
S31533D105A0FAFFFFEA020055E30700001A012040E2C1
S31533D105B0010072E30610A0E1FBFFFF0A012042E2FC
S31533D105C0B230D1E0010072E3FAFFFFEA012040E213
S31533D105D0010072E30610A0E1FBFFFF0A012042E2DC
S31533D105E00130D1E4010072E3FAFFFFEA0100A0E35F
S31533D105F07080BDE8685BD233010052E3F0462DE912
S31533D106000240A0E10350A0E103A2A0D3040000DA53
S31533D10610040093E50010A0E31020A0E3562500EBA8
S31533D1062000A0A0E1020054E3D8709FD5040000DACC
S31533D10630080095E50010A0E31020A0E34E2500EB8A
S31533D106400070A0E1030054E30060A0D3040000DAC4
S31533D106500C0095E50010A0E31020A0E3462500EB6E
S31533D106600060A0E10190A0E33E0E00EB000050E321
S31533D106702000001A90009FE50610A0E18C209FE55B
S31533D106801F0E00EB0A40A0E107005AE10650A0E164
S31533D106900300002A045084E4095085E0070054E16D
S31533D106A0FAFFFFEA68009FE50E0E00EB0A40A0E1A0
S31533D106B007005AE10650A0E10900002A002094E54B
S31533D106C0050052E10410A0E10530A0E1044084E2F3
S31533D106D0095085E03C009FE5090E001B070054E124
S31533D106E0F4FFFFEA000056E3006066B20660E0A18C
S31533D106F0009069E2DBFFFFEA0A00A0E3EF0D00EBDE
S31533D107000100A0E3F086BDE80000F037F88FD2338D
S31533D107102090D2332490D2333090D233F0462DE950
S31533D10720020053E304D04DE20170A0E120409DE5B0
S31533D107300300000A101090E524019FE5F00D00EB7C
S31533D107400A0000EA1CA19FE51C919FE5010012E343
S31533D1075000509AE5006099E50D00001A000094E542
S31533D107600410A0E3C0FDFFEB006050E2010000AA04
S31533D107700100A0E3380000EA040094E50010A0E3B9
S31533D107801020A0E3FC2400EBE0309FE5003093E565
S31533D10790035080E0D8009FE50510A0E1D80D00EBDA
S31533D107A0040056E3CC009F05001095050400000ADA
S31533D107B0020056E3C0009F05B010D501BC009F158A
S31533D107C00010D515CE0D00EBB4009FE53FE4FFEB1A
S31533D107D0002050E20500000A010052E30900001A55
S31533D107E0A0309FE50030D3E52D0053E30500001A41
S31533D107F0000057E3E6FFFF0A000052E305506610C7
S31533D1080006508500E2FFFFEA78409FE51020A0E34A
S31533D108100D10A0E10400A0E1D72400EB00309DE513
S31533D10820042053E00900000A040056E3000085058D
S31533D108300200000A020056E3B000C5010000C51517
S31533D10840000057E306508510000052E3D0FFFF1A5C
S31533D1085000508AE5006089E50000A0E304D08DE23B
S31533D10860F086BDE8685BD2336498D3336898D33393
S31533D108706C98D333C08ED233C88ED233D08ED23353
S31533D10880D88ED2336490D233E892D33304E02DE584
S31533D1089002C0A0E104D04DE200308DE50120A0E1C4
S31533D108A00C30A0E10010A0E39BFFFFEB04D08DE227
S31533D108B00080BDE804E02DE502C0A0E104D04DE2CD
S31533D108C000308DE50120A0E10C30A0E10110A0E389
S31533D108D091FFFFEB04D08DE20080BDE8F0442DE9E2
S31533D108E002A0A0E102005AE30360A0E10010A0E325
S31533D108F00030A0E11020A0E388009FE5030000CAB1
S31533D10900101093E57E0D00EB0100A0E3F084BDE832
S31533D10910040096E5982400EB6C309FE5003093E5DF
S31533D109200010A0E3035080E01020A0E3080096E541
S31533D10930912400EB0510A0E10020A0E10040A0E115
S31533D109400000A0E37B2200EB044085E00070A0E1F8
S31533D109500510A0E1012044E230009FE50730A0E144
S31533D10960670D00EB03005AE30010A0E31020A0E398
S31533D10970020000DA0C0096E57F2400EB007080E5A7
S31533D109800000A0E3F084BDE8685BD2336C98D333EF
S31533D109906890D233F0402DE90060A0E10000A0E3A6
S31533D109A00240A0E10350A0E1D6C0FFEB020054E3ED
S31533D109B00070A0E10600000A6C009FE5101096E5A1
S31533D109C04F0D00EB0100A0E3F080BDE80000E0E37A
S31533D109D0F080BDE8040095E50010A0E30A20A0E33A
S31533D109E0652400EB803260E0033363E0830180E03A
S31533D109F0000180E0000180E00041A0E1040000EA7B
S31533D10A00580D00EB000050E36400A0E3EEFFFF1A6C
S31533D10A10C5C0FFEB0700A0E1BAC0FFEB040050E13C
S31533D10A20F6FFFF3A0000A0E3F080BDE8685BD2332E
S31533D10A30F04E2DE903A0A0E110329FE51CD04DE253
S31533D10A40007050E20150A0E102B0A0E1006093E51D
S31533D10A503C909DE5530000DA004091E51020A0E3A8
S31533D10A6014108DE20400A0E1432400EB00008AE5A3
S31533D10A700030D4E5000053E30300000A14309DE57A
S31533D10A800030D3E5000053E33500000A88F5FFEB98
S31533D10A90000050E33200001A000095E510108DE2C4
S31533D10AA01B208DE20C308DE218F5FFEB000050E3BD
S31533D10AB02B00001A10309DE5083093E50830D3E585
S31533D10AC0020053E30200000A84019FE5050D00EBD2
S31533D10AD04C0000EA0C209DE5143092E500308AE5CE
S31533D10AE0010057E3103092D5003089D5110000DAA1
S31533D10AF0044095E508108DE20400A0E11020A0E36F
S31533D10B001D2400EB000089E50030D4E5000053E322
S31533D10B103900000A08309DE50030D3E5000053E3B0
S31533D10B203500001A0C309DE5102093E5003099E558
S31533D10B30020053E10020898510309DE5083093E5D5
S31533D10B400960D3E50C319FE5061186E0811186E044
S31533D10B50811183E00B00A0E1522FA0E3A82300EB50
S31533D10B602A0000EA000057E30E0000DA004095E58B
S31533D10B7004108DE20400A0E11020A0E3FE2300EBA4
S31533D10B8000008AE50030D4E5000053E30300000AC0
S31533D10B9004309DE50030D3E5000053E30300000A6A
S31533D10BA0001095E5150000EA0030A0E300308AE560
S31533D10BB0010057E308309BD500209AD5033062D054
S31533D10BC0003089D5110000DA044095E50D10A0E146
S31533D10BD00400A0E11020A0E3E72300EB000089E570
S31533D10BE00030D4E5000053E30300000A00309DE51D
S31533D10BF00030D3E5000053E30400000A041095E531
S31533D10C0054009FE5BE0C00EB0000E0E30D0000EA93
S31533D10C100610A0E144009FE5B90C00EB002099E51D
S31533D10C2008309BE5030052E10200001A30009FE5FC
S31533D10C30AC0C00EB020000EA00109AE524009FE5E4
S31533D10C40AF0C00EB0000A0E31CD08DE2F08EBDE8F3
S31533D10C5034CDD233DC97D233E090D333F097D2330A
S31533D10C600898D2331498D2332098D233F04E2DE913
S31533D10C70A8D04DE20290A0E138008DE5A40B9FE5D3
S31533D10C800360A0E1C00600EB0020A0E3010059E3E5
S31533D10C9034208DE5DC0200DA020050E10400000A8B
S31533D10CA00210A0E1B42300EB000050E20100A013FF
S31533D10CB034008DE5044096E56C1B9FE50400A0E135
S31533D10CC0702200EB005050E20B00001A0A0080E28A
S31533D10CD07A0C00EB543B9FE5242093E5000052E395
S31533D10CE00510A0E10C309315440B9F152335A01174
S31533D10CF0830C001B0500A0E1C80200EA341B9FE533
S31533D10D000400A0E15F2200EB001050E21F00001A6D
S31533D10D10020059E3090000CA1C3B9FE5001093E555
S31533D10D20000051E3140B9F159B02001AFC3A9FE541
S31533D10D300C0B9FE5242093E5710C00EB970200EA67
S31533D10D40080096E50A20A0E38B2300EB004050E25E
S31533D10D500300001AD43A9FE5242093E5000052E3E9
S31533D10D600100001ADC0A9FE5460000EAD80A9FE55E
S31533D10D700410A0E1620C00EBD00A9FE5590C00EBCD
S31533D10D80B43A9FE50400A0E1004083E5A30200EA2B
S31533D10D900400A0E1B81A9FE53A2200EB000050E3F4
S31533D10DA02F00000A0400A0E1A81A9FE5352200EBF3
S31533D10DB0000050E32A00000A0400A0E1981A9FE507
S31533D10DC00420A0E33B2200EB000050E32400000AC9
S31533D10DD00400A0E1841A9FE50420A0E3352200EB79
S31533D10DE0000050E31E00000A0400A0E1701A9FE50B
S31533D10DF00520A0E32F2200EB000050E31800000AB0
S31533D10E000400A0E15C1A9FE51E2200EB000050E3FB
S31533D10E101300000A0400A0E14C1A9FE5192200EB16
S31533D10E20000050E30E00000A0400A0E13C1A9FE50E
S31533D10E30142200EB000050E30900000A0400A0E1BC
S31533D10E402C1A9FE50F2200EB000050E30400000A71
S31533D10E500400A0E11C1A9FE50A2200EB000050E3FF
S31533D10E606902001AD0B99FE500A09BE500005AE389
S31533D10E700300001AB4299FE5243092E5000053E3E9
S31533D10E800200001AB4099FE5160C00EB620200EAA0
S31533D10E900400A0E1B8199FE5FA2100EB005050E2E6
S31533D10EA088799FE51700001A00109BE5C8099FE59D
S31533D10EB0130C00EB083097E540508DE50510A0E1D2
S31533D10EC0030055E13502002A0020A0E35C099FE5F2
S31533D10ED00FE0A0E134F197E5000050E39C099FE59B
S31533D10EE040109D15060C001B0C3097E540209DE52F
S31533D10EF0032082E0083097E50210A0E1030052E1E6
S31533D10F0040208DE5EEFFFFEA0400A0E144199FE5C9
S31533D10F10DC2100EB000050E30400000A0400A0E119
S31533D10F2040199FE5D72100EB000050E34800001A62
S31533D10F30020059E30A70A0E1060000DA40099FE5C1
S31533D10F40081096E5CF2100EB000050E30170A003E2
S31533D10F500350A0030000000A0250A0E30400A0E12D
S31533D10F6000199FE5C72100EBF8389FE5000050E320
S31533D10F70E0189FE50310A001014070E20040A03391
S31533D10F8000099FE5DE0B00EB3CC08DE2051186E00F
S31533D10F90090065E094289FE540308DE200C08DE5A8
S31533D10FA0A2FEFFEB000050E31B02001A94508DE2F0
S31533D10FB00010A0E11420A0E30500A0E17C2200EBD0
S31533D10FC040309DE598308DE53C309DE594308DE5C7
S31533D10FD034309DE5000054E3A0708DE59C308DE52A
S31533D10FE01000000AA0089FE5BE0B00EBA70B00EB60
S31533D10FF0790050E30700001A90089FE5C00B00EB48
S31533D11000A20B00EB88089FE5BD0B00EB0130A0E3C3
S31533D11010A4308DE5030000EA78089FE5B10B00EBE8
S31533D110200000E0E3FD0100EA0510A0E1FC079FE5EE
S31533D11030A14300EB60389FE5000050E30040A0E1C7
S31533D1104058189FE558089FE50310A011AC0B00EB58
S31533D110505B0100EA0400A0E1FC179FE50420A0E37D
S31533D11060942100EB005050E27D00001A020059E37F
S31533D11070E50100DA0400A0E12E10A0E39F2100EBB5
S31533D110800510A0E10040A0E11020A0E3080096E5C9
S31533D11090B92200EB000054E340008DE50400000A89
S31533D110A00400A0E1FC179FE5762100EB000050E365
S31533D110B06700000A102087E2050092E8020080E03B
S31533D110C040409DE55E0D00EB006050E25CA79FE5A5
S31533D110D00200001AD0079FE5820B00EB110000EA1C
S31533D110E010C097E500306CE214E097E5034004E095
S31533D110F00A00A0E10610A0E10420A0E10030A0E36C
S31533D1110000508DE845D5FFEB005050E2070000AAD9
S31533D1111098079FE50510A0E10420A0E1780B00EBF9
S31533D111200600A0E1C10C00EB0100A0E3480000EAC0
S31533D111300410A0E178079FE5710B00EB103097E5EA
S31533D111402352A0E1015045E2010075E30640A0E107
S31533D111502200000A0300D4E50010D4E50120D4E5FA
S31533D111600230D4E500008DE50400D4E504008DE5E5
S31533D111700500D4E508008DE50600D4E50C008DE5F0
S31533D111800700D4E510008DE50800D4E514008DE5CC
S31533D111900900D4E518008DE50A00D4E51C008DE5A8
S31533D111A00B00D4E520008DE50C00D4E524008DE584
S31533D111B00D00D4E528008DE50E00D4E52C008DE560
S31533D111C00FC0D4E5EC069FE530C08DE54C0B00EB73
S31533D111D0015045E2010075E3104084E2DBFFFFEABB
S31533D111E0D4069FE53F0B00EB14309AE5A351A0E12A
S31533D111F0015045E2010075E31200000A0300D4E53C
S31533D112000010D4E50120D4E50230D4E500008DE5D4
S31533D112100400D4E504008DE50500D4E508008DE559
S31533D112200600D4E50C008DE507C0D4E58C069FE5E1
S31533D1123010C08DE5320B00EB015045E2010075E369
S31533D11240084084E2EBFFFFEA0600A0E1770C00EB1E
S31533D112500000A0E30040A0E1010070E20000A0331A
S31533D112606E0100EA0400A0E1F0159FE50420A0E366
S31533D11270102100EB000050E30500000A0400A0E181
S31533D11280DC159FE50520A0E30A2100EB000050E3EE
S31533D11290CE00001A030059E35B0100DA0A10A0E14C
S31533D112A01020A0E3080096E5332200EB0420A0E317
S31533D112B0A8159FE50050A0E10400A0E1FD2000EB85
S31533D112C098359FE5000050E394159FE50310A001AF
S31533D112D001A070E200A0A033A8059FE5080B00EB6F
S31533D112E0030049E20C1086E23C908DE20720A0E15F
S31533D112F040308DE200908DE5CCFDFFEB000050E31D
S31533D113004501001A0400A0E12E10A0E3FB2000EB27
S31533D11310004050E28D00000AA4159FE5D92000EB99
S31533D11320000050E30900000A0400A0E194159FE5BB
S31533D11330D42000EB000050E30400000A0400A0E1FE
S31533D1134084159FE5CF2000EB000050E32200001A2D
S31533D1135000005AE30E00000A78408DE20010A0E374
S31533D113601C20A0E30400A0E1912100EB3C309DE5A4
S31533D113707C308DE540309DE5B0049FE580308DE5F9
S31533D1138034309DE50410A0E178508DE584308DE578
S31533D11390280000EA44408DE20A10A0E13420A0E3CC
S31533D113A00400A0E1822100EB3C309DE548308DE548
S31533D113B040309DE574049FE54C308DE534309DE561
S31533D113C00120A0E30410A0E144508DE56C208DE5D6
S31533D113D050308DE568208DE52B0000EA0400A0E17D
S31533D113E0E8149FE5A72000EB000050E32800001A4C
S31533D113F000005AE31100000A44408DE20010A0E107
S31533D114001C20A0E30400A0E1692100EB3C309DE52B
S31533D1141048308DE540309DE534209DE54C308DE522
S31533D114200130A0E344508DE554308DE550208DE520
S31533D114300700A0E10410A0E1CE4400EB540000EA4A
S31533D1144060408DE20A10A0E13420A0E30400A0E18C
S31533D11450572100EB3C309DE564308DE540309DE539
S31533D1146068308DE534309DE50120A0E360508DE5BC
S31533D114706C308DE58C208DE57C208DE580208DE516
S31533D1148088208DE50700A0E10410A0E16E4300EB7F
S31533D114903F0000EA0400A0E134149FE5792000EB44
S31533D114A0006050E22900001A00005AE31200000A04
S31533D114B044408DE20610A0E11C20A0E30400A0E154
S31533D114C03B2100EB3C309DE548308DE540309DE501
S31533D114D04C308DE534309DE50120A0E30700A0E102
S31533D114E00410A0E144508DE554608DE550308DE53F
S31533D114F05C208DE558208DE5CEFFFFEA60408DE245
S31533D115000A10A0E13420A0E30400A0E1282100EBA6
S31533D115103C309DE564308DE540309DE568308DE5D1
S31533D1152034309DE50120A0E30700A0E10410A0E10A
S31533D1153060508DE56C308DE590208DE57C208DE541
S31533D1154080A08DE588208DE58CA08DE5CEFFFFEA91
S31533D1155000005AE340109DE53C309DE50600000A74
S31533D1156000908DE504508DE50020A0E3BC029FE5C4
S31533D115700FE0A0E10CF197E5050000EA00908DE587
S31533D1158004508DE50020A0E3A0029FE50FE0A0E152
S31533D1159010F197E53C339FE500005AE3FC129FE502
S31533D115A0B8229FE50320A001000050E30040A0E11B
S31533D115B0E4329FE520039FE50130A0013C109DE540
S31533D115C04F0A00EB000054E20100A013930000EA66
S31533D115D00400A0E190129FE52A2000EB000050E3EE
S31533D115E01400001A0010A0E11020A0E3080096E5FC
S31533D115F0612100EB0050A0E10510A0E10020A0E36A
S31533D116000700A0E10FE0A0E138F197E5004050E2C1
S31533D116100300001A0510A0E1C0029FE5380A00EB9A
S31533D11620770000EA0510A0E10420A0E1B0029FE5DE
S31533D11630330A00EB780000EA0400A0E12C129FE5CF
S31533D11640102000EB000050E3010080027300000A42
S31533D116500400A0E118129FE50A2000EB000050E305
S31533D116605000001A030059E30040A0E14300001AA9
S31533D11670081096E56C029FE5022000EB081096E53B
S31533D11680014070E20040A0335C029FE5FD1F00EBC1
S31533D11690005050E23900001A0060E0E37010A0E345
S31533D116A00620A0E10630A0E13C4197E50700A0E151
S31533D116B00FE0A0E138F094E50700A0E10FE0A0E117
S31533D116C008F094E524329FE524129FE5800010E398
S31533D116D00310A0011C029FE5090A00EB083097E5F8
S31533D116E0030055E12D00002A0510A0E13C019FE509
S31533D116F0344500EB102097E5083097E5033062E0A7
S31533D11700030055E10090A0E10210A0E10500A0E16C
S31533D1171001A045E20200000A060059E10000551343
S31533D117201000000AD1BEFFEBCC419FE5BCE19FE56A
S31533D11730010016E3C4C19FE50E40A001C0219FE548
S31533D11740020016E30EC0A001040016E302E0A01195
S31533D117500030A0E10A20A0E1A8019FE50010A0E363
S31533D1176010508DE8E60900EB103097E5082097E560
S31533D11770035085E00960A0E1020055E1D8FFFFEAC5
S31533D117800410A0E1A4009FE5F14400EB000050E33F
S31533D1179074019F15BBFDFF1A70019FE5D10900EB8B
S31533D117A00000A0E31D0000EA0400A0E1C4109FE5C8
S31533D117B0B41F00EB000050E31300001A3CC08DE296
S31533D117C0020049E2081086E260209FE540308DE27F
S31533D117D000C08DE595FCFFEB000050E30E0000BA57
S31533D117E048009FE540109DE53C209DE5184500EB2B
S31533D117F0004050E218019F15A2FDFF1A14019FE54F
S31533D11800B80900EB0400A0E1040000EA38209DE5D5
S31533D1181004019FE5101092E5B90900EB0100A0E36D
S31533D11820A8D08DE2F08EBDE83898D2334098D233F2
S31533D11830E090D3334898D2337C9CD23334CDD23320
S31533D118406C98D2338498D2339498D233A498D233F2
S31533D11850B498D233F498D2331871D233D098D233A1
S31533D11860D898D233E098D233E898D233F098D2336A
S31533D11870F898D2330099D2330899D2331099D233D7
S31533D118802899D2333099D2333899D2334499D23302
S31533D11890985BD23380A9D233409AD233509AD2334A
S31533D118A0589AD2339098D2335C9AD233649AD2330C
S31533D118B0809AD233A09AD233B49AD233089BD233C5
S31533D118C0109BD2333C9BD233449BD233489BD233B6
S31533D118D04C9BD233549BD2335C9BD233649BD2331E
S31533D118E0789BD233A49BD233D09BD233D89BD233AA
S31533D118F02090D2330091D2330891D2332891D23337
S31533D119003091D2333891D2334091D2336091D2336D
S31533D119107C91D2339C91D233DC91D233685BD2333F
S31533D11920F04E2DE90160A0E114D04DE2241091E5BA
S31533D119300090A0E138019FE50350A0E10240A0E138
S31533D119406F0900EB103096E514708DE2043027E53C
S31533D1195004A0A0E100B0A0E300708DE504508DE57D
S31533D119600600A0E10B20A0E10A10A0E10FE0A0E12F
S31533D119700CF196E5000050E32000001A001095E5EE
S31533D11980FF3C01E20334A0E1FF2801E2013C83E1CC
S31533D11990223483E1DC209FE5213C83E1020053E10C
S31533D119A00200000AD0009FE5550900EB2B0000EA6F
S31533D119B00500A0E1D5E2FFEB0C2095E5FF3C02E231
S31533D119C00334A0E1023C83E1FF1802E2213483E1FF
S31533D119D0223C83E1403083E200708DE510308DE5D2
S31533D119E004508DE50B20A0E10A10A0E10600A0E159
S31533D119F00FE0A0E10CF196E5000050E30200000AB6
S31533D11A0078009FE5370900EB140000EA70309FE583
S31533D11A1070009FE5005083E55B0300EB000050E394
S31533D11A201000000A60109FE5161F00EB004050E20C
S31533D11A300C00001A34309DE50510A0E14C009FE52A
S31533D11A4008308DE50C408DE52D0900EB0900A0E179
S31533D11A500410A0E108308DE20120A0E3E8E4FFEBE6
S31533D11A600100A0E3000000EA0000A0E314D08DE228
S31533D11A70F08EBDE8E09BD23356190527009CD2337D
S31533D11A80209CD23338D6D233A067D233309CD2339B
S31533D11A90349CD233F0442DE9010052E314D04DE2D4
S31533D11AA00250A0E10070A0E10360A0E100A0A0E361
S31533D11AB0320000DA020052E304409305084093150D
S31533D11AC00C108DE20400A0E11020A0E32A2000EB14
S31533D11AD00030D4E5000053E30300000A0C309DE512
S31533D11AE00030D3E5000053E32400000A70F1FFEB55
S31533D11AF0000050E32100001A0400A0E108108DE262
S31533D11B0013208DE204308DE200F1FFEB000050E378
S31533D11B101A00001A08309DE5083093E50830D3E52D
S31533D11B20020053E374019F154300001A030055E3B2
S31533D11B303B0000CA3754A0130400001A0010A0E1A9
S31533D11B401020A0E3040096E50B2000EB0050A0E172
S31533D11B5008309DE5083093E50900D3E504309DE59A
S31533D11B603C119FE5142093E5003180E0830180E079
S31533D11B7000C096E5801181E00700A0E1420000EA7A
S31533D11B80013045E2030053E303F19F97240000EA82
S31533D11B90A01BD133B41BD133D81BD133F41BD1339F
S31533D11BA000019FE5F80200EB3754A0E30040A0E1F2
S31533D11BB01E0000EA0010A0E31020A0E3040096E54E
S31533D11BC0ED1F00EB0050A0E1D8009FE5EE0200EB0C
S31533D11BD00040A0E1150000EA040096E50010A0E329
S31533D11BE01020A0E3E41F00EB084096E50050A0E1B6
S31533D11BF00E0000EA0010A0E31020A0E3040096E51E
S31533D11C00DD1F00EB0010A0E30050A0E11020A0E3CC
S31533D11C100C0096E5084096E5D71F00EB00A0A0E16E
S31533D11C20020000EA101097E57C009FE5100000EA28
S31533D11C30000054E30200001A70009FE5A90800EBB7
S31533D11C400C0000EA0400A0E10010A0E31020A0E3C9
S31533D11C50C91F00EB000050E30300001A40109FE583
S31533D11C60243091E5000053E30400001A0010A0E1BB
S31533D11C703C009FE5A20800EB0100A0E3050000EA92
S31533D11C8000C096E50700A0E10A20A0E10530A0E126
S31533D11C9000C08DE521FFFFEB14D08DE2F084BDE892
S31533D11CA0649CD233E090D333789CD233685BD233CE
S31533D11CB0849CD2339C9CD233F0462DE90050A0E19B
S31533D11CC020D04DE250029FE50190A0E10240A0E140
S31533D11CD00370A0E1AC0200EB000050E300A0A0E317
S31533D11CE00400000A0A10A0E11020A0E3A21F00EBE2
S31533D11CF028329FE5000083E5020054E30600000A4B
S31533D11D00020000CA010054E31F00000A1A0000EA98
S31533D11D10030054E30D00000A170000EA040097E5E7
S31533D11D200030D0E5220053E30010A0018020A00378
S31533D11D30EC019F050E00000A0A10A0E11020A0E3A2
S31533D11D408D1F00EBD4319FE5000083E50E0000EA09
S31533D11D500A10A0E11020A0E3040097E5861F00EB1B
S31533D11D60B8319FE5000083E5B4019FE5081097E5C7
S31533D11D708020A0E381C0FFEB030000EA101099E580
S31533D11D80A0019FE55E0800EB030000EA0500A0E160
S31533D11D906FC2FFEB006050E2010000AA0100A0E35D
S31533D11DA05B0000EA80319FE5000093E5000050E304
S31533D11DB00500000A08408DE20410A0E184C0FFEB90
S31533D11DC00410A0E164019FE5510200EB60319FE538
S31533D11DD0000093E5000050E30500000A08408DE288
S31533D11DE00410A0E17AC0FFEB0410A0E144019FE5D2
S31533D11DF0470200EB40119FE50030D1E5000053E3B4
S31533D11E0038019F154202001B34119FE50030D1E5CD
S31533D11E10000053E32C019F153D02001B28319FE56A
S31533D11E20000093E5000050E30500000A08408DE237
S31533D11E300410A0E166C0FFEB0410A0E10C019FE5CD
S31533D11E40330200EB08319FE5000093E5000050E300
S31533D11E500500000A08408DE20410A0E15CC0FFEB17
S31533D11E600410A0E1EC009FE5290200EBE8309FE5B1
S31533D11E70000093E5000050E30500000A08408DE2E7
S31533D11E800410A0E152C0FFEB0410A0E1CC009FE5D2
S31533D11E901F0200EBC8109FE50030D1E5000053E3B4
S31533D11EA0C0009F151A02001B000056E30600A0019D
S31533D11EB01700000A64509FE50610A0E1000095E5AE
S31533D11EC0C93000EBA0009FE52F0200EB000050E3B1
S31533D11ED00E00000A94109FE5EA1D00EB004050E254
S31533D11EE00A00001A003097E5001095E580009FE58A
S31533D11EF018008DE8020800EB0900A0E10410A0E137
S31533D11F000D30A0E10120A0E3BDE3FFEB00A0A0E1BA
S31533D11F100A00A0E120D08DE2F086BDE8D849D2338C
S31533D11F2038D6D2335062D333685BD2331462D33398
S31533D11F30E04AD2331862D333EC4AD233CE61D33378
S31533D11F40589ED2338E61D333649ED2332862D33300
S31533D11F50A849D2332C62D333044BD2331062D33321
S31533D11F60709ED233EE61D333789ED233A067D233D8
S31533D11F70309CD233809ED2330010A0E10700A0E348
S31533D11F804CFFFFEA0010A0E10100A0E349FFFFEACD
S31533D11F900010A0E10300A0E346FFFFEA0010A0E161
S31533D11FA00000A0E343FFFFEA010052E330402DE9BD
S31533D11FB00020E0E30340A0E10050A0E1190000DAAC
S31533D11FC0040093E58BC1FFEB60309FE50020A0E1A0
S31533D11FD0000052E30500A0E3002083E50400001A94
S31533D11FE0101095E548009FE5C50700EB0020E0E3E7
S31533D11FF00C0000EAD6C1FFEB043094E5000050E380
S31533D120000310A0E12C009FE5020000AABC0700EB28
S31533D120100120A0E3030000EA0310A0E118009FE5F5
S31533D12020B70700EB0020A0E30200A0E13080BDE882
S31533D12030D062D333685BD233B09ED233D49ED233CC
S31533D1204070402DE90050A0E10140A0E1010000EA42
S31533D120503D0053E31100000A0400A0E14C609FE533
S31533D120600FE0A0E100F096E50030D5E5FF0000E2C0
S31533D12070000053E1015085E2014084E2F3FFFF0AC8
S31533D12080000053E30700001A010044E20FE0A0E158
S31533D1209000F096E5FF0000E23D0050E30100001A5F
S31533D120A00400A0E17080BDE80000E0E37080BDE8B4
S31533D120B0C0DBD233F04E2DE908D04DE2010052E3E5
S31533D120C004308DE50030A0E30290A0E100308DE5F8
S31533D120D00370A0011800000A270000EA0750A0E1D7
S31533D120E0000000EA015085E20500A0E10FE0A0E14E
S31533D120F000F096E5FF0010E3F9FFFF1A0740A0E1A0
S31533D12100050054E1060000AA0400A0E10FE0A0E1E6
S31533D1211000F096E5FF0000E2014084E2670700EB69
S31533D12120F6FFFFEA0A00A0E3640700EB8D0700EB65
S31533D12130000050E30C00001A017085E218619FE567
S31533D121400700A0E10FE0A0E100F096E5FF4010E2F1
S31533D12150E1FFFF1A04019FE50710A0E100219FE5B6
S31533D12160670700EB0400A0E1390000EAF4009FE5EC
S31533D121705C0700EB0100A0E3350000EA0170A0E370
S31533D12180090057E1310000AA04309DE50040E0E370
S31533D1219007A193E70060A0E31C0000EA0650A0E153
S31533D121A0000000EA015085E20500A0E10FE0A0E18D
S31533D121B000F09BE5FF0010E3F9FFFF1A0610A0E10B
S31533D121C00A00A0E19DFFFFEB004050E20E0000BABA
S31533D121D00A00A0E1430700EB3D00A0E3370700EB4C
S31533D121E0050054E1050000AA0400A0E10FE0A0E107
S31533D121F000F09BE5014084E2FF0000E2F6FFFFEAFF
S31533D122000A00A0E32D0700EB060000EA016085E260
S31533D1221044B09FE50600A0E10FE0A0E100F09BE5D5
S31533D12220FF0010E3DCFFFF1A000054E3050000AAD8
S31533D122300A10A0E130009FE5310700EB00309DE570
S31533D12240013083E200308DE5017087E2CBFFFFEABF
S31533D1225000009DE508D08DE2F08EBDE8C0DBD233E8
S31533D1226004A1D233FCFF010024A1D2332C5CD23367
S31533D12270F04E2DE910D04DE204108DE502A0A0E148
S31533D12280002098E50000A0E300208DE5640C00EB37
S31533D1229000B050E29400000A04909AE53D10A0E3D1
S31533D122A00900A0E1151D00EB000050E30910A01180
S31533D122B018049F158B00001A0030DBE50B40A0E1E3
S31533D122C0000053E35E00000A0030D4E50470A0E188
S31533D122D0000053E30200000A0130F7E5000053E36F
S31533D122E0FBFFFFEA0900A0E104106BE053FFFFEBDC
S31533D122F0000050E3030000AA0130D7E5014087E25D
S31533D12300000053E3EEFFFFEA0900A0E1C0139FE5D6
S31533D12310DC1C00EB000050E30B00000A0900A0E1FE
S31533D12320B0139FE5D71C00EB000050E301008002C8
S31533D123300500000A0900A0E19C139FE5D11C00EBEF
S31533D12340000050E30900001A020080E204309DE513
S31533D12350020053E30910A0D180039FD5610000DA7F
S31533D1236008109AE5270700EB000050E35E0000BA68
S31533D1237004009AE568139FE5C21C00EB006050E276
S31533D123801C00001A08009AE50610A0E10A20A0E342
S31533D12390F91D00EB0050A0E10600A0E144339FE5DF
S31533D123A0003193E7030055E10200000A010080E2D0
S31533D123B0040050E3F8FFFF9A050050E30510A0015E
S31533D123C024039F054700000A0510A0E11C039FE5AE
S31533D123D0CB0600EB18039FE553BAFFEB085088E5DC
S31533D123E0202D00EB08039FE54FBAFFEBA70600EB91
S31533D123F00D0050E3FCFFFF1A0130F7E5000053E33C
S31533D124000300001A0B0054E1014044820030C495D5
S31533D12410090000EA0130D7E40030C4E50030D4E511
S31533D12420000053E30200001A0030D7E5000053E32E
S31533D124300100000A014084E2F5FFFFEA0030A0E350
S31533D124400130C4E504209DE5020052E3040000DAED
S31533D1245008309AE5000053E30B40A0110030D41570
S31533D124600100001AD10B00EB560000EA000053E30A
S31533D124700200001A0130D4E5000053E30100000A0B
S31533D124800130F4E5F8FFFFEA0B0054E10900A0E18E
S31533D1249001408482A51C00EB04309DE50260A0E3A4
S31533D124A0030056E1065080E0070000AA06019AE7F9
S31533D124B09E1C00EB04209DE5016086E2000085E099
S31533D124C0020056E1015080E2F6FFFFEA0B3064E0B9
S31533D124D07F3B83E2FF3F83E2030055E1040000DA19
S31533D124E010029FE50910A0E1850600EB0110A0E3A8
S31533D124F0730000EA0130D9E40030C4E5000053E378
S31533D125000300000A0130D9E40130E4E5000053E396
S31533D12510FAFFFFEA04309DE50260A0E3030056E1FA
S31533D125200C0000AA020056E33D30A0032030A0139D
S31533D1253006219AE70030C4E50130D2E4000053E3F3
S31533D125400130E4E5FBFFFF1A04209DE5016086E205
S31533D12550020056E1F1FFFFEA0050A0E30150C4E592
S31533D12560920B00EB04009AE58C119FE5451C00EBE9
S31533D12570050050E11500001A00309DE508409AE573
S31533D12580085083E20560A0E3000054E30400A0E1E0
S31533D125900C108DE21020A0E30400A001761D001BA0
S31533D125A0000054E30100C5E40400000A0C209DE584
S31533D125B00030D2E5000053E30240A001014082123C
S31533D125C0016056E2EFFFFF5A0010A0E33C0000EA68
S31533D125D004009AE524119FE52A1C00EB000050E351
S31533D125E01F00001A00209DE508409AE5040082E5D4
S31533D125F00050A0E10360A0E3000054E30400A0E15E
S31533D1260008108DE20A20A0E30400A0015A1D001B55
S31533D12610FF3000E2000054E3055483E10400000A9D
S31533D1262008209DE50030D2E5000053E30240A001F6
S31533D1263001408212016056E2EEFFFF5AFF3C05E2BA
S31533D126400334A0E1FF2805E2053C83E1223483E15B
S31533D1265000209DE5253C83E10010A0E3043082E5DB
S31533D12660170000EA04009AE594109FE5051C00EBA8
S31533D12670004050E20700001A0410A0E108009AE5A1
S31533D126801020A0E33C1D00EB78309FE50410A0E188
S31533D12690000083E50A0000EA6C109FE504009AE551
S31533D126A0F81B00EB004050E20510A0110400001ACC
S31533D126B008109AE554009FE58020A0E32FBEFFEBA7
S31533D126C00410A0E10100A0E110D08DE2F08EBDE877
S31533D126D030A1D23368A1D23370A1D23378A1D233D8
S31533D126E080A1D2335049D2332C3ED23394A1D23373
S31533D126F02C89D23350C30000B8A1D233B049D233A7
S31533D12700A849D233D849D23338D6D233E449D2335E
S31533D127105062D33304E02DE500C0A0E310D04DE2AF
S31533D1272020309FE503008DE90C00A0E10310A0E32F
S31533D127300D20A0E100308DE50CC08DE5CBFEFFEB4E
S31533D1274010D08DE20080BDE8AC9FD233010052E385
S31533D1275004E02DE501C0A0E100E0A0E10210A0E143
S31533D1276020009FE50320A0E1020000DA0C00A0E1AE
S31533D1277004E09DE4BDFEFFEA10109EE5E00500EBD3
S31533D127800100A0E304F09DE4685BD233F0402DE938
S31533D127900070A0E10050A0E3110000EA0540A0E1AA
S31533D127A0020000EA020854E3130000AA014084E28E
S31533D127B00400A0E10FE0A0E100F096E5FF0010E3BD
S31533D127C0F7FFFF1A0510A0E10700A0E11BFEFFEBCF
S31533D127D0000050E3010000BAF040BDE8100B00EA27
S31533D127E0015084E218609FE50500A0E10FE0A0E136
S31533D127F000F096E5FF0010E3E7FFFF1A0000A0E3F0
S31533D12800F080BDE8C0DBD233F04E2DE90090A0E1A4
S31533D1281002B0A0E10170A0E10050A0E3210000EAAB
S31533D128200540A0E1040000EA020854E3010000BAEE
S31533D128300000E0E3F08EBDE8014084E20400A0E17C
S31533D128400FE0A0E100F09AE5FF6010E2F5FFFF1A41
S31533D128500510A0E10900A0E1F8FDFFEB005050E2ED
S31533D128600F0000BA0640A0E10B0054E10500A0E108
S31533D12870014084E2015085E20400002A0FE0A0E151
S31533D1288000F09AE5FF0010E30100C7E4F5FFFF1A24
S31533D1289004005BE10030A0030400A0E10030C7059A
S31533D128A0F08EBDE8015084E218A09FE50500A0E182
S31533D128B00FE0A0E100F09AE5FF0010E3D7FFFF1A4E
S31533D128C00000E0E3F08EBDE8C0DBD23304E02DE582
S31533D128D018309FE518009FE5001093E5880500EB86
S31533D128E0050B00EB000050E20100A01304F09DE488
S31533D128F0C4DBD233E8A1D23370402DE994519FE56D
S31533D129000210A0E1020052E30120A0E320D04DE230
S31533D12910002085E50340A0E10600000A020000CA83
S31533D12920020051E11E00000A180000EA030051E308
S31533D129300700000A150000EA040093E50010A0E36E
S31533D129401020A0E38C1C00EB4C319FE5000083E5CE
S31533D12950130000EA0010A0E31020A0E3040093E5AE
S31533D12960851C00EB30319FE5000083E50010A0E3F1
S31533D12970080094E51020A0E37F1C00EB1C319FE5C2
S31533D12980000083E50030A0E3003085E5040000EA9A
S31533D12990101090E508019FE5590500EB0100A0E33E
S31533D129A03A0000EAFC309FE5F0609FE500C093E53D
S31533D129B0F4109FE5002096E5AC39A0E1002081E5FE
S31533D129C0E8209FE58339A0E1003082E5C8309FE521
S31533D129D0002093E5000052E3000091E50010E0E3D7
S31533D129E00C10A011401800EBC4409FE50030A0E194
S31533D129F00020A0E1003084E5B8109FE50D00A0E1B9
S31533D12A002C1E00EBB0009FE50D10A0E140FFFFEB8C
S31533D12A1097B6FFEB760050E30D50A0E1002094E555
S31533D12A200600001A0239A0E12339A0E1000053E3AD
S31533D12A30FF3DC2133F30C31301298312050000EA88
S31533D12A40FF34C2E3FE38C3E3000053E3A238A01107
S31533D12A508338A0110228831258109FE50500A0E1CF
S31533D12A60141E00EB54009FE50510A0E128FFFFEBC0
S31533D12A70002096E548109FE50500A0E10D1E00EB39
S31533D12A8040009FE50510A0E121FFFFEB0000A0E355
S31533D12A9020D08DE27080BDE8E4A9D733C8D6D233FE
S31533D12AA038D6D233685BD2335400D03330AAD73306
S31533D12AB034AAD7337098D333C04BD233C44BD233F2
S31533D12AC0ACA2D233D04BD233D44BD23304E02DE56F
S31533D12AD044009FE50A0500EB40009FE5080500EB6E
S31533D12AE03C009FE5060500EB38009FE5040500EB76
S31533D12AF034009FE5020500EB30009FE5000500EB7E
S31533D12B002C009FE5FE0400EB28009FE5FC0400EB87
S31533D12B1024009FE504E09DE4F90400EA2CA3D233E3
S31533D12B204CA3D2336CA3D2338CA3D233A4A3D23313
S31533D12B30C0A3D233D8A3D23304A4D2331CA4D23331
S31533D12B40F0442DE969DF4DE2DFFFFFEB0010A0E35F
S31533D12B500000E0E3461700EBFF4000E20410A0E1AA
S31533D12B6030029FE5E60400EB440054E37300000AD8
S31533D12B700A0000CA320054E34A00000A020000CAEE
S31533D12B80310054E31100000AEEFFFFEA330054E378
S31533D12B904B00000A340054E36200000AE9FFFFEA2E
S31533D12BA0640054E36500000A030000CA510054E3BC
S31533D12BB07600000A530054E3020000EA710054E36D
S31533D12BC07200000A730054E36800000ADDFFFFEA9E
S31533D12BD0A4A08DE2C0119FE50A00A0E1B51D00EB9B
S31533D12BE0B8019FE5C60400EB88708DE20000A0E3FF
S31533D12BF036DBFFEBA8119FE50700A0E1761A00EB90
S31533D12C00A0019FE5BE0400EB6C508DE20000A0E33A
S31533D12C102EDBFFEB88119FE50500A0E16E1A00EBA1
S31533D12C2084019FE5B60400EB50608DE20000A0E34A
S31533D12C3026DBFFEB68119FE50600A0E1661A00EBB0
S31533D12C4068019FE5AE0400EB10408DE20000A0E3AE
S31533D12C501EDBFFEB48119FE50400A0E15E1A00EBC2
S31533D12C600720A0E10430A0E144119FE50A00A0E199
S31533D12C70A0008DE808508DE50C608DE58D1D00EBF8
S31533D12C8030019FE50710A0E10420A0E10530A0E192
S31533D12C9008608DE500708DE504508DE5980400EB21
S31533D12CA00A00A0E1360000EAA4408DE208119FE57F
S31533D12CB00400A0E17F1D00EB00019FE5900400EBFA
S31533D12CC02E0000EAA4408DE2F4109FE50400A0E182
S31533D12CD0781D00EBEC009FE5890400EB0000A0E3FF
S31533D12CE0FADAFFEBB8109FE50400A0E14A1A00EBFC
S31533D12CF0D4009FE5820400EB0000A0E3F3DAFFEBC7
S31533D12D000400A0E1C4109FE5431A00EB0400A0E10F
S31533D12D108C109FE5401A00EB0410A0E1B0009FE57B
S31533D12D20770400EB150000EAA4408DE2A4109FE5A9
S31533D12D300400A0E1281A00EB9C009FE5040000EAC9
S31533D12D40A4408DE278109FE50400A0E1591D00EB34
S31533D12D5070009FE56A0400EB0000A0E3DBDAFFEBFA
S31533D12D600400A0E138109FE52B1A00EB030000EAEB
S31533D12D70A4408DE20400A0E160109FE54D1D00EB28
S31533D12D800400A0E10010A0E347DBFFEB6DFFFFEAC0
S31533D12D9069DF8DE2F084BDE834A4D23338A4D2339B
S31533D12DA04CA4D233E892D33378A4D233B0A4D2332A
S31533D12DB0E0A4D23314A5D23380A5D233E4A5D2330A
S31533D12DC030A6D23378A6D23380A6D233E8A8D2333B
S31533D12DD04C4CD2339098D23388A6D23394A6D233AD
S31533D12DE0689FD23304E02DE554009FE5440400EBCC
S31533D12DF050009FE5420400EB4C009FE5400400EBC5
S31533D12E0048009FE53E0400EB44009FE53C0400EBCC
S31533D12E1040009FE53A0400EB3C009FE5380400EBD4
S31533D12E2038009FE5360400EB34009FE5340400EBDC
S31533D12E3030009FE5320400EB2C009FE504E09DE49E
S31533D12E402F0400EAB8A6D233DCA6D233FCA6D233CA
S31533D12E501CA7D2333CA7D2335CA7D2337CA7D23388
S31533D12E609CA7D233D8A3D23304A4D2331CA4D2331E
S31533D12E7010402DE901DC4DE2D9FFFFEB0010A0E381
S31533D12E800000E0E37A1600EBFF4000E20410A0E144
S31533D12E9074019FE51A0400EB360054E34400000A6B
S31533D12EA00C0000CA330054E32F00000A040000CAD1
S31533D12EB0310054E31400000A320054E31800000AF7
S31533D12EC0ECFFFFEA340054E32D00000A350054E316
S31533D12ED03100000AE7FFFFEA530054E34000000A0A
S31533D12EE0040000CA370054E33700000A510054E3D3
S31533D12EF04300000ADFFFFFEA710054E34000000AC2
S31533D12F00730054E33600000ADAFFFFEAFC109FE57B
S31533D12F100D00A0E1E71C00EBF4009FE50D40A0E1E5
S31533D12F20040000EAEC109FE50D00A0E1E11C00EBB3
S31533D12F30E4009FE50D40A0E1F10300EB0000A0E3EF
S31533D12F4062DAFFEB0400A0E1D0109FE5B21900EBB2
S31533D12F500400A0E1C8109FE5AF1900EB0410A0E13E
S31533D12F60C0009FE5E60300EB210000EAB8109FE5E8
S31533D12F700D00A0E1CF1C00EBB0009FE50D40A0E1E1
S31533D12F80ECFFFFEAA8109FE50D00A0E1C91C00EBC9
S31533D12F90A0009FE50D40A0E1E6FFFFEA98109FE53B
S31533D12FA00D00A0E1C31C00EB90009FE50D40A0E1DD
S31533D12FB0E0FFFFEA88109FE50D00A0E1BD1C00EBD1
S31533D12FC080009FE50D40A0E1DAFFFFEA78109FE557
S31533D12FD00D00A0E1B71C00EB70009FE50D40A0E1D9
S31533D12FE0D4FFFFEA0D00A0E164109FE50D40A0E1C7
S31533D12FF0B01C00EB0400A0E10010A0E3AADAFFEB8A
S31533D130009CFFFFEA01DC8DE21080BDE834A4D233D4
S31533D13010BCA7D233CCA7D233E8A7D233F8A7D2338E
S31533D130204C4CD233E892D3339098D23314A8D2338B
S31533D1303024A8D23340A8D23350A8D2336CA8D233B2
S31533D130407CA8D23398A8D233A8A8D233C4A8D23342
S31533D13050D4A8D233689FD23310402DE9FF4000E252
S31533D13060E2B5FFEB000050E320019F1520019F0508
S31533D13070A30300EB020054E30200001A14019FE5C7
S31533D130809F0300EB060000EA010054E30200001A65
S31533D1309004019FE59A0300EB050000EA020054E3ED
S31533D130A00100001AF4009FE5020000EA010054E35F
S31533D130B00100001AE8009FE5910300EBE4009FE598
S31533D130C08F0300EBE0009FE58D0300EB020054E361
S31533D130D0D8009F050400000A010054E30300001A07
S31533D130E0CC009FE5860300EBC8009FE5840300EB54
S31533D130F0C4009FE5820300EBC0009FE5800300EB5C
S31533D13100BC009FE57E0300EBB8009FE57C0300EB63
S31533D13110B4009FE57A0300EBB0009FE5780300EB6B
S31533D13120AC009FE5760300EBA8009FE5740300EB73
S31533D13130020054E3A0009F057103000BABB5FFEB3F
S31533D13140000050E394009F156D03001B010054E337
S31533D131508C009F056A03000B88009FE5680300EB5B
S31533D1316084009FE5660300EB020054E37C009F05A0
S31533D131700200000A010054E30100001A70009FE5F2
S31533D131805F0300EB6C009FE51040BDE85C0300EABA
S31533D13190F0A8D23320A9D23350A9D23384A9D2338A
S31533D131A0B8A9D23300AAD23328AAD23358AAD23322
S31533D131B090AAD233BCAAD233E8AAD23320ABD233F4
S31533D131C054ABD23398ABD233B0ABD233CCABD233CD
S31533D131D0ECABD23328ACD2335CACD23378ACD2333A
S31533D131E0A0ACD233C4ACD233F0ACD23304ADD233B8
S31533D131F024ADD23304A4D2331CA4D23370402DE9B7
S31533D132005ADF4DE20100A0E392FFFFEB0010A0E3BA
S31533D132100000E0E3961500EB0040A0E1FF4004E265
S31533D132200410A0E104049FE5304044E2340300EBBB
S31533D13230440054E304F19F97F1FFFFEA5835D13374
S31533D132405033D1336033D1337433D1338433D133F0
S31533D132509433D1339034D133A034D1332C35D13394
S31533D132604835D1330432D1330432D1330432D13325
S31533D132700432D1330432D1330432D1330432D1335C
S31533D132806035D1339835D1330432D1330432D13356
S31533D132900432D1330432D1330432D1330432D1333C
S31533D132A00432D1330432D1330432D133A835D13385
S31533D132B00432D1330432D133B035D133CC35D133A2
S31533D132C02836D133F835D1330432D1330836D133E5
S31533D132D00432D1330432D1330432D1330432D133FC
S31533D132E00432D1330432D1330432D1330432D133EC
S31533D132F00432D1330432D1330432D1330432D133DC
S31533D133006035D1339835D1330432D1330432D133D5
S31533D133100432D1330432D1330432D1330432D133BB
S31533D133200432D1330432D1330432D133A835D13304
S31533D133300432D1330432D133B035D133CC35D13321
S31533D133402836D133F835D1330432D1330836D13364
S31533D13350A0408DE2D8129FE50400A0E1AC0000EA8B
S31533D13360A0408DE20400A0E1C8129FE5D11B00EB4A
S31533D13370A80000EAA0408DE2BC129FE50400A0E18B
S31533D13380A30000EAA0408DE2B0129FE50400A0E18C
S31533D133909F0000EAA8029FE5D90200EB84408DE273
S31533D133A00000A0E3A0508DE248D9FFEB94129FE5FC
S31533D133B00400A0E1881800EB0420A0E188129FE530
S31533D133C00500A0E1BB1B00EB0010A0E30500A0E193
S31533D133D0B5D9FFEB74029FE5C90200EB68408DE2A4
S31533D133E00000A0E339D9FFEB58129FE50400A0E1E1
S31533D133F0791800EB0420A0E154129FE50500A0E132
S31533D13400AC1B00EB0010A0E30500A0E1A6D9FFEB7E
S31533D1341040029FE5BA0200EB4C408DE20000A0E3B7
S31533D134202AD9FFEB1C129FE50400A0E16A1800EB01
S31533D134300420A0E120129FE50500A0E19D1B00EBFE
S31533D134400010A0E30500A0E197D9FFEB0C029FE56D
S31533D13450AB0200EB8D0200EB790050E30800001A82
S31533D13460FC019FE5A60200EB880200EBF4019FE550
S31533D13470A30200EB0500A0E1EC119FE58D1B00EB18
S31533D13480420000EAE4019FE59D0200EB5CFFFFEACF
S31533D13490A0408DE2D8119FE50400A0E15C0000EA9B
S31533D134A0D0019FE5960200EB40408DE20000A0E3C8
S31533D134B006D9FFEB8C119FE50400A0E1461800EB4A
S31533D134C0B4019FE58E0200EB20508DE20000A0E3DC
S31533D134D0FED8FFEBA0608DE268119FE50500A0E130
S31533D134E03D1800EB0530A0E10420A0E18C119FE516
S31533D134F00600A0E16F1B00EB0520A0E10410A0E18B
S31533D135007C019FE57E0200EB0010A0E30600A0E12B
S31533D1351065D9FFEB0600A0E10420A0E164119FE554
S31533D13520641B00EB0600A0E13B0000EA700F00EB11
S31533D1353054019FE5720200EBA0408DE24C119FE519
S31533D135400400A0E1320000EAA0408DE240119FE5AC
S31533D135500400A0E12E0000EA78FDFFEB28FFFFEA55
S31533D1356014019FE5660200EB0000A0E3D7D8FFEB49
S31533D13570D0109FE50D00A0E1171800EBA0508DE2D6
S31533D1358010119FE50D20A0E10500A0E1491B00EB09
S31533D135900500A0E1200000EAA0408DE2F8109FE5B6
S31533D135A00400A0E11A0000EA30FEFFEB14FFFFEA74
S31533D135B08EB4FFEB000050E311FFFF0AA0408DE23A
S31533D135C0D8109FE50400A0E1110000EAD0009FE5B1
S31533D135D06DFCFFEB0010A0E10040A0E1C4009FE5F4
S31533D135E0470200EBA0508DE2BC109FE50420A0E149
S31533D135F00500A0E1E4FFFFEAA0408DE2AC109FE5E0
S31533D136000400A0E1020000EAA0408DE2A0109FE5BC
S31533D136100400A0E1F01700EB0400A0E10010A0E311
S31533D1362021D9FFEBF6FEFFEA5ADF8DE27080BDE892
S31533D1363034A4D2333CADD23398ADD233F4ADD233C5
S31533D1364054AED233B4AED233E892D333ECAED233E3
S31533D1365078A4D23300AFD233B0A4D23314AFD2336A
S31533D1366028AFD233985BD23380A9D233689FD23342
S31533D1367048AFD23358AFD233B0AFD233D4AFD2334C
S31533D13680ECAFD233F8AFD23304B0D2330CB0D2336A
S31533D13690045CD23320B0D2332CB0D2338CB0D233C4
S31533D136A0E4B0D233044BD23344B1D23360B1D23313
S31533D136B0005ED23368B1D23370402DE9C8D04DE2F2
S31533D136C00200A0E363FEFFEB0010A0E30000E0E3CA
S31533D136D0671400EB0040A0E1FF4004E20410A0E1FF
S31533D136E07C029FE5304044E2050200EB440054E3CB
S31533D136F004F19F97F1FFFFEAD838D1330C38D13360
S31533D137001C38D1333038D133C036D1334038D13375
S31533D137105038D1336038D133AC38D133C838D1338B
S31533D13720C036D133C036D133C036D133C036D133A7
S31533D13730C036D133C036D133C036D133E038D13375
S31533D13740F038D133C036D133C036D133C036D13355
S31533D13750C036D133C036D133C036D133C036D13377
S31533D13760C036D133C036D1330039D133C036D13324
S31533D137700839D1331039D133C036D1335C39D1331A
S31533D137802C39D133C036D1333C39D133C036D13359
S31533D13790C036D133C036D133C036D133C036D13337
S31533D137A0C036D133C036D133C036D133C036D13327
S31533D137B0C036D133C036D133C036D133E038D133F5
S31533D137C0F038D133C036D133C036D133C036D133D5
S31533D137D0C036D133C036D133C036D133C036D133F7
S31533D137E0C036D133C036D1330039D133C036D133A4
S31533D137F00839D1331039D133C036D1335C39D1339A
S31533D138002C39D133C036D1333C39D13354119FE5E9
S31533D138100D40A0E10D00A0E14A0000EA0D00A0E180
S31533D1382044119FE50D40A0E1A21A00EB460000EA10
S31533D1383038119FE50D40A0E10D00A0E1410000EA2A
S31533D138402C119FE50D40A0E10D00A0E13D0000EA2A
S31533D1385020119FE50D40A0E10D00A0E1390000EA2A
S31533D1386014619FE50130A0E310119FE50D00A0E16E
S31533D13870003086E5581700EB0010A0E30D00A0E128
S31533D1388089D8FFEBF8309FE50050A0E3F4109FE5DC
S31533D13890002093E50D00A0E1005086E5851A00EBB3
S31533D138A00D00A0E10510A0E1290000EA900E00EB4E
S31533D138B0D4009FE5920100EBD0109FE50D40A0E1F6
S31533D138C00D00A0E11F0000EAC4109FE50D40A0E131
S31533D138D00D00A0E11B0000EA98FCFFEB77FFFFEA6E
S31533D138E0B0109FE50D40A0E10D00A0E1150000EA2F
S31533D138F0A4109FE50D40A0E10D00A0E1110000EA2F
S31533D139005AFDFFEB6DFFFFEA3BFEFFEB6BFFFFEAA1
S31533D13910B6B3FFEB000050E368FFFF0A7C109FE597
S31533D139200D40A0E10D00A0E1060000EA70109FE53D
S31533D139300D40A0E10D00A0E1020000EA64109FE53D
S31533D139400D40A0E10D00A0E1231700EB0400A0E167
S31533D139500010A0E354D8FFEB58FFFFEAC8D08DE26D
S31533D139607080BDE834A4D23390B1D233E8B1D233F7
S31533D1397040B2D2339CB2D233F4B2D233E4A9D733B1
S31533D139804CB3D23300AAD73358B3D2330CB0D233A4
S31533D13990045CD23320B0D23360B3D233C4B3D2334F
S31533D139A01CB4D233005ED23378B4D23304E02DE5AE
S31533D139B040FFFFEB0000A0E304F09DE404E02DE5E6
S31533D139C00C009FE50C109FE54D0100EB0000A0E301
S31533D139D004F09DE4A4B6D233D03CD233F0442DE9AE
S31533D139E00160A0E3020056E10270A0E103A0A0E199
S31533D139F00650A0E1140000AA010055E305419AE728
S31533D13A00010000DA2000A0E32C0100EB0100D4E45D
S31533D13A10000050E30700000A5C0050E3F9FFFF1AB8
S31533D13A200030D4E5630053E3F6FFFF1A014084E255
S31533D13A300060A0E3F4FFFFEA015085E2070055E1C8
S31533D13A40ECFFFFBA000056E30100000A0A00A0E3F7
S31533D13A501A0100EB0000A0E3F084BDE8F0462DE96E
S31533D13A602E10A0E30060A0E1241700EB88709FE508
S31533D13A70000050E30740A0E100A0A0E30050661058
S31533D13A800200001A0600A0E1281700EB0050A0E18E
S31533D13A9068909FE5090054E15C409FE51400000A24
S31533D13AA0001094E50520A0E10600A0E1011700EB53
S31533D13AB0000050E30500001A000094E51B1700EB14
S31533D13AC0000055E101A08AE20700000A0470A0E1A3
S31533D13AD0184084E2090054E1F0FFFF1A01005AE39A
S31533D13AE00700A001F086BD08010000EA0400A0E179
S31533D13AF0F086BDE80000A0E3F086BDE8605BD33342
S31533D13B008860D3330DC0A0E1F0DE2DE9010052E355
S31533D13B1004B04CE204D04DE20240A0E103A0A0E1CF
S31533D13B200070A0E30160A0134300001A80119FE512
S31533D13B3080219FE5022061E0C221A0E1023182E0FA
S31533D13B40033283E0033483E0033883E0839082E026
S31533D13B500931A0E1043083E228D00BE50DD063E0FF
S31533D13B600740A0E1090057E10150A0E10D70A0E172
S31533D13B70040000AA045187E7014084E2090054E1E5
S31533D13B80185085E2F9FFFFEA014049E2000054E3D8
S31533D13B90150000DA00A0A0E304005AE10A50A0E1EF
S31533D13BA0110000AA056187E0053197E7042096E530
S31533D13BB0000093E5001092E5B21600EB000050E316
S31533D13BC0043096C5052197C7053187C7015085E29C
S31533D13BD001A08AC2042086C5040055E1F0FFFFBA9D
S31533D13BE000005AE301404412E7FFFF1A0040A0E335
S31533D13BF0090054E10A0000AA043197E7105093E53E
S31533D13C00D80000EB000050E3014084E20500A0E187
S31533D13C100600001A000055E3F4FFFF0AB10000EBAA
S31533D13C20F2FFFFEA28D01BE50000A0E31E0000EA2D
S31533D13C3028D01BE50100A0E31B0000EA040056E1BE
S31533D13C40180000AA06019AE783FFFFEB005050E232
S31533D13C5064009FE50E00000A000095E5A10000EB54
S31533D13C602000A0E3950000EB143095E5000053E234
S31533D13C700100000A9B0000EB020000EA3C009FE5FD
S31533D13C80980000EB0170A0E30A00A0E38B0000EBB0
S31533D13C90020000EA06119AE70170A0E3980000EB1F
S31533D13CA0016086E2E4FFFFEA0700A0E124D04BE2CC
S31533D13CB0F0AE9DE8605BD3338860D333ACB6D233C1
S31533D13CC004B7D23330402DE9005051E20040A0E160
S31533D13CD00000A0E3010040023080BD08020054E366
S31533D13CE00000E0833080BD88183095E5000053E37A
S31533D13CF00300000A0FE0A0E103F0A0E1000050E396
S31533D13D003080BDB858309FE5000054E3045183E782
S31533D13D100200000A010054E33080BD18060000EAE0
S31533D13D20202098E52C3095E5043082E5282095E599
S31533D13D30203098E5082083E53080BDE8202098E50A
S31533D13D40203095E50C3082E5203098E5242095E571
S31533D13D50102083E50C309FE5202098E5143082E599
S31533D13D603080BDE87C98D333043FD1330F002DE96E
S31533D13D7010402DE947DF4DE20D00A0E124119DE539
S31533D13D804A2F8DE2511800EB0D00A0E10D40A0E191
S31533D13D90E12600EB47DF8DE21040BDE810D08DE24E
S31533D13DA00EF0A0E1020050E304E02DE50000E0C3BC
S31533D13DB004F09DC40C309FE5003193E70FE0A0E1C9
S31533D13DC02CF093E504F09DE47C98D333020050E391
S31533D13DD004E02DE50000E0C304F09DC40C309FE52B
S31533D13DE0003193E70FE0A0E128F093E504F09DE4A9
S31533D13DF07C98D333020050E3FF1001E20020A0E1D7
S31533D13E0004E02DE50100A0E104F09DC40C309FE51B
S31533D13E10023193E70FE0A0E120F093E504F09DE47E
S31533D13E207C98D333020050E30020A0E104E02DE5A2
S31533D13E300100A0E104F09DC40C309FE5023193E734
S31533D13E400FE0A0E124F093E504F09DE47C98D333DD
S31533D13E500E002DE930402DE947DF4DE20050A0E188
S31533D13E6028119DE50D00A0E14B2F8DE2171800EBFC
S31533D13E700500A0E10D10A0E10D40A0E1E8FFFFEB75
S31533D13E8047DF8DE23040BDE80CD08DE20EF0A0E1B4
S31533D13E90043098E5020013E30000A0E30000000AE2
S31533D13EA0BFFFFFEA882600EA043098E5020013E320
S31533D13EB00000A0E30000000AC3FFFFEA922600EA1E
S31533D13EC0043098E5020013E30030A0E1FF3003E27A
S31533D13ED00100A0E30310A0E10000000AC4FFFFEA0A
S31533D13EE00300A0E17E2600EA043098E5020013E30D
S31533D13EF00010A0E10100000A0100A0E3C8FFFFEAE8
S31533D13F00852600EA0F002DE910402DE947DF4DE232
S31533D13F100D00A0E124119DE54A2F8DE2EB1700EB7D
S31533D13F200D00A0E10D40A0E1EEFFFFEB47DF8DE2BF
S31533D13F301040BDE810D08DE20EF0A0E110402DE94E
S31533D13F4047DF4DE20120A0E10010A0E10D00A0E151
S31533D13F50DE1700EB0D00A0E10D40A0E1E1FFFFEB51
S31533D13F6047DF8DE21080BDE804E02DE544309FE58F
S31533D13F70003093E5000053E30C00001A0C3098E57A
S31533D13F80000053E30900000AC6FFFFEB000050E3FC
S31533D13F900600000ABDFFFFEB030050E318309F053F
S31533D13FA00120A0E30200A0E10020830504F09D04A3
S31533D13FB00000A0E304F09DE47898D3337498D333D7
S31533D13FC00C309FE5002093E5000083E50200A0E1A4
S31533D13FD00EF0A0E17898D33304309FE5000093E512
S31533D13FE00EF0A0E17498D33308309FE50020A0E3D7
S31533D13FF0002083E50EF0A0E17498D3330F002DE979
S31533D1400010D08DE20EF0A0E1F0442DE9006050E2FC
S31533D140100170A0E101A0A0030300000A1A0000BA7F
S31533D14020020056E3180000CA02A0A0E30150A0E370
S31533D140300E0000EA000094E5A10700EB0040A0E1B1
S31533D14040081084E20700A0E18E1500EB000050E39F
S31533D140500600001A003094E50A0013E10A00000A7B
S31533D140600600A0E10410A0E1F044BDE814FFFFEA55
S31533D140701C409FE5000094E5A30700EB000055E112
S31533D140800510A0E1015085E2E9FFFFDA0000E0E354
S31533D14090F084BDE88898D3330130A0E30000A0E3A0
S31533D140A00C3088E50EF0A0E1F0442DE958A19FE517
S31533D140B000009AE5940700EB0140A0E30060A0E34A
S31533D140C0000054E10070A0E10650A0E11E0000CA01
S31533D140D00410A0E100009AE5790700EB002090E5C2
S31533D140E0000056E30030A01301300202011075E20D
S31533D140F00010A033000053E30060A011014084E2E5
S31533D14100A22011E00050A011070054E1020000CAE9
S31533D14110000055E300005613ECFFFF0A000055E3C8
S31533D141200500000A0510A0E10100A0E3E4FEFFEB90
S31533D141300510A0E10200A0E3E1FEFFEB000056E358
S31533D141400610A0110000A013DDFEFF1B043098E545
S31533D14150B8509FE5023083E3043088E5B0009FE55C
S31533D1416060FFFFEB001095E5000051E30200001A22
S31533D14170A0009FE55BFFFFEB020000EA081081E266
S31533D1418094009FE55EFFFFEB90009FE555FFFFEB74
S31533D14190041095E5000051E30200001A80009FE533
S31533D141A050FFFFEB020000EA081081E268009FE579
S31533D141B053FFFFEB6C009FE54AFFFFEB081095E504
S31533D141C0000051E30200001A5C009FE545FFFFEB87
S31533D141D0020000EA081081E23C009FE548FFFFEB7D
S31533D141E00040A0E3041195E740309FE5081081E202
S31533D141F0040193E7014084E245F9FFEB020054E32E
S31533D14200F7FFFFDA0000A0E3F084BDE88898D33313
S31533D142107C98D3331CB7D23324B7D2339098D23395
S31533D1422044B7D2334CB7D2336CB7D23374B7D23324
S31533D14230CCD6D23304E02DE514309FE50010A0E17E
S31533D142400020A0E3000093E5090700EB0000A0E3CB
S31533D1425004F09DE48898D33310402DE93400A0E39C
S31533D1426034D04DE2770600EB7C309FE500C0A0E138
S31533D1427000005CE374109FE50200A0E30D40A0E19A
S31533D142803420A0E300C083E50200001AE4FEFFEB3D
S31533D142900000E0E3120000EA0010A0E30D00A0E134
S31533D142A0C31500EB48109FE508008DE2CA1400EB25
S31533D142B00E31A0E300308DE538309FE520308DE5E2
S31533D142C034309FE524308DE530309FE52C308DE584
S31533D142D02C309FE50D00A0E128308DE5D4FFFFEBDF
S31533D142E00000A0E334D08DE21080BDE88898D33373
S31533D142F094B7D233BCB7D233E4D8D1331CD9D13333
S31533D14300CCD8D1330CD9D13304E02DE50C309FE55C
S31533D14310000093E5680600EB0000A0E304F09DE4CA
S31533D143208898D33324C09FE524009FE50210A0E3B8
S31533D14330043090E4102098E5011081E2023083E015
S31533D143400C0051E1043000E5F8FFFF9A0EF0A0E1FD
S31533D1435001010000ECD6D23370402DE9C0609FE520
S31533D14360083096E5043093E50340C3E3043060E087
S31533D14370FE3E83E20F3083E2FF3EC3E30F30C3E326
S31533D14380015A43E20000A0E3010A55E300E0A0E17C
S31533D14390210000BADBB3FFEB083096E5043083E076
S31533D143A0030050E100E0A0E3000065E21A00001AF1
S31533D143B0D4B3FFEB043065E0010070E3012083E32E
S31533D143C060109FE50000A0E30D00001ACDB3FFEBDB
S31533D143D008C096E500406CE00F0054E3011084E346
S31533D143E000E0A0E30C0000DA3C309FE5003093E5E2
S31533D143F030209FE5003063E0003082E504108CE550
S31533D14400050000EA083096E5042083E5003091E5CE
S31533D14410033065E0003081E501E0A0E30E00A0E191
S31533D144207080BDE8E4D6D2339498D333E0D6D23341
S31533D14430000050E3F0442DE9F084BD08085040E242
S31533D14440043095E5E4A19FE50140C3E3046085E0FB
S31533D1445008209AE5041096E5020056E10310C1E32C
S31533D14460013003E21400001A000053E3014084E023
S31533D144700600001A080010E5055060E008C085E251
S31533D1448000509CE808C08EE50CE08CE5004084E012
S31533D14490013084E3043085E594319FE5003093E5EB
S31533D144A0030054E108508AE5F084BD3884319FE561
S31533D144B0000093E5F044BDE8A6FFFFEA000053E3DD
S31533D144C0041086E50070A0E30A00001A080010E54F
S31533D144D0055060E0082095E508308AE2030052E1C1
S31533D144E00CE0951502C0A01108C08E150CE08C15C1
S31533D144F0004084E001708702013086E0043093E5D1
S31533D14500010013E31000001A000057E3014084E0A1
S31533D145100900001A082096E51C319FE5030052E1C4
S31533D145200500001A017087E20C5082E5085082E506
S31533D145300C2085E5082085E5030000EA08C086E22C
S31533D1454000509CE808C08EE50CE08CE5013084E35D
S31533D14550000057E3043085E5044085E7F084BD1880
S31533D14560020C54E3A411A03181E18A3004309A3557
S31533D1457008C09E351B00003AA414B0E1A411A001A2
S31533D145801300000A040051E32433A09138108392E7
S31533D145900F00009A140051E35B1081920C00009AFC
S31533D145A0540051E32436A0916E1083920800009AB9
S31533D145B0550F51E3A437A091771083920400009A13
S31533D145C078309FE5030051E12439A0917C10839251
S31533D145D07E10A08381E18AE008C09EE50E005CE1BE
S31533D145E00500001A04309AE52111A0E10120A0E398
S31533D145F0123183E104308AE5070000EA04309CE5C1
S31533D146000330C3E3030054E10200002A08C09CE51A
S31533D146100E005CE1F8FFFF1A0CE09CE50CE085E572
S31533D1462008C085E50C508CE508508EE5F084BDE89D
S31533D14630E4D6D233DCD6D2339098D333ECD6D23305
S31533D1464054050000F04E2DE9000050E304D04DE27D
S31533D14650550100BA0B0080E2160050E30790C0C370
S31533D146601090A0D37E0F59E31700002AF0359FE57A
S31533D14670A951A0E185E183E00CC09EE50E005CE152
S31533D146800300001A08E08CE20CC09EE50E005CE113
S31533D146900B00000A04309CE50320C3E302208CE0EF
S31533D146A0043092E50C409CE508E09CE5013083E388
S31533D146B008508CE208E084E5043082E50C408EE57F
S31533D146C0640100EA025085E22A0000EAA924B0E166
S31533D146D0A951A0011700000A040052E32933A0914E
S31533D146E0385083921300009A140052E35B5082926E
S31533D146F01000009A540052E32936A0916E5083921A
S31533D147000C00009A550F52E3A937A0917750839273
S31533D147100800009A4C359FE5030052E12939A0911F
S31533D147207C5083920300009A010000EA015045E29E
S31533D147300F0000EA7E50A0E324359FE5854183E01F
S31533D147400CC094E504005CE10900000A04309CE511
S31533D147500320C3E3021069E00F0051E3F2FFFFCA2E
S31533D14760000051E30C109CE5110100AA01C0A0E170
S31533D14770F3FFFFEA015085E2EC749FE508C097E574
S31533D1478007005CE15300000A04309CE50320C3E300
S31533D14790021069E00F0051E30A0000DA09008CE018
S31533D147A0012089E3013081E308508CE204208CE582
S31533D147B0080087E5011080E7043080E50C0087E5F2
S31533D147C0087080E50F0100EA000051E30C7087E5EC
S31533D147D0087087E5050000BA02208CE0043092E5F3
S31533D147E008508CE2013083E3043082E5190100EAC3
S31533D147F0020C52E30900002AA201A0E1081047E2D4
S31533D14800804181E0042091E52001A0E10130A0E38C
S31533D1481008E094E5132082E1042081E5290000EAFA
S31533D14820A204B0E1A201A0011300000A040050E3AF
S31533D148302233A091380083920F00009A140050E3AB
S31533D148405B0080920C00009A540050E32236A0913B
S31533D148506E0083920800009A550F50E3A237A09188
S31533D14860770083920400009AF8339FE5030050E131
S31533D148702239A0917C0083927E00A083E0639FE5A9
S31533D14880804186E008E094E504005EE10500001A34
S31533D14890043096E52011A0E10120A0E3123183E162
S31533D148A0043086E5070000EA04309EE50330C3E3DE
S31533D148B0030052E10200002A08E09EE504005EE1DE
S31533D148C0F8FFFF1A0C409EE50C408CE508E08CE5E9
S31533D148D00CC08EE508C084E584239FE5C53FA0E1AE
S31533D148E0233F85E0041092E54331A0E10120A0E3D3
S31533D148F01203A0E1010050E13700008A010010E133
S31533D149000800001A1002A0E10330C5E3010010E11B
S31533D14910045083E20300001A8000A0E1010010E1C4
S31533D14920045085E2FAFFFFEA34A39FE585E18AE0B5
S31533D149300560A0E10E40A0E10CC094E504005CE132
S31533D149400900000A04309CE50320C3E3021069E071
S31533D149500F0051E39E0000CA000051E30C109CE5D1
S31533D14960AA0000AA01C0A0E1F3FFFFEA015085E214
S31533D14970030015E3084084E2EEFFFF1A030016E382
S31533D1498008E04EE2016046E20F00000A08309EE5A8
S31533D149900E0053E1F8FFFF0AC4329FE5043093E5A5
S31533D149A08000A0E1030050E10B00008A000050E300
S31533D149B00900000A030010E1DAFFFF1A8000A0E1F3
S31533D149C0030010E1045085E2FAFFFFEA04309AE599
S31533D149D00030C3E104308AE5EEFFFFEA80129FE56A
S31533D149E008A091E504309AE50330C3E3031069E0B7
S31533D149F00F0051E300308DE58D0000CA6C329FE54F
S31533D14A006C129FE5002093E5003091E5022089E0D1
S31533D14A10010073E3106082E2FF3E86120F308312B8
S31533D14A20FF6EC3130F60C6130600A0E100409DE5A8
S31533D14A3034B2FFEB010070E304708AE00050A0E199
S31533D14A405200000A070050E10200002A10329FE5D6
S31533D14A5003005AE14D00001A18B29FE500309BE5A9
S31533D14A60070055E1062083E000208BE50500001AC7
S31533D14A70EC119FE5040086E0082091E5013080E30F
S31533D14A80043082E5340000EAE4119FE5003091E544
S31533D14A90010073E30530671003308210005081056E
S31533D14AA000308B15070015E208406012045085108B
S31533D14AB0062085E0FF3E82E20F3083E2FF3EC3E339
S31533D14AC00F30C3E30040A001033062E0034084E0FA
S31533D14AD00400A0E10BB2FFEB010070E32B00000A17
S31533D14AE0003065E000209BE5040083E070319FE51B
S31533D14AF06C119FE503005AE1042082E0013080E353
S31533D14B0000208BE5043085E5085081E51200000A93
S31533D14B1000309DE50F0053E30130A09304308595E2
S31533D14B201A00009A00109DE504209AE50C3041E233
S31533D14B300740C3E3012002E204108AE00530A0E343
S31533D14B40042082E10F0054E304208AE5083081E55D
S31533D14B50043081E508008A8234FEFF8B18219FE524
S31533D14B6010319FE5001093E5003092E5030051E112
S31533D14B7008319FE508019FE5003093E50010828522
S31533D14B80002090E5013083E0020053E10030808587
S31533D14B90CC309FE5083093E5043093E50330C3E356
S31533D14BA0031069E00F0051E3210000CA0050A0E39E
S31533D14BB0280000EA02208CE0043092E508E09CE537
S31533D14BC0013083E308508CE208E081E5043082E595
S31533D14BD0150000EA013089E309008CE00C409CE5ED
S31533D14BE004308CE508E0BCE5013081E308E084E5A7
S31533D14BF00C408EE5080087E5011080E7880080E90F
S31533D14C000C0087E50C50A0E10C7080E5110000EA69
S31533D14C1002208CE0043092E508E0BCE5013083E331
S31533D14C20043082E508E081E50C50A0E10C108EE525
S31533D14C30080000EA28009FE508C090E5011081E31A
S31533D14C4009208CE0013089E304308CE5082080E5F6
S31533D14C50041082E508508CE20500A0E104D08DE240
S31533D14C60F08EBDE8E4D6D23354050000ECD6D23338
S31533D14C709098D333E0D6D2339498D333C498D333AD
S31533D14C80C098D333BC98D333F04E2DE9000051E3DA
S31533D14C900070A0E104D04DE20000A0B3100100BAF8
S31533D14CA0000057E30300001A0100A0E104D08DE2DE
S31533D14CB0F04EBDE862FEFFEA084047E20B3081E2AF
S31533D14CC0045094E5160053E303A0C5E30790C3C359
S31533D14CD01090A0D309005AE104B0A0E10A20A0E193
S31533D14CE0E60000AA00049FE508C090E50A0084E0F7
S31533D14CF00C0050E10700000A043090E50130C3E3DC
S31533D14D00033080E0043093E5010013E30000A013B0
S31533D14D1000E0A0111B00001A043090E50C0050E1DD
S31533D14D2003E0C3E30AC08EE00E00001A103089E2E5
S31533D14D3003005CE1130000BA0C3069E0013083E340
S31533D14D40092084E0043082E5043094E598139FE555
S31533D14D50013003E2093083E1080084E2082081E59A
S31533D14D60043084E5DE0000EA09005CE1050000BACF
S31533D14D70081080E20A0091E80CA0A0E1081083E57F
S31533D14D800C3081E5BD0000EA010015E38800001A35
S31533D14D90003094E5046063E0043096E5000050E3D7
S31533D14DA00340C3E35100000A3CC39FE508309CE579
S31533D14DB0030050E104308EE03C00001A0A3083E020
S31533D14DC000308DE500009DE5103089E2030050E1D6
S31533D14DD0460000BA081086E20A0091E8042042E27E
S31533D14DE0240052E30640A0E1081083E50C3081E577
S31533D14DF0085086E21D00008A130052E307C0A0E1B2
S31533D14E000510A0E11200009A04309CE4083086E5FF
S31533D14E10043097E51B0052E30C3086E504C08CE2AF
S31533D14E20101086E20A00009A04309CE4103086E5ED
S31533D14E3004309CE4143086E5230052E304309C8459
S31533D14E401830868504309C841C308685181086E2CA
S31533D14E502010868204309CE4043081E404309CE40F
S31533D14E60043081E400309CE5003081E5020000EA6C
S31533D14E700710A0E10500A0E1E11200EB00109DE59A
S31533D14E80013069E0013083E3092086E0043082E5DD
S31533D14E90043096E5013003E2093083E1043086E507
S31533D14EA044329FE50500A0E1082083E58C0000EA72
S31533D14EB00AC083E009005CE10C0000BA081080E235
S31533D14EC00A0091E8081083E50C3081E5042042E2EB
S31533D14ED0081086E20A0091E80640A0E1240052E3A5
S31533D14EE00CA0A0E1081083E50C3081E50C0000EA73
S31533D14EF0000056E32E00000A0A0084E0090050E18F
S31533D14F002B0000BA081086E20A0091E8042042E267
S31533D14F10081083E50C3081E50640A0E1240052E345
S31533D14F2000A0A0E1085084E21D00008A130052E3A9
S31533D14F300500A0E107C0A0E11200009A04309CE439
S31533D14F40083084E5043097E51B0052E30C3084E511
S31533D14F5004C08CE2100084E20A00009A04309CE447
S31533D14F60103084E504309CE4143084E5230052E3D5
S31533D14F7004309C841830848504309C841C308485D9
S31533D14F80180084E22000848204309CE4043080E427
S31533D14F9004309CE4043080E400309CE5003080E575
S31533D14FA0360000EA0500A0E10710A0E1941200EB28
S31533D14FB0320000EA0100A0E1A1FDFFEB005050E23F
S31533D14FC02C00000A04309BE50130C3E303308BE078
S31533D14FD0084045E2030054E1043094050330C3035A
S31533D14FE003A08A000B40A0012400000A04204AE220
S31533D14FF0240052E31B00008A130052E30700A0E1D9
S31533D150000510A0E11000009A043090E4043081E415
S31533D15010043097E51B0052E3043085E5040080E282
S31533D15020041081E20800009A043090E4043081E41C
S31533D15030043090E4043081E4230052E30430908485
S31533D15040043081840430908404308184043090E4F4
S31533D15050043081E4043090E4043081E4003090E5C7
S31533D15060003081E5010000EA0710A0E1641200EBBC
S31533D150700700A0E1EDFCFFEB0500A0E1180000EA43
S31533D150800A1069E00F0051E3043094E50C00009A1D
S31533D15090013003E2090084E0093083E1012081E361
S31533D150A0043084E5042080E5012080E0043092E5A4
S31533D150B0013083E3043082E5080080E2DBFCFFEB89
S31533D150C0060000EA013003E20A3083E1043084E595
S31533D150D00A2084E0043092E5013083E3043082E55B
S31533D150E0080084E204D08DE2F08EBDE8E4D6D23323
S31533D150F0000051E3F0442DE90050A0E10000A0B304
S31533D15100F084BDB8080055E30200008A0100A0E15E
S31533D15110F044BDE84AFDFFEA0B0081E20F0055E3C7
S31533D151201050A093160050E307A0C0C310A0A0D34C
S31533D1513005008AE0100080E241FDFFEB007050E2BA
S31533D151400700A001F084BD080510A0E10B2300EBC5
S31533D15150000050E3086047E21800000A053087E0C3
S31533D15160002065E2013043E2023003E0084043E2F6
S31533D15170043066E0042096E50F0053E3054084906E
S31533D15180041066E00320C2E3022061E0013082E3FA
S31533D15190043084E5022084E0043092E5013083E3A0
S31533D151A0043082E5043096E5013003E2013083E100
S31533D151B0043086E50700A0E19CFCFFEB0460A0E157
S31533D151C0043096E50330C3E303306AE00F0053E38B
S31533D151D0080000DA013083E30A0086E0043080E543
S31533D151E0043096E5013003E20A3083E1043086E5B3
S31533D151F0080080E28DFCFFEB080086E2F084BDE83F
S31533D152000010A0E1010AA0E3B8FFFFEAFF1E80E256
S31533D152100F1081E2FF1EC1E30F10C1E3010AA0E3F0
S31533D15220B2FFFFEAF0402DE9C0309FE5087093E530
S31533D152300040A0E1043097E5910400E00360C3E375
S31533D15240FFFCFFEB000054E30050A0E10000A0B314
S31533D15250F080BDB8000055E30500A001F080BD084C
S31533D15260083045E2042093E50320C2E3070053E136
S31533D152700030A0130130A003060052E10030A093D1
S31533D15280000053E30620A011042042E2240052E366
S31533D152901200008A130052E30510A0E10A00009AE6
S31533D152A00030A0E3043081E41B0052E3043085E5BA
S31533D152B0041081E20400009A043081E4043081E49D
S31533D152C0230052E304308184043081840030A0E357
S31533D152D0043081E4043081E4003081E5010000EA11
S31533D152E00010A0E3B21100EB0500A0E1F080BDE8D8
S31533D152F0E4D6D2334DFCFFEA000050E3081040E246
S31533D153000EF0A001042091E50130C2E3020012E38D
S31533D153100300C2E3033081E0080040120EF0A0113E
S31533D15320043093E50320C2E3013013E20300A0E155
S31533D15330040042120EF0A0E1040080E2030050E3F0
S31533D1534000F19F97130000EA8053D1337453D1338D
S31533D153506453D1335853D13340309FE50100A0E361
S31533D15360010000EA38309FE50100A0E3001083E560
S31533D153700EF0A0E12C309FE50100A0E3FAFFFFEA5E
S31533D15380000051E30000A0E31C309F050100A003C8
S31533D153900EF0A011F4FFFFEA0000A0E30EF0A0E176
S31533D153A0DCD6D2339098D333D8D6D2338C98D33331
S31533D153B010402DE918309FE5004093E50000A0E376
S31533D153C0041084E20C209FE5DA0F00EB000084E56C
S31533D153D01080BDE8C898D333FCFF010004E02DE536
S31533D153E0183098E5000053E310309F050000D307FA
S31533D153F004F09D04360000EBFF0000E204F09DE497
S31533D15400F0DAD233183098E5000053E314309815D7
S31533D1541008309F050000D3170000D3070EF0A0E163
S31533D15420F0DAD233183098E5000053E314309815B7
S31533D1543008309F0500008310030080000EF0A0E1F1
S31533D15440F0DAD23330402DE90208A0E37CFCFFEB0E
S31533D1545068509FE568209FE568309FE5000085E574
S31533D15460002083E5184098E5000054E358009FE5C2
S31533D154700D00001A9BFAFFEB0410A0E10228A0E33A
S31533D15480000095E54A1100EB000095E53C109FE508
S31533D15490CE20A0E3040080E2591100EBC3FFFFEB2A
S31533D154A00130A0E3183088E5000000EA670000EB4D
S31533D154B0003095E5043083E2143088E53080BDE899
S31533D154C0C898D3330454D133C0DBD233C4B7D233F0
S31533D154D0F0DAD233143098E50000D3E70EF0A0E1F9
S31533D154E010309FE50000A0E3143088E50130A0E306
S31533D154F0183088E50EF0A0E1F0DAD23370402DE9D9
S31533D15500A8009FE53CD04DE2A4509FE575FAFFEB59
S31533D155100040A0E30137A0E30268A0E32C408DE538
S31533D1552010308DE50C508DE514608DE50C108DE280
S31533D155300500A0E10FE0A0E100F195E5040050E1CB
S31533D155400120A0E36C009FE51500001A65FAFFEB45
S31533D1555064309FE5002093E508308DE200308DE548
S31533D1556004208DE50630A0E10020A0E30117A0E3A6
S31533D1557008608DE50500A0E10FE0A0E110F195E5D6
S31533D15580004050E20120A0E30500001A08309DE522
S31533D15590020853E324009FE50100001A51FAFFEBC9
S31533D155A00420A0E10200A0E13CD08DE27080BDE8B9
S31533D155B000B8D233E090D33310B8D233C898D3337B
S31533D155C0D88FD23330402DE968509FE568009FE5B7
S31533D155D044FAFFEB003095E50228A0E3020053E10C
S31533D155E058409FE50010A0E354009FE5010000DA4F
S31533D155F03040BDE83BFAFFEA000094E5EC1000EB0E
S31533D15600000094E5002095E538109FE5040080E24B
S31533D15610FB1000EB004094E50000A0E3041084E2D4
S31533D1562024209FE5430F00EB0130A0E3000084E54E
S31533D15630183088E53080BDE8ECDAD23324B8D233AA
S31533D15640C898D33360B8D233F0DAD233FCFF010002
S31533D1565010402DE90CD04DE20C208DE20238A0E377
S31533D15660043022E560409FE560C09FE5001094E5A4
S31533D1567000208DE504108DE50C00A0E10020A0E3D8
S31533D156800117A0E30FE0A0E10CF19CE5000050E354
S31533D156900A00001A08309DE5020853E330209FE50E
S31533D156A00600001A001094E5041081E2210F00EBB5
S31533D156B0003094E5003093E5030050E10000000A51
S31533D156C0BFFFFFEB0CD08DE21080BDE8C898D33342
S31533D156D0E090D333FCFF01000EF0A0E10300A0E349
S31533D156E00EF0A0E104E02DE54400A0E3D4FBFFEBBB
S31533D156F0200088E50010A0E3202098E570309FE59F
S31533D15700013182E7011081E2100051E3F9FFFFDA6B
S31533D15710202098E55C309FE5003082E558309FE50F
S31533D15720202098E5203082E550309FE5202098E53A
S31533D15730243082E548309FE5202098E5383082E51C
S31533D1574040309FE5202098E53C3082E538309FE5DF
S31533D15750202098E52C3082E530309FE5202098E51E
S31533D15760403082E528309FE5202098E5283082E500
S31533D1577004F09DE4D856D133DC56D1334446D133B4
S31533D157803044D1338C27D1331427D133080DD03389
S31533D157907C9BD1332C0DD033F04E2DE9B450D3E19C
S31533D157A00C7093E5004093E503E0A0E1013045E287
S31533D157B00338A0E104D04DE204C087E02338A0E119
S31533D157C000A055E200B0A0E10160A0E10200A0E162
S31533D157D001904CE200308DE52D00000A010052E1F3
S31533D157E00030A0230130A033000054E301308303CA
S31533D157F0000053E32600001A08209EE598309FE532
S31533D15800030052E12200000A090051E10030A0938E
S31533D158100130A083070050E103C0A02101C08333F7
S31533D1582000005CE31A00001A0A005CE1180000AAF2
S31533D158300C108EE200209DE50238A0E143085CE1ED
S31533D158400930A0E10430911501304312030056E1FA
S31533D158500B00008A003091E5030050E10800003A8D
S31533D1586002001BE30E208CE00030A0130300001A94
S31533D1587001001BE30E208CE00100000A0130A0E3C6
S31533D158805830C2E501C08CE205005CE1041081E2F7
S31533D15890E7FFFFBA04D08DE2F08EBDE8FFFF0000FB
S31533D158A038109FE538309FE5082091E5030052E162
S31533D158B00800000A0C2091E5020050E10500003AB8
S31533D158C0003091E5033082E0013043E2030050E109
S31533D158D00100A0E10EF0A0910000A0E30EF0A0E10B
S31533D158E00CBBD733FFFF0000F04E2DE9023081E0F8
S31533D158F00CD04DE2013043E208308DE500B0A0E162
S31533D159000100A0E10260A0E10170A0E1E3FFFFEB6A
S31533D159100090A0E108009DE5E0FFFFEB000056E3E0
S31533D1592000A0A0E10600A0014E00000A00005AE310
S31533D15930000059130800A0034A00000A010000EA07
S31533D159400400A0E3470000EA0950A0E10A0055E17B
S31533D159502400008AB440D5E10C1095E5002095E5B5
S31533D15960013044E20000A0E30338A0E1021081E024
S31533D159702338A0E1040050E104108DE500308DE5E4
S31533D15980160000AA0C2085E200109DE50138A0E16E
S31533D15990430850E104C09DE5003092E504C0921529
S31533D159A008109DE5030051E10030A0330130A02327
S31533D159B00C0057E10030A023000053E305E080E02B
S31533D159C0042082E2010080E20200000A5830DEE58B
S31533D159D0000053E3D9FFFF1A040050E1E9FFFFBAC0
S31533D159E06C5085E2D8FFFFEA0A0059E10030A08333
S31533D159F00130A093000056E30950A0E10030A00353
S31533D15A00000053E31600000A002095E50C3095E5E6
S31533D15A10023083E0034067E0060054E10640A0211B
S31533D15A200500A0E10B10A0E10720A0E10430A0E1ED
S31533D15A30D71E00EB000050E36C5085E2047087E04B
S31533D15A4004B08BE00700001A046056E00030A0039F
S31533D15A500130A0130A0055E10030A08301300392FF
S31533D15A60E6FFFFEA0000A0E30CD08DE2F08EBDE86D
S31533D15A70080050E31C00000A0A0000CA010050E3B3
S31533D15A801300000A020000CA000050E30EF0A00151
S31533D15A901F0000EA020050E30F00000A040050E36E
S31533D15AA00F00000A1A0000EA200050E31200000A60
S31533D15AB0020000CA100050E30D00000A140000EAB8
S31533D15AC0400050E30E00000A800050E30E00000A76
S31533D15AD00F0000EA4C009FE50C0000EA48009FE531
S31533D15AE00A0000EA44009FE5080000EA40009FE53A
S31533D15AF0060000EA3C009FE5040000EA38009FE542
S31533D15B00020000EA34009FE5000000EA30009FE549
S31533D15B10F4F8FFEA0030A0E128109FE528009FE58D
S31533D15B20DD20A0E3F6F8FFEA90B8D233ACB8D2335E
S31533D15B30C0B8D233E8B8D23304B9D23338B9D23381
S31533D15B4054B9D2336CB9D23390B9D23398B9D2336B
S31533D15B5070402DE90060A0E1B9FAFFEB0050A0E126
S31533D15B600800A0E3B6FAFFEB004050E20500A0E10E
S31533D15B700800000A013076E20030A033000055E345
S31533D15B8001308313000053E3005084150430A0E170
S31533D15B90046084150300001A24FAFFEB0400A0E154
S31533D15BA022FAFFEB0030A0E30300A0E17080BDE819
S31533D15BB010402DE9004050E21080BD08000094E535
S31533D15BC01AFAFFEB0400A0E11040BDE817FAFFEA59
S31533D15BD0040090E50EF0A0E170402DE9046090E524
S31533D15BE0010056E10050A0E10140A0E1000090E56B
S31533D15BF01200000A000050E30200001A0100A0E1AE
S31533D15C008FFAFFEB000000EA1EFCFFEB013074E2A2
S31533D15C100030A033000050E301308313000053E347
S31533D15C200300A0017080BD08060054E1110085E858
S31533D15C3004206680060080800010A0835C0F008B21
S31533D15C400100A0E37080BDE810402DE90040A0E10A
S31533D15C501C00A0E3BDFFFFEB001050E200C0A0E370
S31533D15C601080BD08002091E534309FE5003082E5C0
S31533D15C70003091E514C083E5003091E50CC083E55E
S31533D15C80003091E5104083E5002091E50A30A0E359
S31533D15C90043082E5002091E5063043E2083082E5CF
S31533D15CA01080BDE85453494C003090E5042083E548
S31533D15CB0003090E5081083E50EF0A0E1BBFFFFEA93
S31533D15CC0F04E2DE9004090E5149094E50260A0E1C1
S31533D15CD0012089E2020056E100A0A0E101B0A0E1A2
S31533D15CE00370A0E10060A0030200000A090056E167
S31533D15CF00000A0C3F08EBDC8143094E50C2094E5D2
S31533D15D00020053E1230000BA005067E2000055E3A5
S31533D15D100900001A043094E5643083E2930200E03B
S31533D15D206410A0E3851F00EB083094E5000053E1FE
S31533D15D300350A0A10050A0B1090000EA080000AA7F
S31533D15D40043094E5643083E2930200E06410A0E337
S31533D15D507A1F00EB083094E5000053E1035065A078
S31533D15D60005065B00C3094E5102094E5053083E0CE
S31533D15D70920301E00A00A0E11C1081E295FFFFEB0B
S31533D15D80000050E3F08EBD0800209AE50C3092E541
S31533D15D90053083E00C3082E5010076E30300001A47
S31533D15DA0000059E3026086120F00001A010000EA9F
S31533D15DB0000056E30C00001A00005BE300209AE59D
S31533D15DC00600000A103092E5992320E00B10A0E1AA
S31533D15DD0970302E0180080E2090F00EB1E0000EAB8
S31533D15DE0103092E5992320E0170000EA00109AE5A6
S31533D15DF0073086E0102091E5013043E2014046E297
S31533D15E00931220E0941221E0093066E0932222E006
S31533D15E10180080E2181081E2030F00EB00005BE338
S31533D15E2000209AE50600000A103092E5942320E04B
S31533D15E300B10A0E1970302E0180080E2FA0E00EBD3
S31533D15E40050000EA103092E5942320E00B10A0E14F
S31533D15E50180080E2970302E0D50E00EB00209AE5D5
S31533D15E60143092E50100A0E3073083E0143082E5A4
S31533D15E70F08EBDE80130A0E390FFFFEA010072E373
S31533D15E8010402DE90220820201E0A0E10340A0E1D6
S31533D15E900200000A000052E3003090051420930526
S31533D15EA0001090E5103091E501C042E29C1321E018
S31533D15EB0940302E00E00A0E1181081E21040BDE850
S31533D15EC0CF0E00EA010071E3021081020200000A0B
S31533D15ED0000051E30030900514109305002090E56E
S31533D15EE0103092E5011041E2912320E0180080E28F
S31533D15EF00EF0A0E1000090E5180080E20EF0A0E1AB
S31533D15F00003090E5100093E50EF0A0E1003090E536
S31533D15F10140093E50EF0A0E1FF0000E2302040E219
S31533D15F20FF3002E2090053E3611040E20600009AE2
S31533D15F30050051E3413040E2572040E20200009A56
S31533D15F40050053E3372040E20020E0830200A0E18D
S31533D15F500EF0A0E130402DE90040A0E10100D4E4B8
S31533D15F60ECFFFFEB005050E20030E0E3040000BA1F
S31533D15F700000D4E5E7FFFFEB000050E30030E0E368
S31533D15F80053280A00300A0E13080BDE8F04E2DE983
S31533D15F900050A0E104D04DE20000D0E500308DE5CC
S31533D15FA0000050E30160A0E10290A0E10600000AAF
S31533D15FB0013085E2530050E30350A0E10700000AD4
S31533D15FC00000D3E5000050E3F7FFFFEA0020D5E523
S31533D15FD0000052E30A00A0038900000A010000EA57
S31533D15FE00350A0E1F8FFFFEA015085E20500A0E1B5
S31533D15FF00240A0E1D6FFFFEB000050E3000086E577
S31533D160007C0000BA301044E2FF7000E2025085E2E0
S31533D16010090051E301F19F975D0000EA4460D13322
S31533D160205460D1336460D1337460D1339461D13315
S31533D160308460D1339461D1339060D133A060D1337D
S31533D16040B060D133003096E500B0A0E3033043E2FC
S31533D16050190000EA003096E501B0A0E3033043E2FC
S31533D16060150000EA003096E502B0A0E3043043E2EE
S31533D16070110000EA003096E503B0A0E3053043E2E0
S31533D160800D0000EA05B0A0E30030A0E30A0000EA30
S31533D16090003096E507B0A0E3053043E2060000EAC7
S31533D160A0003096E508B0A0E3043043E2020000EABB
S31533D160B0003096E509B0A0E3033043E2003086E5FC
S31533D160C0090051E30030A0E3003089E53000008A7E
S31533D160D034319FE50120A0E31201A0E1033000E082
S31533D160E0000053E31500001A410F10E30900001ADB
S31533D160F0880010E32600000A0500A0E194FFFFEBE8
S31533D16100004050E23B0000BA043087E0004089E5D5
S31533D16110FF7003E2025085E20500A0E18CFFFFEB6D
S31533D16120004050E2330000BA003099E5033484E0BD
S31533D16130042087E0003089E5FF7002E2025085E220
S31533D161400500A0E182FFFFEB004050E2290000BAFF
S31533D16150003099E5025085E203A484E000A089E5B5
S31533D16160043087E00500A0E1FF7003E278FFFFEB4F
S31533D16170004050E21F0000BA043087E00A2484E09D
S31533D16180FF7003E2025085E200A0A0E3002089E547
S31533D161900A0000EA0000E0E3190000EA6CFFFFEBE6
S31533D161A0004050E2043087E0FF7003E2025085E2CB
S31533D161B0100000BA00309DE50A40C3E701A08AE258
S31533D161C0003096E503005AE10500A0E1F2FFFFBAAC
S31533D161D05FFFFFEB004050E2060000BA0730E0E143
S31533D161E0FF2004E2FF3003E2030052E10200E01361
S31533D161F00300001A010000EA0100E0E3000000EADF
S31533D162000B00A0E104D08DE2F08EBDE8230200006D
S31533D1621030402DE90150A0E10040A0E3000000EA6F
S31533D16220C1AAFFEB1FF7FFEB000050E31400A0E345
S31533D162300300001A2C309FE5030054E1014084E278
S31533D16240F6FFFF9A17F7FFEB000050E30030A001BA
S31533D162500200000A0DF7FFEB0000C5E50130A0E3DC
S31533D162600300A0E13080BDE89F860100FF1001E233
S31533D162700100A0E111F7FFEAF04E2DE900E0A0E1EC
S31533D162800000D0E50290A0E1200050E301B0A0E1B7
S31533D1629003A0A0E10120A0E30A60A0E30070A0E34C
S31533D162A00200001A0130FEE5200053E3FBFFFFEA7B
S31533D162B00030DEE5000053E33700000A000052E335
S31533D162C00900000A300053E30700001A0100DEE566
S31533D162D0413040E2190053E320308092FF000392DC
S31533D162E0780050E302E08E021060A00301C0DEE4F1
S31533D162F041304CE230104CE2FF4003E2FF0001E281
S31533D16300050054E30900508361304CE261504CE2CD
S31533D163100020A0E30100009A050053E30A00008A66
S31533D16320090050E30200A0E10100A0910400009AD4
S31533D16330050055E357004C920100009A050054E30A
S31533D1634037004C92060050E10F0000BA00005AE3F1
S31533D163500B00000A0000DAE5000050E30A30A0E171
S31533D163600700000A0C0050E10200000A0100F3E5F0
S31533D16370000050E3FAFFFF1A0030D3E5000053E3B0
S31533D163800500001A0000A0E3F08EBDE80030DEE54B
S31533D16390000053E3960727E0D3FFFF1A000059E3F2
S31533D163A00100A0E300708BE500E08915F08EBDE8DE
S31533D163B004E02DE504D04DE21C309FE5003093E562
S31533D163C003108DE20000D3E590FFFFEB000050E3DD
S31533D163D0F8FFFF1A04D08DE20080BDE8CC98D333D1
S31533D163E0F0442DE9BC429FE5303494E50050A0E327
S31533D163F0000053E304D04DE20570A0E10560A0E17E
S31533D164000400000A003094E50610A0E30000D3E57A
S31533D1641095FFFFEB305484E588429FE5003094E510
S31533D1642003A08DE20000D3E50A10A0E177FFFFEB9D
S31533D16430000050E32600000A0320DDE5FF3002E2F7
S31533D16440020053E3016086E20D00000A020000CA5E
S31533D16450010053E30500000A210000EA040053E3A7
S31533D164601300000A180053E30900000A1C0000EA9E
S31533D164701C3494E5020052E3013083E21C3484E5C3
S31533D164801900001A203494E5013083E2203484E5AF
S31533D16490150000EA243494E5017087E2013083E2B2
S31533D164A0030057E3243484E50D00001A0400E0E3F6
S31533D164B07A0000EA010056E30900001A003094E568
S31533D164C00610A0E30000D3E567FFFFEB0300E0E35B
S31533D164D0720000EAB5FFFFEBCC019FE512AAFFEBC1
S31533D164E06B0000EA000055E3CAFFFF0AB4519FE5BA
S31533D164F0003095E5011B85E20000D3E5081081E232
S31533D1650042FFFFEB000050E33100000A003095E53E
S31533D16510011B85E20000D3E5091081E23BFFFFEB96
S31533D16520000050E32A00000A0330DDE5010053E3CE
S31533D16530013BA0138030A0030040A0E3042085E2C1
S31533D16540030054E10510A0E1103485E5042485E533
S31533D165500D0000AA0250A0E1003091E50A10A0E166
S31533D165600000D3E529FFFFEB000050E3014084E27D
S31533D1657030119FE54600000A103491E50320DDE55D
S31533D16580030054E10120C5E4F2FFFFBA14519FE56C
S31533D16590003095E5011B85E20000D3E50A1081E28F
S31533D165A01AFFFFEB000050E30900000A283495E5C2
S31533D165B0000053E30800000A003095E5011B85E25C
S31533D165C00000D3E50B1081E210FFFFEB000050E35F
S31533D165D00100001A030040E2300000EACC309FE5D7
S31533D165E0CC209FE50330D5E70220D5E7023023E02F
S31533D165F0FF0053E3AC409FE50200000A6BFFFFEB8C
S31533D166000500E0E3250000EA283494E5000053E39E
S31533D16610101494E50A00000A040084E2A10100EBC8
S31533D1662090309FE50320D4E7013043E20330D4E7FA
S31533D166300008A0E1032482E1200852E11600000AC2
S31533D16640110000EA0300A0E1010053E10340A0E1C8
S31533D16650070000AA053084E00430D3E5033080E067
S31533D16660014084E20338A0E1010054E12308A0E1DB
S31533D16670F6FFFFEA40309FE528209FE50320D2E796
S31533D16680FF3000E2030052E10300000A0600E0E3E3
S31533D16690020000EA0200E0E3000000EA0000A0E3D2
S31533D166A004D08DE2F084BDE8CC98D33390D00300B7
S31533D166B008040000090400000B0400000A0400009A
S31533D166C0F0442DE950419FE50050A0E304D04DE28B
S31533D166D00130A0E300D084E5283484E5105484E531
S31533D166E02C5484E5305484E5043090E501A0A0E1FF
S31533D166F00000DDE54310A0E3143484E5185484E572
S31533D167001C5484E5205484E5245484E5385484E5F3
S31533D16710345484E5D4FEFFEB142494E5010052E3DB
S31533D16720F8309F050A70A0E305C0A0010320C40742
S31533D167303600000A1360A0E328FFFFEB005050E286
S31533D16740D4409FE5D8009FE51600001AD4309FE593
S31533D167500330D4E7000053E30A00001A040494E566
S31533D167600130D0E4FF2003E2000052E3040484E590
S31533D16770F9FFFF1AB0309FE5B0109FE5BDFEFFEBB1
S31533D167800130A0E3303484E58C009FE50010A0E3DB
S31533D1679088309FE50120A0E301C0A0E10320C0E703
S31533D167A0101480E5190000EA030075E31000001ACE
S31533D167B0017047E2000057E35C309FD50020A0D368
S31533D167C0282483D558A9FFEB281494E5003094E5D2
S31533D167D0000051E30000D3E51510A0034310A013F5
S31533D167E0A1FEFFEB183494E5013083E2183484E506
S31533D167F0010000EA050075E30200000A000056E302
S31533D16800016046E2CBFFFFCA00508AE500C0E0E320
S31533D168100C00A0E104D08DE2F084BDE8CC98D3331B
S31533D168200C04000020A10700080400004C4CD233DD
S31533D16830009DD333F04E2DE990C29FE52C349CE5A0
S31533D16840013073E20030A033000051E30030A0D3DE
S31533D168500170A0E1000053E300A0A0E102B0A0E1B2
S31533D168600090A0E39700000A10349CE5000053E36F
S31533D168707800001A1360A0E3D8FEFFEB005050E244
S31533D1688048C29FE548429FE54000001A44329FE50E
S31533D1689004E0DCE70300DCE7FF200EE2013042E21D
S31533D168A0020050E10610A0E3FF3003E23000001AB4
S31533D168B014349CE5010053E301308EE20430CCE746
S31533D168C00130A0E330348CE50200000A34349CE540
S31533D168D0000053E31600001A04049CE510149CE51A
S31533D168E0012080E0013052E51A0053E31000001A3B
S31533D168F0023052E51A0053E30D00001A033052E544
S31533D169001A0053E30A00001A000051E30800000AC3
S31533D1691010349CE5013043E2000053E3032080E099
S31533D1692010348CE50200000A013052E51A0053E3E4
S31533D16930F6FFFF0A94119FE5143491E5010053E331
S31533D169404400000A342491E5000052E34100000AA1
S31533D16950100491E5383491E5003083E0020053E1F8
S31533D16960383481E5033062800030638010348185D9
S31533D16970380000EA030050E10750E0130500001A4E
S31533D1698000309CE50000D3E537FEFFEB280000EA63
S31533D16990050075E32900000A040075E32C419FE510
S31533D169A01900001A003094E50610A0E30000D3E5B0
S31533D169B02DFEFFEB143494E5020053E30F00001A96
S31533D169C0281494E5003094E5000051E31510A00363
S31533D169D04310A0130000D3E523FEFFEB183494E51F
S31533D169E0013083E2183484E57CFEFFEB003094E545
S31533D169F00050A0E10610A0E30000D3E51AFEFFEB69
S31533D16A000130A0E32C3484E50C0000EA281494E554
S31533D16A10003094E5000051E30000D3E51510A0030F
S31533D16A204310A01310FEFFEB183494E5013083E203
S31533D16A30183484E5000056E3016046E28DFFFFCA80
S31533D16A40000055E384309FB50020E0B300508BB5B9
S31533D16A50102483B51B0000BA70509FE52C3495E5CD
S31533D16A60000053E30F00001A104495E5070054E1B3
S31533D16A700740A0A10A00A0E10420A0E1041495E5C2
S31533D16A80DF0B00EB103495E5042495E5033064E050
S31533D16A90042082E0103485E5042485E5077064E06B
S31533D16AA004A08AE0049089E02C3495E5013073E271
S31533D16AB00030A033000057E30030A0D305C0A0E1A6
S31533D16AC0000053E366FFFFEA0900A0E1F08EBDE88B
S31533D16AD0CC98D3330C0400000804000010402DE9C0
S31533D16AE03C109FE528C491E538009FE5184491E5DC
S31533D16AF024E491E500005CE31C2491E5203491E54F
S31533D16B0008D04DE220109FE50010A0011C009FE56F
S31533D16B1000E08DE504408DE5F9F4FFEB08D08DE245
S31533D16B201080BDE8CC98D333B0B9D233B8B9D233D8
S31533D16B30BCB9D233000050E310402DE90140A0E176
S31533D16B402800000AB8409FE5143494E5013043E276
S31533D16B50010053E31080BD88003094E51810A0E3CB
S31533D16B600000D3E5C0FDFFEB003094E51810A0E368
S31533D16B700000D3E5BCFDFFEB003094E51810A0E35C
S31533D16B800000D3E5B8FDFFEB003094E51810A0E350
S31533D16B900000D3E5B4FDFFEB003094E50810A0E354
S31533D16BA00000D3E5B0FDFFEB003094E50810A0E348
S31533D16BB00000D3E5ACFDFFEB003094E50810A0E33C
S31533D16BC00000D3E5A8FDFFEB003094E50810A0E330
S31533D16BD00000D3E5A4FDFFEBF4FDFFEB0130A0E3D9
S31533D16BE02C3484E51080BDE80FE0A0E104F0A0E1B8
S31533D16BF0000050E3FBFFFFAA08009FE51040BDE834
S31533D16C0049A8FFEACC98D33390D00300080080E269
S31533D16C10070050E300F19F97170000EA746CD13324
S31533D16C206C6CD133646CD1335C6CD133546CD1331A
S31533D16C304C6CD133446CD1333C6CD13340009FE56A
S31533D16C400EF0A0E13C009FE50EF0A0E138009FE5C0
S31533D16C500EF0A0E134009FE50EF0A0E130009FE5C0
S31533D16C600EF0A0E12C009FE50EF0A0E128009FE5C0
S31533D16C700EF0A0E124009FE50EF0A0E120009FE5C0
S31533D16C800EF0A0E100BAD23314BAD23334BAD233F6
S31533D16C9040BAD2334CBAD23358BAD23368BAD233A2
S31533D16CA07CBAD23394BAD23300C0A0E304E02DE513
S31533D16CB001005CE10CE0A0E10A0000AA0130D0E486
S31533D16CC028209FE52C3423E08330A0E1B23093E101
S31533D16CD00C3423E001E08EE20338A0E101005EE11A
S31533D16CE023C8A0E1F3FFFFEA0C00A0E104F09DE451
S31533D16CF0403ED23300C0A0E310402DE90CE0A0E1F1
S31533D16D0030409FE50010A0E38E20A0E1011081E24F
S31533D16D1024309FE5040051E1B30082E1022082E2BF
S31533D16D20F9FFFF9A01C08CE2110E5CE31EEE8EE2BF
S31533D16D30F2FFFF3A1080BDE8DF0100000C9DD3335B
S31533D16D40F0402DE9034081E0040051E10060A0E138
S31533D16D500250A0E114709DE5F080BD28013261E087
S31533D16D608322A0E1060085E0000056E106C0A0E10A
S31533D16D700700002A023086E083E0A0E101C08CE22D
S31533D16D8020309FE500005CE1B3708EE102E08EE204
S31533D16D90F9FFFF3A011081E2040051E11E2E82E25E
S31533D16DA0EFFFFF3AF080BDE80C9DD333F0462DE9A2
S31533D16DB0016083E0060051E100A0A0E10270A0E1B9
S31533D16DC01C909DE50040A0E3F086BDA8013261E079
S31533D16DD08302A0E10A5087E005005AE10AC0A0E157
S31533D16DE00E0000AA00308AE083E0A0E1043089E0C6
S31533D16DF00120D3E50430D9E71E0E5CE3110E51D30E
S31533D16E00032482E128309FD501C08CE2B3208ED1C1
S31533D16E1005005CE1024084E202E08EE2F2FFFFBA82
S31533D16E20011081E2060051E11E0E80E2E8FFFFBA7E
S31533D16E30F086BDE80C9DD333013261E0833280E0F5
S31533D16E401E0E50E3110E513383C0A0E104309F356A
S31533D16E50B3208C310EF0A0E10C9DD333010070E316
S31533D16E60F0442DE90070A0E10160A0E1F084BD08C2
S31533D16E700100A0E1863000EB000056E30150A0E1DA
S31533D16E800040A0E10060A0E3040000AADC208FE239
S31533D16E900C0092E8BB2F00EB0150A0E10040A0E1FA
S31533D16EA00700A0E17A3000EB000057E3BC208FB264
S31533D16EB00C0092B8B32F00BB0130A0E10020A0E182
S31533D16EC00510A0E10400A0E1543100EBA4208FE2F8
S31533D16ED00C0092E88C3000EBEB3100EB3C0050E305
S31533D16EE00040A0E194A09FD5130000DA780050E397
S31533D16EF01FA0A0D3100000DAB40050E306A0A0D16E
S31533D16F000D0000DAF00050E374A09FD50A0000DA01
S31533D16F104B0F50E36CA09FD5070000DA5A0F50E3DD
S31533D16F203EABA0D3040000DA690F50E358A09FD506
S31533D16F30010000DA1E0E50E37EAEA0D34C509FE54E
S31533D16F40003095E5030054E1F084BD98421F86E2C3
S31533D16F500400A0E1016086E20A20A0E1B5FFFFEB90
S31533D16F60070056E3F8FFFF9A004085E5F084BDE884
S31533D16F700000F0410000000000007E400000000018
S31533D16F80FF0700001FF80000FFFF0000E0FF0000FD
S31533D16F90089DD3335624A0E3683092E5683082E531
S31533D16FA0603092E5603082E5643092E5103083E328
S31533D16FB0643082E54DC4A0E310209CE50830E0E38C
S31533D16FC0813183E1032002E010208CE52030E0E3E8
S31533D16FD010209CE5803283E1032002E010208CE53A
S31533D16FE00EF0A0E1010050E34D24A0E30030921519
S31533D16FF0003092057F33C31301308303FF37C31375
S31533D17000003082E50EF0A0E128129FE5A130A0E150
S31533D17010FF2B81E2FF34C3E3211BA0E1A220A0E100
S31533D170200E36C3E3F04E2DE9813A83E14D44A0E3E5
S31533D17030FF24C2E3143084E50E26C2E31E3EA0E319
S31533D17040182084E5F0019FE51C3084E5CEEDFFEBC6
S31533D17050000050E35664A0E30230A0030300000AD4
S31533D170600010A0E30A20A0E3F00A00EB0030A0E140
S31533D17070C8219FE5C8019FE50030C2E5C2EDFFEBDC
S31533D17080000050E30430A0030300000A0010A0E34C
S31533D170900A20A0E3E50A00EB0030A0E1A4219FE565
S31533D170A0A4019FE50030C2E5B7EDFFEB000050E315
S31533D170B098B19FE50830A0030300000A0010A0E37E
S31533D170C00A20A0E3D90A00EB0030A0E10030CBE5AA
S31533D170D07C019FE5ACEDFFEB000050E374919FE566
S31533D170E00A30A0030300000A0010A0E30A20A0E36C
S31533D170F0CE0A00EB0030A0E15C019FE50030C9E553
S31533D17100A1EDFFEB000050E350A19FE51330A0036F
S31533D171100300000A0010A0E30A20A0E3C30A00EB60
S31533D171200030A0E138019FE50030CAE596EDFFEB9B
S31533D17130000050E32C719FE51E30A0030300000AF3
S31533D171400010A0E30A20A0E3B80A00EB0030A0E197
S31533D1715014019FE50030C7E58BEDFFEB000050E31B
S31533D1716008519FE50430A0030300000A0010A0E3C1
S31533D171700A20A0E3AD0A00EB0030A0E10000A0E382
S31533D171800030C5E5DAFEFFEBE4209FE50030E0E3DE
S31533D17190283086E5202086E5383086E5302086E5E9
S31533D171A00030D5E50334A0E1783083E3003084E58C
S31533D171B090209FE584309FE50010D3E50030D2E5AA
S31533D171C00020DBE50333A0E1013C83E1023083E1E7
S31533D171D0433883E3033983E3043084E50020D9E5A7
S31533D171E00030DAE5823983E1773B83E3033C83E3CA
S31533D171F0083084E50030D7E50D3C83E30C3084E5A4
S31533D1720070309FE5103084E55C3094E5033083E309
S31533D172105C3084E5603094E50020A0E30730C3E3E6
S31533D172200200A0E10110A0E3603084E5502084E56B
S31533D17230F04EBDE856FFFFEA0C9DD333A4BAD23311
S31533D17240CEDBD233ACBAD233CDDBD233B4BAD233FB
S31533D17250CCDBD233BCBAD233CBDBD233C4BAD233CF
S31533D17260CADBD233CCBAD233C9DBD233D4BAD233A3
S31533D17270C8DBD233AAAAAAAA090B000004E02DE5AA
S31533D1728060C09FE504D04DE29B00A0E32210A0E37A
S31533D17290AA20A0E33030A0E300C08DE5C2FEFFEBD8
S31533D172A044C09FE59B00A0E35410A0E3AA20A0E3FA
S31533D172B01630A0E300C08DE5BBFEFFEB2CC09FE5B6
S31533D172C09600A0E39A10A0E3B420A0E31430A0E350
S31533D172D000C08DE5B4FEFFEB0100A0E304D08DE20F
S31533D172E004E09DE43EFFFFEAEFF7D233AF37D33332
S31533D172F0CFDBD23304E02DE504D04DE25CA4FFEBF2
S31533D17300760050E30116A0E3FF2BA0E344009FE5BB
S31533D173100100001A70A4FFEB030000EA0116A0E3C3
S31533D173200127A0E32C009FE5C1A4FFEB28C09FE53D
S31533D173300000A0E3421FA0E31E2EA0E30830A0E352
S31533D1734000C08DE57DFEFFEB0100A0E304D08DE2D5
S31533D1735004E09DE422FFFFEA0C9DD333FFFF000007
S31533D173604E34A0E32030D3E5010013E31C209FE54F
S31533D173700EF0A0110930A0E3013053E2FDFFFF5ADD
S31533D173800030D2E5010013E3F9FFFF0A0EF0A0E195
S31533D173902000004E4E24A0E3043092E50230C3E3FD
S31533D173A0043082E50930A0E3013053E2FDFFFF5AC1
S31533D173B00EF0A0E14E24A0E3043092E5023083E30C
S31533D173C0043082E50EF0A0E14E34A0E30800C3E5E4
S31533D173D00EF0A0E14E34A0E31000D3E50EF0A0E1D8
S31533D173E0813BA0E1A33BA0E1000053E3F04E2DE96D
S31533D173F000B0A0E10260A0E158719FE500A0A0E3FF
S31533D174000300001A823BA0E1A33BA0E10A0053E17A
S31533D174100100000A0000E0E3F08EBDE80150A0E19F
S31533D17420029081E0DAFFFFEB090055E14600002AED
S31533D174305000A0E3E3FFFFEB0530A0E30030C7E50F
S31533D174400940A0E3014054E2FDFFFF5AC534A0E120
S31533D174500030C7E50940A0E3014054E2FDFFFF5AAE
S31533D17460C538A0E10030C7E50940A0E3014054E275
S31533D17470FDFFFF5AC53CA0E10030C7E50940A0E383
S31533D17480014054E2FDFFFF5AB4FFFFEBD0FFFFEBD0
S31533D174900040A0E1FF4004E20000A0E3C9FFFFEBC7
S31533D174A0C3FFFFEBFF0054E301598512A8009F15A3
S31533D174B00510A01192F2FF1BB5FFFFEB0000A0E33D
S31533D174C0C0FFFFEB4E34A0E388209FE50C50C3E5D4
S31533D174D00930A0E3013053E2FDFFFF5AA534A0E1D1
S31533D174E00030C2E50930A0E3013053E2FDFFFF5A44
S31533D174F0A538A0E10030C2E50930A0E3013053E22B
S31533D17500FDFFFF5AA53CA0E10030C2E50930A0E327
S31533D17510013053E2FDFFFF5A90FFFFEB0040A0E36A
S31533D17520ABFFFFEB014084E2020C54E30100CBE421
S31533D17530015085E2F9FFFFBA02AC8AE20600A0E137
S31533D175400A10A0E144FEFFEBB6FFFFEA98FFFFEB4B
S31533D175500000A0E3F08EBDE80C00004EE0BAD23382
S31533D17560F04E2DE9813AA0E1A33AA0E104D04DE220
S31533D17570000053E300008DE50270A0E10090A0E353
S31533D17580ACA19FE50300001A823AA0E1A33AA0E168
S31533D17590090053E10100000A0000E0E3620000EA8A
S31533D175A00150A0E102B081E079FFFFEB0B0055E149
S31533D175B05B00002AC53FA0E1A33A85E00000A0E3F2
S31533D175C0C365A0E17FFFFFEB0530A0E30030CAE509
S31533D175D00940A0E3014054E2FDFFFF5A0830A0E34E
S31533D175E00030CAE50940A0E3014054E2FDFFFF5A1A
S31533D175F00060CAE50940A0E3014054E2FDFFFF5ADA
S31533D176004634A0E10030CAE50940A0E3014054E253
S31533D17610FDFFFF5A4638A0E1033003E20030CAE515
S31533D176200940A0E3014054E2FDFFFF5A3000A0E305
S31533D1763064FFFFEB49FFFFEB65FFFFEB0040A0E1B2
S31533D17640FF4004E25AFFFFEBFF0054E302588512A1
S31533D17650E0009F150510A01129F2FF1B4CFFFFEB5C
S31533D176600000A0E357FFFFEB851AA0E1A11AA0E1F1
S31533D176700020C1E34E34A0E3B4009FE50C20C3E52B
S31533D17680A525A0E10930A0E3013053E2FDFFFF5A2E
S31533D176902134A0E10030C0E50930A0E3013053E213
S31533D176A0FDFFFF5A0020C0E50930A0E3013053E294
S31533D176B0FDFFFF5A4234A0E10030C0E50930A0E3E3
S31533D176C0013053E2FDFFFF5A4238A0E1033003E2E2
S31533D176D00030C0E50930A0E3013053E2FDFFFF5A54
S31533D176E03000A0E337FFFFEB1CFFFFEB0040A0E3F5
S31533D176F037FFFFEB00309DE5014084E20100C3E45F
S31533D17700020B54E300308DE5015085E2F7FFFFBA22
S31533D17710029B89E20700A0E10910A0E1CEFDFFEB80
S31533D17720A1FFFFEA22FFFFEB0000A0E304D08DE2F5
S31533D17730F08EBDE80C00004EE0BAD23304E02DE52D
S31533D17740F80300EB540600EB04E09DE4C60500EAEA
S31533D177500F002DE910D08DE20EF0A0E170402DE966
S31533D17760B8509FE5002095E53830D2E51810D2E5EB
S31533D17770010011E3FF6003E20130A0130840D2E5E3
S31533D177801830C215020011E3002095150230A0132B
S31533D177901830C215040011E30400000AE80500EBE2
S31533D177A0002095E50430A0E31830C2E5AE0500EBF1
S31533D177B0010014E3002095150130A0130830C2150A
S31533D177C02601001B020014E3002095150230A013C5
S31533D177D00830C215BF05001B040014E300209515EC
S31533D177E00430A0130830C215080014E300209515D0
S31533D177F00830A0130830C2152A00001B100014E339
S31533D17800002095151030A0130830C2150204A0E319
S31533D178108BA5FFEB003095E53860C3E57080BDE8C5
S31533D17820F0A9D73324109FE524209FE5003091E585
S31533D178300200C3E7013083E2003081E5003091E5C0
S31533D17840010A53E3013A4302003081050EF0A0E138
S31533D178500C99D7331499D73300C0A0E301005CE137
S31533D1786004E02DE501E0A0E104F09DA42C309FE5A1
S31533D17870003093E58C30D3E524109FE50C30C0E747
S31533D178800C20D0E7B030D1E101C08CE2023083E0B5
S31533D178900E005CE1B030C1E1F3FFFFBA04F09DE4F1
S31533D178A0F0A9D73310AAD733F0442DE970619FE5C8
S31533D178B0003096E50320A0E33820C3E5003096E5C2
S31533D178C05040D3E55C019FE50410A0E19FFFFFEB68
S31533D178D0010014E350A19FE54900000A003096E533
S31533D178E05820D3E500309AE5000053E33C019FE5B8
S31533D178F00810A0E3FF7002E234519FE53500001A38
S31533D17900000095E51D0600EB28319FE5003093E560
S31533D17910000053E320319F0520C19FE50030930505
S31533D179200540A0E100308C050E00000A002095E514
S31533D179300030D2E50110D2E50200D2E5013483E03D
S31533D179400320D2E5003883E0023C83E000308CE576
S31533D17950EC309FE500209CE5002083E5E4309FE5BC
S31533D1796000209CE5002083E5002094E50500D2E58F
S31533D179700430D2E506C0D2E5003483E00720D2E520
S31533D179800C3883E0023C83E000308AE5B8309FE59A
S31533D179900020A0E3B020C3E1A0309FE5003093E5CA
S31533D179A0081047E20300A0E1003084E5A9FFFFEBDD
S31533D179B0003094E5073083E0083043E2003084E584
S31533D179C088309FE5002093E5083092E5023483E38E
S31533D179D0083082E5F084BDE849F1FFEB0710A0E129
S31533D179E0000095E59BFFFFEB003095E5001096E55A
S31533D179F0073083E04E2004E2003085E55020C1E5DF
S31533D17A00F084BDE8400014E344009FE5F084BD081B
S31533D17A104EFFFFEB002096E50F3004E25030C2E53E
S31533D17A20F084BDE8F0A9D73308BBD2330CAAD73308
S31533D17A3010BBD23308AAD733E4A9D7331CAAD73349
S31533D17A4000AAD73320AAD73324AAD73310AAD73308
S31533D17A505861D33318BBD233F04E2DE968919FE5B4
S31533D17A60002099E50330A0E33810D2E53830C2E5AA
S31533D17A70003099E554519FE55030D3E504D04DE2EA
S31533D17A80FF1001E20207A0E300108DE5FFB003E258
S31533D17A90EBA4FFEB003095E534219FE5000053E3AA
S31533D17AA0003095150030920500209215203083028F
S31533D17AB002308310003085E518A19FE510619FE52B
S31533D17AC014419FE500009AE5003096E50C719FE5A8
S31533D17AD0002094E5030080E0001097E5000062E0D2
S31533D17AE0A61800EB003094E5030080E000008AE568
S31533D17AF0EC109FE5002095E5003091E5030052E186
S31533D17B00C8009FE51000003A003091E5003085E595
S31533D17B10F00500EB01001BE3002099154E300B1213
S31533D17B205030C215BC109FE5002091E5083092E55F
S31533D17B30023783E3083082E5002091E5083092E5B8
S31533D17B400234C3E3083082E5190000EA003090E508
S31533D17B50002091E5023783E2020053E100309125CB
S31533D17B60002090250237A03303306220003086E5DA
S31533D17B7074309FE5000093E500309AE5002097E510
S31533D17B80000063E0020080E0001097E5010040E297
S31533D17B907A1800EB003096E5030050E14C309F352F
S31533D17BA00120A0330020833500009A250010962575
S31533D17BB08A05002B10309FE500209DE5003093E5F3
S31533D17BC03820C3E504D08DE2F08EBDE8F0A9D733A2
S31533D17BD014AAD73328AAD73324AAD73330AAD7333B
S31533D17BE034AAD7330CAAD7335861D33320AAD73350
S31533D17BF02CAAD7331C109FE5002091E50330A0E39F
S31533D17C003830C2E5002091E55030D2E54E3003E22B
S31533D17C105030C2E50EF0A0E1F0A9D73330402DE98B
S31533D17C200050A0E128009FE5C8FEFFEB0040A0E35A
S31533D17C300410D5E71C009FE5014084E2C3FEFFEB78
S31533D17C40070054E3F9FFFFDA0C009FE53040BDE876
S31533D17C50BEFEFFEA20BBD23328BBD2337CBBD23371
S31533D17C60F0442DE9C8799FE5003097E50020A0E3AC
S31533D17C703820C3E5003097E54440D3E5FF6004E2CD
S31533D17C80B0099FE50610A0E1B0FEFFEB10A014E2D8
S31533D17C901600000AA0099FE5ACFEFFEB3F3004E2A4
S31533D17CA0833CE0E1002097E5A33CE0E1010014E316
S31533D17CB04430C2E50900000A000097E55830D0E5D3
S31533D17CC0000053E38030D015FBFFFF1A60299FE5BF
S31533D17CD03F3006E2002092E5403083E34430C2E5BB
S31533D17CE058399FE50020A0E3002083E5F084BDE831
S31533D17CF0040014E3015004E20C00000A40099FE565
S31533D17D0092FEFFEB002097E53B3004E24430C2E5E7
S31533D17D10000055E33F3004120020971540308313CA
S31533D17D204430C21514399FE500A083E5F084BDE80C
S31533D17D30000055E31901000A08499FE50810A0E36D
S31533D17D400400A0E1DD0400EB0400A0E1B2FFFFEBB8
S31533D17D500130D4E5E4589FE50C0053E303F19F9703
S31533D17D60050100EAF87FD133607FD1337C81D133BA
S31533D17D70C480D1337C81D133F47ED133987DD13321
S31533D17D808881D133C87FD133287FD133E07FD13383
S31533D17D905C81D1339881D1330330D4E5013043E299
S31533D17DA098589FE5040053E303F19F974D0000EABA
S31533D17DB0C47DD133E47DD1331C7ED1338C7ED13363
S31533D17DC0AC7ED13380089FE560FEFFEB003097E57B
S31533D17DD03F2006E2402082E34420C3E50A30A0E3C4
S31533D17DE0ED0000EA64089FE558FEFFEB002097E5E6
S31533D17DF03F3006E2403083E34430C2E50720D4E551
S31533D17E000630D4E5023483E0090053E32C589FE599
S31533D17E101430A0C32830A0D3DF0000EA30089FE561
S31533D17E204AFEFFEB002097E53F3006E2403083E34D
S31533D17E304430C2E50200D4E5010050E30700000A1D
S31533D17E40030000CA000050E31E20A0030600000A37
S31533D17E50080000EA020050E30200000A050000EAF6
S31533D17E601F20A0E3000000EA2020A0E3CC379FE512
S31533D17E70002083E5010000EAD8079FE533FEFFEB07
S31533D17E80D4379FE50020A0E3B10000EACC079FE5C4
S31533D17E902EFEFFEB003097E53F2006E2402082E30A
S31533D17EA04420C3E52A30A0E3BB0000EAB0079FE5FF
S31533D17EB026FEFFEB003097E53F2006E2402082E3F2
S31533D17EC04420C3E50230D4E50F3013E22C20A0038E
S31533D17ED09E00000A010053E32D20A0039B00000A24
S31533D17EE080079FE5000000EA7C079FE517FEFFEB8D
S31533D17EF0AA0000EA74079FE50210D4E513FEFFEB1F
S31533D17F000230D4E5002097E5833CE0E1A33CE0E1C0
S31533D17F100030C2E53F3006E2002097E5483083E3AF
S31533D17F204430C2E59B0000EA44079FE507FEFFEBE9
S31533D17F300210D4E53C279FE5000097E53F3006E2B2
S31533D17F40483083E30010C2E54430C0E50030A0E3C6
S31533D17F50003085E520379FE50120A0E37C0000EA98
S31533D17F600000D4E5000050E3D8369FE50200000A7D
S31533D17F70020050E30500000A6F0000EA0230D3E570
S31533D17F80010053E3F4369F050000C3056A0000EAC6
S31533D17F900220D3E5000052E36700001A0410D3E57B
S31533D17FA07F0011E3D8369F058F1001E20220C30536
S31533D17FB0810051E3C8369F050320C305030051E33E
S31533D17FC05D00001A5A0000EA003097E53F2006E2F9
S31533D17FD0402082E34420C3E52130A0E36E0000EA9A
S31533D17FE0003097E53F2006E2402082E34420C3E5C3
S31533D17FF02E30A0E3680000EA0000D4E5810050E3D7
S31533D180001300000A020000CA800050E30300000ABD
S31533D18010620000EA820050E31600000A5F0000EAEC
S31533D18020002097E53F3006E2403083E34430C2E562
S31533D1803048369FE50020D3E548369FE50030D3E572
S31533D18040823083E138269FE50030C2E52320A0E391
S31533D180503E0000EA002097E53F3006E2403083E325
S31533D180604430C2E518369FE50020A0E30120C3E5AD
S31533D18070242082E2350000EA003097E53F2006E23C
S31533D18080402082E34420C3E5B8359FE50410D3E5D8
S31533D180907F0011E3A4359F052520A0038F1001E27C
S31533D180A000208305810051E390359F052620A00317
S31533D180B000208305030051E32720A0032300000AC0
S31533D180C0360000EA0000D4E5000050E374259FE57D
S31533D180D00200000A020050E30500000A160000EA46
S31533D180E00220D2E5010052E390359F050020C30526
S31533D180F0110000EA0230D2E5000053E30E00001A34
S31533D181000410D2E57F0011E374359F050120A00316
S31533D181108F1001E20220C305810051E360359F05FB
S31533D181200120A0030320C305030051E30200001A43
S31533D181300120A0E348359FE50420C3E5002097E528
S31533D181403F3006E2483083E34430C2E50020A0E332
S31533D18150E8349FE5002083E5100000EA0210D4E528
S31533D18160000097E53F3006E21C259FE5483083E38F
S31533D181700010C2E54430C0E5060000EA0110D4E56B
S31533D1818008059FE571FDFFEB003097E53F2006E209
S31533D18190482082E34420C3E50030A0E3003085E5AF
S31533D181A098749FE5003097E52E0053E303F19F97FB
S31533D181B01B0100EA3086D1332486D1332486D13399
S31533D181C02486D1332486D1332486D1332486D133ED
S31533D181D02486D1332486D1332486D1337082D13395
S31533D181E0A082D133D482D1332486D1332486D133A9
S31533D181F02486D1332486D1332486D1332486D133BD
S31533D182002486D133E882D1331883D1335483D133CE
S31533D182109083D133CC83D1332486D1332486D1338E
S31533D182202486D1332486D1332486D1338484D1332E
S31533D18230BC84D1333C85D133D485D1332486D13320
S31533D18240DC85D133E485D133EC85D133F485D13360
S31533D18250FC85D133D883D1330884D1331884D13300
S31533D182604884D1335884D1336884D1337C84D13360
S31533D182701C049FE535FDFFEB18049FE50810A0E3F9
S31533D182809A0300EBA8239FE53F3006E2002092E51F
S31533D18290023083E34430C2E50B30A0E30A0000EA6F
S31533D182A0F4039FE529FDFFEBF0039FE50810A0E327
S31533D182B08E0300EB78239FE53F3006E2002092E52B
S31533D182C0023083E34430C2E50C30A0E3003087E596
S31533D182D0F084BDE8C8039FE51CFDFFEBC4039FE5DE
S31533D182E00210A0E3C60000EABC039FE517FDFFEBFE
S31533D182F0B8039FE50810A0E37C0300EB30239FE559
S31533D183003F3006E2002092E5023083E34430C2E5C2
S31533D183101530A0E3ECFFFFEA94039FE50BFDFFEBAA
S31533D1832090039FE50110A0E3700300EB88039FE52B
S31533D183300710A0E36D0300EBF4229FE53F3006E24D
S31533D18340002092E5023083E34430C2E51630A0E310
S31533D18350DDFFFFEA64039FE5FCFCFFEB60039FE59A
S31533D183600210A0E3610300EB58039FE50610A0E3A7
S31533D183705E0300EBB8229FE53F3006E2002092E55B
S31533D18380023083E34430C2E51730A0E3CEFFFFEAB0
S31533D1839034039FE5EDFCFFEB30039FE50110A0E3FA
S31533D183A0520300EB28039FE50710A0E34F0300EBFD
S31533D183B07C229FE53F3006E2002092E5023083E30B
S31533D183C04430C2E51830A0E3BFFFFFEA04039FE58B
S31533D183D0DEFCFFEB8B0000EAFC029FE5DBFCFFEB17
S31533D183E0C8029FE50810A0E3400300EB40229FE586
S31533D183F03F3006E2002092E5023083E34430C2E5D2
S31533D184002930A0E3B0FFFFEAD0029FE5CFFCFFEBE3
S31533D18410A0029FE5790000EAC4029FE5CBFCFFEBCE
S31533D1842094029FE50810A0E3300300EB00229FE5C9
S31533D184303F3006E2002092E5023083E34430C2E591
S31533D184402B30A0E3A0FFFFEA98029FE5BFFCFFEBF9
S31533D1845094029FE5690000EA90029FE5BBFCFFEBEE
S31533D1846060029FE5020000EA84029FE5B7FCFFEB89
S31533D184705C029FE50710A0E3610000EA08029FE59D
S31533D184805E0000EA6C029FE5B0FCFFEB0410A0E37B
S31533D1849064029FE5150300EB94319FE53F2006E255
S31533D184A0003093E50A2082E34420C3E5A8319FE522
S31533D184B00010A0E3001083E51D0000EA98519FE533
S31533D184C038029FE5001095E5A0FCFFEB003095E52A
S31533D184D08321A0E1083082E2150053E33F4006E21F
S31533D184E04CA19FE518329FE50900008A030082E04B
S31533D184F00810A0E3FD0200EB00209AE5023084E3B5
S31533D185004430C2E5003095E51F20A0E3013083E244
S31533D185101E0000EA030082E0161062E2F30200EB9A
S31533D1852000309AE50A2084E30010A0E34420C3E562
S31533D18530001085E5001087E5F084BDE818519FE535
S31533D18540C0019FE5001095E580FCFFEB003095E542
S31533D185508301A0E1083080E22B0053E33F4006E2AA
S31533D18560CCA09FE5A0619FE50B00008A060080E091
S31533D185700810A0E3DD0200EB00209AE5023084E354
S31533D185804430C2E5003095E52020A0E3013083E2C3
S31533D18590002087E5003085E5F084BDE86C019FE5A1
S31533D185A06AFCFFEB001095E58111A0E1060081E06D
S31533D185B02C1061E2CD0200EB00109AE50020A0E346
S31533D185C00A3084E34430C1E5002085E5002087E5D0
S31533D185D0F084BDE89C009FE5080000EAA0009FE542
S31533D185E0060000EA28019FE5040000EA24019FE54D
S31533D185F0020000EA20019FE5000000EA1C019FE555
S31533D186000110A0E3B90200EB24209FE53F3006E207
S31533D18610002092E50A3083E34430C2E50030A0E34B
S31533D1862029FFFFEAF8009FE5F044BDE847FCFFEAAE
S31533D18630F084BDE8F0A9D7332CBBD23334BBD23394
S31533D1864078A9D73318BBD23388A9D73340BBD233E2
S31533D1865048BBD23350BBD23358BBD233DCA9D73351
S31533D1866064BBD2336CBBD23374BBD23380BBD2333C
S31533D186708CBBD23394BBD233CCA9D73318AAD73305
S31533D1868080A9D733D4A9D733E754D333D0A9D73362
S31533D186909CBBD233ACBBD23390A9D733B4BBD23351
S31533D186A098A9D733BCBBD233A0A9D733C4BBD23322
S31533D186B0A4A9D733CCBBD233ACA9D733B0A9D7330B
S31533D186C0D4BBD233B7A9D733BCA9D733DCBBD23397
S31533D186D0C2A9D733C4A9D733E4BBD233ECBBD23354
S31533D186E0F4BBD233FCBBD23304BCD233B8A9D733E0
S31533D186F00CBCD23314BCD2331CBCD2338240D2332A
S31533D1870028BCD2336C40D23334BCD2334040D2334B
S31533D1871040BCD233D5A9D733D6A9D733D7A9D733B3
S31533D18720D8A9D73344BCD23330019FE530219FE525
S31533D187301930A0E3F04E2DE90830C0E5093043E2D4
S31533D187400230C2E5083043E20730C2E53D3083E239
S31533D187500830C2E50E3083E20930C2E51F3043E239
S31533D1876000E19FE50A30C2E5743043E2F8409FE534
S31533D187700730C0E5443083E20010A0E3EC509FE5E7
S31533D1878001C0A0E30260A0E32070A0E312A0A0E36E
S31533D187900090E0E309B0A0E30130CEE5833043E284
S31533D187A00BA0C2E511C0C2E505C0C0E500B0CEE528
S31533D187B00590CEE500A0C2E501C0C2E503C0C2E54E
S31533D187C00490C2E50510C2E50610C2E50C10C2E528
S31533D187D00DC0C2E50EC0C2E50F60C2E51010C2E5C9
S31533D187E000B0C0E50160C0E50270C0E50310C0E555
S31533D187F004C0C0E50610C0E50210CEE50310CEE5C0
S31533D188000460CEE50230C4E50730A0E30030C5E5D8
S31533D188100530A0E30130C5E50330A0E30230C5E529
S31533D188200730A0E30030C4E50530A0E30610CEE52A
S31533D188300610C5E50810CEE50610C4E50360C5E5D7
S31533D188400470C5E50710CEE50130C4E50360C4E550
S31533D188500470C4E50510C4E50510C5E5F08EBDE851
S31533D18860A4A9D73390A9D733B0A9D733BCA9D73392
S31533D18870C4A9D733010070E370402DE90040A0E19C
S31533D188800160A0E10050A0130300001A85EDFFEB80
S31533D18890000050E3FCFFFF0A060000EA040055E16D
S31533D188A00900002A7FEDFFEB000050E3015085E24A
S31533D188B028009FE50200000A74EDFFEBFF0000E2CA
S31533D188C07080BDE818A1FFEBF3FFFFEA000056E352
S31533D188D00030E0130000A0E3003086157080BDE888
S31533D188E0102700004C109FE5002091E5603092E5CA
S31533D188F00334C3E3603082E5002091E5603092E5FD
S31533D18900013483E3603082E5002091E5643092E52A
S31533D18910013AC3E3643082E51C209FE5003091E50B
S31533D18920882083E5003091E58C2083E5003091E5CD
S31533D18930902083E50EF0A0E1FCA9D733222222225F
S31533D1894010309FE5002093E5703092E50337C3E3CA
S31533D18950703082E50EF0A0E1FCA9D73310309FE514
S31533D18960002093E5703092E50336C3E3703082E568
S31533D189700EF0A0E1FCA9D733F0442DE948219FE588
S31533D1898048319FE5002083E544319FE54B24A0E36D
S31533D189901CD04DE2002083E54530A0E31030CDE540
S31533D189A0283083E21130CDE50B3043E21230CDE5B9
S31533D189B0033083E21330CDE5013043E21430CDE5D4
S31533D189C0073083E21630CDE50E3083E21730CDE56D
S31533D189D02E3043E20130CDE50E3083E20230CDE5A0
S31533D189E02A3043E20730CDE5253083E2E4709FE583
S31533D189F0E4A09FE50830CDE5033043E2DC409FE583
S31533D18A000930CDE51333A0E33410A0E353C0A0E34B
S31533D18A1032E0A0E30700A0E10050A0E33060A0E349
S31533D18A2000308AE50A3483E200C0CDE50AE0CDE5EC
S31533D18A300C10CDE515C0CDE503E0CDE50410CDE57C
S31533D18A400510CDE50B10CDE5003084E50D60CDE5D0
S31533D18A501850CDE50660CDE50E50CDE5B2A0FFEB8E
S31533D18A609FFFFFEB69A1FFEB002094E5803092E5C0
S31533D18A700830C3E3803082E5002094E5803092E537
S31533D18A80023AC3E3803082E554309FE5005083E523
S31533D18A9029FBFFEB0700A0E1A3A0FFEB002094E570
S31533D18AA0643092E5013A83E3643082E5A3FFFFEB89
S31533D18AB0A9FFFFEB00309AE5043093E524309FE5E7
S31533D18AC0005083E51CD08DE2F084BDE840010052DD
S31533D18AD0F0A9D733F4A9D733A0860100F8A9D73370
S31533D18AE0FCA9D73318AAD733E4A9D733F04E2DE916
S31533D18AF064C29FE564329FE500009CE5000083E5BF
S31533D18B005CA29FE500309CE500308AE554329FE57F
S31533D18B100040A0E3004083E54C629FE500009CE52D
S31533D18B2048329FE510D04DE2000083E540529FE5B0
S31533D18B3000D086E53C929FE5000096E5004085E579
S31533D18B40003099E5040053E12C329FE50170A0E161
S31533D18B50000083E502B0A0E1014084E21C029F0507
S31533D18B60E7ECFF0B003095E5000053E30D00001A17
S31533D18B70010054E30400001A003099E5000053E3B1
S31533D18B80FC019FE501404412DDECFF1B0100A0E35C
S31533D18B900010A0E336FFFFEB7F0000E2030050E382
S31533D18BA02D00000AEEFFFFEAC4419FE5003094E57C
S31533D18BB00A3043E2070053E10500009A001094E5E9
S31533D18BC00720A0E10A1041E2B8019FE5CCECFFEBD7
S31533D18BD0230000EAA1A0FFEBB5A0FFEBA8319FE5B7
S31533D18BE0002093E5083092E50237C3E3083082E5B6
S31533D18BF0FFFBFFEB003094E5200053E31A00009AD4
S31533D18C00003094E5203043E2020753E300309695A2
S31533D18C10183083920030968500308A951830838206
S31533D18C200030949500308A8560219FE560319F85E8
S31533D18C3020304392003082E558319FE50020A0E3BE
S31533D18C40002083E518319FE5000093E53C319FE55C
S31533D18C50001093E5610100EB0B0000EA38019FE583
S31533D18C60A7ECFFEB0000A0E3390000EA003096E52C
S31533D18C70002094E5023083E0083043E200308AE5C0
S31533D18C8010319FE5002094E5002083E5D8309FE568
S31533D18C9008019FE5001093E5002094E598ECFFEBAE
S31533D18CA000005BE32700000AE8509FE50010A0E3FC
S31533D18CB0EC009FE592ECFFEB001095E5002095E5AE
S31533D18CC0003094E501C881E2030052E10C00000A79
S31533D18CD0003095E50C0053E10C10A0E1C4009FE5BB
S31533D18CE00200009A86ECFFEB003095E501C883E2AA
S31533D18CF0A0509FE5002095E5003094E5030052E17D
S31533D18D00F1FFFFEA8C309FE59C009FE5001093E598
S31533D18D107BECFFEB7DA0FFEB54309FE5000050E3B6
S31533D18D20003093E50040A0110140A0030410A0E127
S31533D18D300300A0E14DA1FFEB0420A0E12015A0E172
S31533D18D4068009FE56EECFFEB24309FE5003093E569
S31533D18D500A0043E210D08DE2F08EBDE830AAD73384
S31533D18D6020AAD73324AAD7332CAAD73300AAD733B9
S31533D18D701CAAD7330CAAD73318AAD73308AAD733D1
S31533D18D804CBCD2336CBCD23398BCD2335861D33387
S31533D18D9028AAD733E8FF070014AAD733C0BCD233B6
S31533D18DA0D4BCD23300BDD23318BDD23324BDD233A2
S31533D18DB034BDD23304E02DE504009FE550ECFFEB0F
S31533D18DC0FEFFFFEA44BDD23304E02DE504009FE52F
S31533D18DD04BECFFEBFEFFFFEA68BDD23304E02DE562
S31533D18DE004009FE546ECFFEBFEFFFFEA7CBDD233B1
S31533D18DF004E02DE504009FE541ECFFEBFEFFFFEAEE
S31533D18E0094BDD23328109FE5002091E5803092E589
S31533D18E107030C3E3003283E1803082E5002091E5BF
S31533D18E20703092E50337C3E3023783E3703082E59B
S31533D18E300EF0A0E1FCA9D73328109FE5002091E5A8
S31533D18E40803092E5073CC3E3003483E1803082E559
S31533D18E50002091E5703092E50336C3E3023683E3DE
S31533D18E60703082E50EF0A0E1FCA9D73330402DE93D
S31533D18E7054409FE5002094E50130A0E33830C2E574
S31533D18E80003094E54430D3E50020A0E3FF5003E22C
S31533D18E9038309FE5003093E534009FE5023083E0E7
S31533D18EA00230C0E7012082E21F0052E3F7FFFFDA37
S31533D18EB02010A0E3990000EB002094E54930C5E3B7
S31533D18EC0013083E34430C2E53080BDE8F0A9D733EE
S31533D18ED03CAAD73340AAD73330402DE954509FE5F6
S31533D18EE0003095E50120A0E33820C3E5003095E580
S31533D18EF04440D3E5200014E31F30A0030500000A14
S31533D18F0034009FE511FAFFEB002095E5963004E264
S31533D18F104430C2E53080BDE8013053E2FDFFFF5A1C
S31533D18F2018209FE5003092E5013083E2003082E5A7
S31533D18F303040BDE8CCFFFFEAF0A9D73318BBD233E3
S31533D18F403CAAD733F0402DE944319FE5002093E550
S31533D18F500070A0E30470C2E5002093E53870C2E512
S31533D18F60002093E50100A0E34000C2E5001093E56C
S31533D18F703F20E0E34420C1E5002093E53800C2E544
S31533D18F80002093E50450A0E34050C2E5002093E599
S31533D18F9048E0A0E344E0C2E5002093E53040A0E3C6
S31533D18FA04840C2E5002093E57FC0E0E350C0C2E537
S31533D18FB0002093E51F0080E25400C2E5001093E50B
S31533D18FC00220A0E33820C1E5002093E50860A0E371
S31533D18FD04060C2E5002093E544E0C2E5002093E545
S31533D18FE04840C2E5002093E550C0C2E5002093E561
S31533D18FF05400C2E5001093E50320A0E33820C1E540
S31533D19000002093E54050C2E5002093E544E0C2E524
S31533D19010002093E51010A0E34810C2E5002093E574
S31533D1902050C0C2E5002093E55400C2E5002093E554
S31533D190303850C2E5002093E54060C2E5002093E580
S31533D1904044E0C2E5002093E54810C2E5002093E51C
S31533D1905050C0C2E5002093E55400C2E5001093E534
S31533D190601F20A0E30820C1E5001093E5182042E282
S31533D190701820C1E5001093E5052082E01C20C1E517
S31533D19080003093E52C50C3E508309FE5007083E576
S31533D19090F080BDE8F0A9D73378A9D73304E02DE5ED
S31533D190A0A7FFFFEB10309FE5002093E5083092E51B
S31533D190B00234C3E3083082E504F09DE45861D333F7
S31533D190C00020A0E3010052E10EF0A0A118309FE5B4
S31533D190D0003093E58030D3E50230C0E7012082E218
S31533D190E0010052E1F8FFFFBA0EF0A0E1F0A9D73370
S31533D190F000C0A0E301005CE10EF0A0A118309FE5DA
S31533D19100002093E50C30D0E701C08CE201005CE15D
S31533D191108030C2E5F8FFFFBA0EF0A0E1F0A9D7331C
S31533D1912000C0A0E301005CE10EF0A0A118309FE5A9
S31533D19130002093E50C30D0E701C08CE201005CE12D
S31533D191408430C2E5F8FFFFBA0EF0A0E1F0A9D733E8
S31533D1915000C0A0E301005CE10EF0A0A118309FE579
S31533D19160002093E50C30D0E701C08CE201005CE1FD
S31533D191708830C2E5F8FFFFBA0EF0A0E1F0A9D733B4
S31533D191800020A0E3010052E10EF0A0A118309FE5F3
S31533D19190003093E58C30D3E50230C0E7012082E24B
S31533D191A0010052E1F8FFFFBA0EF0A0E1F0A9D733AF
S31533D191B00020A0E3010052E10EF0A0A118309FE5C3
S31533D191C0003093E59030D3E50230C0E7012082E217
S31533D191D0010052E1F8FFFFBA0EF0A0E1F0A9D7337F
S31533D191E0E4C09FE500309CE50320A0E304E02DE500
S31533D191F03820C3E5D4E09FE500309EE5842083E56E
S31533D19200CC309FE500209EE5803082E500209EE577
S31533D192100030A0E38C3082E500309EE5FF14C1E304
S31533D19220880083E50F16C1E300309EE5291381E328
S31533D19230031581E3901083E500209EE50230A0E348
S31533D19240A03082E500209CE50010E0E3433FA0E364
S31533D192500310C2E700209CE5043083E20310C2E752
S31533D1926000109CE50F20A0E3043083E20320C1E74D
S31533D1927000209CE55430D2E50330E0E15F3003E2A0
S31533D192800330E0E15430C2E500109CE50120A0E380
S31533D19290413FA0E30320C1E700109CE5FF2082E2E2
S31533D192A0FF3043E20230C1E700309CE50230D3E7E9
S31533D192B00930A0E3013053E2FDFFFF5A00209EE58A
S31533D192C00230A0E3E03082E504F09DE4F0A9D73350
S31533D192D0F4A9D733CC01005250009FE5002090E555
S31533D192E00330A0E33830C2E544309FE5003093E50F
S31533D192F000C0A0E3A0C083E5002090E55430D2E589
S31533D193007F3003E25430C2E5001090E50120A0E36B
S31533D19310413FA0E30320C1E7003090E5FF2082E24D
S31533D1932002C0C3E7003090E50230D3E70EF0A0E1B7
S31533D19330F0A9D733F4A9D73304E02DE5070052E3A7
S31533D1934002E0A0E101C0A0E10000E0E12B00009AE8
S31533D193500130DCE4D4109FE5033020E0FF3003E263
S31533D19360032191E70130DCE4200422E0033020E00D
S31533D19370FF3003E2032191E70130DCE4200422E01C
S31533D19380033020E0FF3003E2032191E70130DCE4FF
S31533D19390200422E0033020E0FF3003E2032191E7BA
S31533D193A00130DCE4200422E0033020E0FF3003E255
S31533D193B0032191E70130DCE4200422E0033020E0BD
S31533D193C0FF3003E2032191E70130DCE4200422E0CC
S31533D193D0033020E0FF3003E2032191E70130DCE4AF
S31533D193E0200422E0033020E0FF3003E2033191E75A
S31533D193F008E04EE207005EE3200423E0D2FFFFEA22
S31533D1940000005EE30700000A0130DCE41C209FE54F
S31533D19410033020E0FF3003E2033192E701E05EE22D
S31533D19420200423E0F7FFFF1A0000E0E104F09DE4C6
S31533D194308840D23304E02DE5070052E302E0A0E1C0
S31533D1944001C0A0E12B00009A0130DCE4D0109FE5B6
S31533D19450033020E0FF3003E2032191E70130DCE42E
S31533D19460200422E0033020E0FF3003E2032191E7E9
S31533D194700130DCE4200422E0033020E0FF3003E284
S31533D19480032191E70130DCE4200422E0033020E0EC
S31533D19490FF3003E2032191E70130DCE4200422E0FB
S31533D194A0033020E0FF3003E2032191E70130DCE4DE
S31533D194B0200422E0033020E0FF3003E2032191E799
S31533D194C00130DCE4200422E0033020E0FF3003E234
S31533D194D0032191E70130DCE4200422E0033020E09C
S31533D194E0FF3003E2033191E708E04EE207005EE352
S31533D194F0200423E0D2FFFFEA00005EE304F09D04AB
S31533D195000130DCE418209FE5033020E0FF3003E25D
S31533D19510033192E701E05EE2200423E0F7FFFF1A3D
S31533D1952004F09DE48840D23304E02DE50C009FE569
S31533D195300C109FE572EAFFEB0000A0E304F09DE443
S31533D195405C49D233D03CD233010650E3F0442DE9D2
S31533D195500146A0E3014BA0330170A0E14DA0A0E3B6
S31533D195600410A0E11EA08A320060A0E13F9FFFEB39
S31533D195700050A0E1940500E0060060E0A430A0E1FC
S31533D19580000180E00410A0E1800083E0379FFFEB38
S31533D195900040A0E1090054E3015085820A40448258
S31533D195A028009FE50510A0E155EAFFEB000054E30F
S31533D195B00410A0E118009FE551EAFF1B14009FE583
S31533D195C00A10A0E10720A0E1F044BDE84CEAFFEA56
S31533D195D0ACBDD233B4BDD233BCBDD2330020A0E17E
S31533D195E00130D1E4000053E30130C0E4FBFFFF1A6D
S31533D195F00200A0E10EF0A0E100C0A0E1012052E2C9
S31533D196000300003A0130D1E4000053E30130C0E422
S31533D19610F9FFFF1A0C00A0E10EF0A0E10030D0E53E
S31533D196200020A0E1000053E30130F015FCFFFF1A0F
S31533D196300130D1E4000053E30130C0E4FBFFFF1A1C
S31533D196400200A0E10EF0A0E1000052E300C0A0E198
S31533D196500A00000A0030D0E5000053E30130F0159B
S31533D19660FCFFFF1A0130D1E4000053E30130C0E4EB
S31533D196700200000A012052E2F9FFFF1A0020C0E5A9
S31533D196800C00A0E10EF0A0E10020D0E50130D1E409
S31533D19690023063E003CCB0E1010080E2FF3003E274
S31533D196A00100001A000052E3F6FFFF1A030CA0E1C2
S31533D196B0400CA0E10EF0A0E1000052E304E02DE529
S31533D196C00030A0E30A00000A00C0D0E50130D1E46E
S31533D196D00C3063E003ECB0E1010080E2FF3003E20A
S31533D196E00300001A00005CE30100000A012052E2B4
S31533D196F0F4FFFF1A030CA0E1400CA0E104F09DE482
S31533D197000030D0E50020A0E1FF1001E2010053E1A2
S31533D197100400000AFF0003E2000050E30EF0A0017B
S31533D197200130F2E5F8FFFFEA0200A0E10EF0A0E145
S31533D197300030D0E50020A0E1000053E30200000A57
S31533D197400130F0E5000053E3FBFFFFEA000062E0AE
S31533D197500EF0A0E130402DE90040A0E10150A0E167
S31533D19760F2FFFFEB000084E00020D0E5FF3005E2C5
S31533D19770030052E13080BD08010040E2040050E1DC
S31533D19780F8FFFF2A0000A0E33080BDE8011041E2A3
S31533D19790010071E30020A0E10700000A0030D2E5D1
S31533D197A0000053E30400000A011041E2010071E3E2
S31533D197B0010080E20030D015F8FFFF1A000062E0D5
S31533D197C00EF0A0E110402DE9004050E20500000A29
S31533D197D0D6FFFFEB010080E299EBFFEB0410A0E15A
S31533D197E0004050E20100001A0000A0E31080BDE82A
S31533D197F079FFFFEB0400A0E11080BDE804E02DE54D
S31533D198000030D0E500E0A0E3000053E31000000AB6
S31533D198100020D1E5000052E301C0A0E10C00000ADB
S31533D198200030D0E5020053E10200000A0120FCE505
S31533D19830000052E3F9FFFF1A0030DCE5000053E3B1
S31533D198400300000A0130F0E501E08EE2000053E374
S31533D19850EDFFFFEA0E00A0E104F09DE40030D0E540
S31533D19860000053E30A00000A0020D1E501C0A0E18C
S31533D19870000052E30400000A0030D0E5020053E180
S31533D198800EF0A0010120FCE5F8FFFFEA0130F0E547
S31533D19890F2FFFFEA0000A0E30EF0A0E130402DE95C
S31533D198A0004050E20150A0E10400001A68309FE530
S31533D198B0004093E5000054E304C0A0E11400000A4C
S31533D198C00400A0E1CCFFFFEB0030F4E7FF2003E245
S31533D198D0000052E340309F050510A0E10400A0E11A
S31533D198E002C0A0E1002083050900000ADAFFFFEBAD
S31533D198F0000050E30300000A0030D0E5000053E303
S31533D199000030A0130130C0140C309FE5000083E53D
S31533D1991004C0A0E10C00A0E13080BDE860AAD73302
S31533D1992030402DE9004090E50050A0E1000054E2EB
S31533D199300430A0E10500000AC7FFFFEB000050E376
S31533D199400030A0130130C014000085E50430A0E106
S31533D199500300A0E13080BDE8000050E30200000AE5
S31533D199600030D0E5000053E30100001A0000A0E334
S31533D199700EF0A0E10130D0E5000053E300C0A0E101
S31533D19980011080E20EF0A0010030DCE50020D1E5F4
S31533D199900220CCE40230C1E40030DCE5000053E3ED
S31533D199A00EF0A0010030D1E5000053E3F5FFFF1AE5
S31533D199B00EF0A0E1012042E2010072E30030A0E1D2
S31533D199C00EF0A001012042E2010072E30110C3E49B
S31533D199D0FBFFFF1A0EF0A0E1012042E2010072E350
S31533D199E001C0A0E10400000A0130D0E4012042E2F3
S31533D199F00130CCE4010072E3F9FFFFEA0100A0E1C3
S31533D19A000EF0A0E1012042E2010072E300C0A0E1F1
S31533D19A100EF0A001012042E20130D1E4010072E31C
S31533D19A200130CCE4FAFFFF1A0EF0A0E1010050E188
S31533D19A30013042E20900008A010073E30320A0E139
S31533D19A4000C0A0E10EF0A001012042E20130D1E401
S31533D19A50010072E30130CCE4FAFFFF1A0EF0A0E134
S31533D19A60010073E3021081E002C080E00320A0E15C
S31533D19A700EF0A001012042E2013071E5010072E31B
S31533D19A8001306CE5FAFFFF1A0EF0A0E100C052E2C5
S31533D19A900020A0E30700000A0020D0E50030D1E54D
S31533D19AA0032052E0010080E2011081E20100001A65
S31533D19AB001C05CE2F7FFFF1A0200A0E10EF0A0E18C
S31533D19AC0000052E30EF0A0010030D0E5010053E19E
S31533D19AD00EF0A001012052E2010080E2F9FFFF1A14
S31533D19AE00EF0A0E1F0402DE90050A0E10100A0E154
S31533D19AF00170A0E10DFFFFEB006050E20100001AC7
S31533D19B000500A0E1F080BDE80500A0E107FFFFEB3A
S31533D19B100040A0E1060050E1090000BA0500A0E1FA
S31533D19B200710A0E10620A0E1D7FFFFEB000050E3F9
S31533D19B30014044E2F1FFFF0A060054E1015085E2C8
S31533D19B40F4FFFFEA0000A0E3F080BDE801C052E2A2
S31533D19B500700003A010040E20120F0E5FF3001E28F
S31533D19B60030052E101C04CE20EF0A00101007CE3C7
S31533D19B70F8FFFF1A0000A0E30EF0A0E110402DE963
S31533D19B800030D0E5300053E30140A0E102E0A0E15B
S31533D19B900010A0E30C00001A0130F0E5780053E34E
S31533D19BA00600001A0130D0E57C209FE50330D2E799
S31533D19BB0440013E30100801210E0A0130700001A0A
S31533D19BC000005EE308E08E02040000EA000052E3AF
S31533D19BD00AE08202010000EA9E3121E0010080E2EF
S31533D19BE000C0D0E540309FE50C20D3E7440012E3E3
S31533D19BF030304CE20800000A040012E30400001AA4
S31533D19C0020304CE2FF3003E2020012E3373043E235
S31533D19C1037304C020E0053E1EEFFFF3A000054E3E6
S31533D19C20000084150100A0E11080BDE8E954D33397
S31533D19C3004E02DE50030D0E52D0053E30100000AD1
S31533D19C4004E09DE4CCFFFFEA010080E2CAFFFFEBDB
S31533D19C50000060E204F09DE404E02DE500C090E518
S31533D19C600030DCE5303043E2090053E300E0A0E1D4
S31533D19C700000A0E304F09D840110DCE400C08EE53E
S31533D19C800030DCE5002180E0303043E2821081E0E0
S31533D19C90090053E3300041E2F6FFFF9A04F09DE425
S31533D19CA0F04E2DE958D04DE27CA09DE514C29FE507
S31533D19CB014E29FE540001AE30CE0A0110350A0E172
S31533D19CC010001AE3023042E201A0CA13220053E351
S31533D19CD00060A0E108E08DE50170A0E10290A0E13A
S31533D19CE078B09DE50000A0837400008A01001AE3A1
S31533D19CF02010A0033010A0130020A0E302001AE3F2
S31533D19D0010108DE50C208DE50E00000A020057E1C7
S31533D19D102D30A0B3007067B2015045B20C308DB53A
S31533D19D20080000BA04001AE32BC0A0130150451220
S31533D19D300CC08D150300001A08001AE320E0A013D6
S31533D19D400CE08D150150451220101AE204108DE521
S31533D19D500400000A100059E3025045020100000AFB
S31533D19D60080059E301504502000057E300C0A0E390
S31533D19D703030A00301C08C021430CD051000000A57
S31533D19D800700A0E10910A0E100C08DE5FB0F00EB80
S31533D19D900910A0E10040A0E10700A0E1339DFFEB1C
S31533D19DA008309DE500C09DE50420D3E758E08DE228
S31533D19DB00E308CE0007050E2442043E501C08CE292
S31533D19DC0EEFFFF1A0C005BE10CB0A0B111001AE320
S31533D19DD005506BE00600001A000055E3015045E209
S31533D19DE0030000DA2030A0E30130C6E4000055E3A6
S31533D19DF0F9FFFFEA0C109DE5000051E30110C614BB
S31533D19E0004209DE5000052E30900000A080059E316
S31533D19E103030A0030500000A100059E30400001ABC
S31533D19E203030A0E30130C6E408E09DE52130DEE5EC
S31533D19E300130C6E410001AE30600001A000055E3D8
S31533D19E40015045E2030000DA10109DE50110C6E456
S31533D19E50000055E3F9FFFFEA0C005BE101B04BE2B9
S31533D19E60030000DA3030A0E30130C6E40C005BE105
S31533D19E70F9FFFFEA00005CE301C04CE2070000DAE8
S31533D19E8058208DE202308CE0441043E2012051E474
S31533D19E9000005CE30120C6E401C04CE2FAFFFFCAFD
S31533D19EA0000055E3015045E2030000DA2030A0E348
S31533D19EB00130C6E4000055E3F9FFFFEA0600A0E11D
S31533D19EC058D08DE2F08EBDE8C4BDD233ECBDD2339A
S31533D19ED0F0462DE90CD04DE208108DE50030D1E5B1
S31533D19EE00090A0E1000053E30240A0E10070A0E16D
S31533D19EF0EA00000A0010D1E5250051E30110C71459
S31533D19F00DF00001A00A0A0E308309DE5011083E2FB
S31533D19F1008108DE50130D3E52B0053E30C00000A4D
S31533D19F20040000CA200053E30B00000A230053E395
S31533D19F300B00000A0E0000EA2D0053E30200000A9B
S31533D19F40300053E30800000A090000EA10A08AE37F
S31533D19F50ECFFFFEA04A08AE3EAFFFFEA08A08AE32B
S31533D19F60E8FFFFEA20A08AE3E6FFFFEA01A08AE30E
S31533D19F70E4FFFFEA0020D1E5303042E2090053E372
S31533D19F800060E0E30300008A08008DE231FFFFEB86
S31533D19F900060A0E1080000EA2A0052E30600001A65
S31533D19FA0013081E208308DE5006094E5000056E357
S31533D19FB0044084E2006066B210A08AB308209DE5DE
S31533D19FC00030D2E52E0053E300C0E0E31100001A8E
S31533D19FD0011082E208108DE50120D2E5303042E21C
S31533D19FE0090053E30300008A08008DE219FFFFEB22
S31533D19FF000C0A0E1040000EA2A0052E30400001AAB
S31533D1A000013081E208308DE504C094E400005CE38D
S31533D1A010000000AA00C0A0E308309DE50020D3E5B7
S31533D1A0206C0052E3680052130010E0E30100000ADA
S31533D1A030710052E30200001A013083E208308DE514
S31533D1A0400210A0E108309DE50030D3E56E0053E32D
S31533D1A0500A20A0E35D00000A0D0000CA630053E372
S31533D1A0601800000A050000CA250053E30130C7049E
S31533D1A0708300000A580053E35C00000A600000EA0B
S31533D1A080640053E35C00000A690053E35A00000AC3
S31533D1A0905B0000EA730053E31F00000A040000CAD1
S31533D1A0A06F0053E34F00000A700053E33A00000ABE
S31533D1A0B0530000EA750053E35A00000A780053E39C
S31533D1A0C04B00000A4E0000EA10001AE30700001ACB
S31533D1A0D0016046E2000056E3040000DA2030A0E303
S31533D1A0E0016046E20130C7E4000056E3F9FFFFEAE7
S31533D1A0F0003094E5016046E20130C7E4000056E30F
S31533D1A100044084E25E0000DA2030A0E3016046E207
S31533D1A1100130C7E4000056E3F9FFFFEA005094E576
S31533D1A1208C319FE5000055E30350A0010C10A0E11B
S31533D1A1300500A0E194FDFFEB10001AE3044084E25D
S31533D1A1400600001A000056E1016046E2030000DA48
S31533D1A1502030A0E30130C7E4000056E1F9FFFFEA2E
S31533D1A1600020A0E3000052E1040000AA0130D5E477
S31533D1A170012082E20130C7E4000052E1F9FFFFEA60
S31533D1A180000056E1016046E23D0000DA2030A0E31B
S31533D1A1900130C7E4000056E1F9FFFFEA010076E367
S31533D1A1A009608602001094E501A08A030700A0E175
S31533D1A1B00630A0E11020A0E300C08DE504A08DE5E3
S31533D1A1C0B6FEFFEB044084E20070A0E12C0000EA36
S31533D1A1D0003094E5040084E2072069E00040A0E131
S31533D1A1E0002083E5260000EA0820A0E30D0000EA2B
S31533D1A1F040A08AE31020A0E30A0000EA02A08AE352
S31533D1A200080000EA2530A0E30130C7E408309DE5E4
S31533D1A2100020D3E5000052E30120C71401304302B5
S31533D1A22008308D05160000EA6C0051E30430A001E5
S31533D1A23000109305044084020B00000A680051E3F1
S31533D1A24002300AE2040084120430A01100109315AF
S31533D1A2500040A0110400001AB010D4E1000053E33A
S31533D1A2600138A011044084E24318A0110700A0E1BC
S31533D1A2700630A0E100C08DE504A08DE587FEFFEB66
S31533D1A2800070A0E108309DE5012083E208208DE5F9
S31533D1A2900130D3E50210A0E1000053E313FFFFEA07
S31533D1A2A00030A0E3070069E00030C7E50CD08DE27A
S31533D1A2B0F086BDE814BED2330E002DE904E02DE588
S31533D1A2C004109DE508208DE200FFFFEB04E09DE409
S31533D1A2D00CD08DE20EF0A0E10F002DE904E02DE58F
S31533D1A2E004009DE508108DE213E7FFEB0A00A0E3E6
S31533D1A2F0F2E6FFEB20009FE58B9AFFEB0000A0E35C
S31533D1A3000010A0E10020A0E10030A0E1290D00EB3F
S31533D1A31004E09DE410D08DE20EF0A0E1A0860100D9
S31533D1A32004E02DE50130A0E11C20A0E30010A0E12B
S31533D1A330280093E50FE0A0E124F093E504F09DE402
S31533D1A34030402DE9000050E30150A0E10900000A65
S31533D1A350080040E2140090E80010A0E18221A0E188
S31533D1A360280095E50FE0A0E124F095E50400A0E1BE
S31533D1A370000054E3F4FFFFEA0000A0E33080BDE8E8
S31533D1A38070402DE9383090E5000053E33C309015D9
S31533D1A39000308215003090E5043043E2010053E3B7
S31533D1A3A00040A0E10160A0E1182090952800919555
S31533D1A3B00221A0910C1094950FE0A09124F096959B
S31533D1A3C0003094E5060053E30800001A0C0094E5F7
S31533D1A3D00610A0E1D1FFFFEB0610A0E1080094E50A
S31533D1A3E0D6FFFFEB040094E50610A0E1D3FFFFEBD4
S31533D1A3F038C094E5283094E50050A0E300005CE3FF
S31533D1A400303084E5005084E5205084E5245084E50A
S31533D1A410343084E50500000A0500A0E10510A0E13A
S31533D1A4200520A0E10FE0A0E10CF0A0E13C0084E5EA
S31533D1A430303096E5000053E37080BD080500A0E1C6
S31533D1A4400510A0E10FE0A0E103F0A0E17080BDE8F3
S31533D1A45030402DE9004050E204D04DE20120E0E313
S31533D1A4601F00000A1C0094E5000050E31C00000ACB
S31533D1A470243094E5000053E31900000A145090E5D3
S31533D1A480000055E20410A0E10D20A0E10C00000A32
S31533D1A490BAFFFFEB2C3085E20C0013E8022043E000
S31533D1A4A0280094E5281095E50FE0A0E124F094E552
S31533D1A4B00510A0E1280094E54020A0E30FE0A0E108
S31533D1A4C024F094E51820A0E3280094E51C1094E5F4
S31533D1A4D00FE0A0E124F094E50030A0E31C3084E50D
S31533D1A4E00320A0E10200A0E104D08DE23080BDE8A3
S31533D1A4F010402DE9000050E304D04DE20130E0E3C2
S31533D1A5001100000A1CC090E50040A0E304005CE1D1
S31533D1A5100010A0E10D20A0E10B00000A144080E524
S31533D1A520084080E5184080E50C309CE5000053E3C4
S31533D1A5300230A0130030A00300308CE51C3090E5F7
S31533D1A540140093E58DFFFFEB0430A0E10300A0E1C6
S31533D1A55004D08DE21080BDE870402DE9006050E221
S31533D1A5600200000A1C2096E5000052E30100001ACE
S31533D1A5700100E0E37080BDE8003092E5080053E393
S31533D1A5800830A013003082151C209615083043129B
S31533D1A5900430821504C096E500005CE30400E00381
S31533D1A5A07080BD081CE096E504109EE5000096E563
S31533D1A5B0030051E30040A0E11400008A0020D0E526
S31533D1A5C0010051E3FF3002E20100008A000053E378
S31533D1A5D0000000EAFF0053E3011081020200000AB2
S31533D1A5E0000052E3041061E20010A01301C05CE213
S31533D1A5F00030A0030130A013030051E30030A08310
S31533D1A60001300392000053E3010080E2EAFFFF1ADF
S31533D1A610083096E5002064E0023083E0040051E34C
S31533D1A620000086E5083086E504C086E50200E013EE
S31533D1A63004108EE57080BD180600A0E1084096E57A
S31533D1A640145096E5A9FFFFEB1C2096E50230A0E323
S31533D1A6500000A0E3084086E5145086E5003082E554
S31533D1A6607080BDE8F04E2DE9005050E204D04DE272
S31533D1A6700160A0E1020040024E00000A280095E5B0
S31533D1A6800110A0E31820A0E30FE0A0E120F095E577
S31533D1A690000050E31C0085E5040040024500000A62
S31533D1A6A000B0A0E314B080E51C3095E50CB083E55A
S31533D1A6B00B0056E11C2095B50130A0B3006066B2CC
S31533D1A6C00C3082B5083046E2070053E30300009AD3
S31533D1A6D00500A0E15DFFFFEB0100E0E3350000EAC1
S31533D1A6E01C3095E5106083E51C3095E500308DE55A
S31533D1A6F00CC093E50170A0E3C0309FE500005CE365
S31533D1A700280095E50710A0E14020A0E30390A001EE
S31533D1A7100090A0130FE0A0E120F095E5004050E280
S31533D1A72017A6A0E11700000A0710A0E1280095E586
S31533D1A7300A20A0E10FE0A0E120F095E5000050E337
S31533D1A7400060A0E1280084E50600001A280095E5CB
S31533D1A7500410A0E14020A0E30FE0A0E124F095E579
S31533D1A7600600A0E1080000EA0A3080E02C3084E507
S31533D1A770389084E500B084E50400A0E10510A0E16A
S31533D1A7803C2084E2FDFEFFEB0400A0E100309DE5E1
S31533D1A790000050E3140083E50300001A0500A0E15D
S31533D1A7A02AFFFFEB0300E0E3020000EA0500A0E154
S31533D1A7B04EFFFFEB0000A0E304D08DE2F08EBDE86F
S31533D1A7C094CDD1330F10A0E3A5FFFFEAF0402DE9A5
S31533D1A7D014C09DE50050A0E10160A0E10270A0E173
S31533D1A7E028009CE51C20A0E30110A0E30340A0E19F
S31533D1A7F00FE0A0E120F09CE5002050E2F080BD08C7
S31533D1A8000030A0E3184082E5003082E51050C2E52E
S31533D1A8101160C2E5147082E5F080BDE8F04E2DE9C2
S31533D1A8201C2090E5003092E5020053E308D04DE287
S31533D1A8300070A0E10800001A144092E5300084E29A
S31533D1A840090090E8030050E10100E0133E00001AFD
S31533D1A850003094E5000053E30100000A0200E0E33F
S31533D1A860390000EA2C3094E503B060E0243094E526
S31533D1A870000697E804308DE5203094E500308DE538
S31533D1A8800060A0E100005AE32300000A383094E592
S31533D1A8900A005BE10B50A0310A50A021000053E3EB
S31533D1A8A00610A0E10520A0E10300000A3C0094E59F
S31533D1A8B00FE0A0E103F0A0E13C0084E5303097E529
S31533D1A8C0000053E30600A0E10510A0E10FE0A0118B
S31533D1A8D003F0A0110600A0E10910A0E10520A0E103
S31533D1A8E047FCFFEB143097E5053083E0143087E529
S31533D1A8F02C3094E5056086E0030056E1306084E57B
S31533D1A900286094050AA065E003B0660030608405FB
S31533D1A910059089E000005AE3DAFFFFEA04309DE57A
S31533D1A920243084E500309DE5203084E5003097E549
S31533D1A930082097E5093063E0032082E0000687E8F3
S31533D1A940082087E5346084E50000A0E308D08DE2A2
S31533D1A950F08EBDE8F0462DE9343090E5305090E5B0
S31533D1A960030055E12C309085034065E0103091E5F5
S31533D1A9700290A0E1142091E5030054E10340A021D4
S31533D1A980033064E0042082E0103081E5142081E580
S31533D1A990003054E20130A013050079E338C090E595
S31533D1A9A00030A013000053E30090A01300005CE302
S31533D1A9B00060A0E10170A0E10CA091E50500000A89
S31533D1A9C03C0090E50510A0E10420A0E10FE0A0E121
S31533D1A9D00CF0A0E13C0086E5303097E5000053E337
S31533D1A9E00500A0110410A0110FE0A01103F0A0119E
S31533D1A9F00A00A0E10510A0E10420A0E100FCFFEBA1
S31533D1AA002C2096E5045085E0020055E104A08AE076
S31533D1AA102800001A343096E5285096E5020053E1E2
S31533D1AA2034508605342096E5103097E5024065E0FB
S31533D1AA30142097E5030054E10340A021033064E0A9
S31533D1AA40042082E0103087E5142087E5003054E2C4
S31533D1AA500130A013050079E338C096E50030A01351
S31533D1AA60000053E30090A01300005CE30500000A15
S31533D1AA703C0096E50510A0E10420A0E10FE0A0E16A
S31533D1AA800CF0A0E13C0086E5303097E5000053E386
S31533D1AA900500A0110410A0110FE0A01103F0A011ED
S31533D1AAA00A00A0E10510A0E10420A0E1D4FBFFEB1D
S31533D1AAB0045085E004A08AE00900A0E10CA087E523
S31533D1AAC0305086E5F086BDE8F04E2DE957DE4DE2BE
S31533D1AAD004D04DE200C0A0E334108DE570C58DE5C9
S31533D1AAE034C58DE538C58DE53CC58DE540C58DE598
S31533D1AAF044C58DE548C58DE54CC58DE550C58DE548
S31533D1AB0054C58DE558C58DE55CC58DE560C58DE5F7
S31533D1AB1064C58DE568C58DE56CC58DE59C159DE51B
S31533D1AB2030208DE52C308DE534409DE50070A0E3A2
S31533D1AB300060A0E300A0A0E104309AE4575E8DE231
S31533D1AB40045085E2032185E0403012E5014054E2D9
S31533D1AB50013083E2403002E5F6FFFF1A34359DE505
S31533D1AB6034C09DE50C0053E198E59D050400A00161
S31533D1AB7000408E05004081054E01000A002091E543
S31533D1AB8018208DE5572E8DE20150A0E3082082E2BD
S31533D1AB90403012E5000053E3042082E20200001A6A
S31533D1ABA0015085E20F0055E3F8FFFF9A18309DE542
S31533D1ABB0050053E10530A0311C508DE518308DE5B4
S31533D1ABC00F40A0E35B2E8DE2403012E5000053E314
S31533D1ABD0042042E20100001A014054E2F9FFFF1A80
S31533D1ABE018C09DE50130A0E304005CE104C0A02187
S31533D1ABF01335A0E1040055E124408DE518C08DE528
S31533D1AC0000C081E514308DE50C00002A57EE8DE274
S31533D1AC1004E08EE205218EE0403012E514109DE535
S31533D1AC20031051E08110A0E1015085E2042082E284
S31533D1AC3014108DE51C01004A040055E1F5FFFF3AA6
S31533D1AC40573E8DE2043083E2042183E0403012E56E
S31533D1AC5014509DE5035055E014508DE51201004A49
S31533D1AC6014C09DE50050A0E30C3083E044108DE24F
S31533D1AC7053AE8DE2403002E53C508DE5014054E28E
S31533D1AC8008A08AE2041041E20400000A04309AE4AF
S31533D1AC90035085E0045081E4014054E2F9FFFFEAE1
S31533D1ACA000A0A0E10040A0E304509AE457EE8DE230
S31533D1ACB004E08EE2000055E305118EE03C351115E3
S31533D1ACC003218E1001308312FC4402153C35011514
S31533D1ACD034009DE5014084E2000054E1F1FFFF3AAF
S31533D1ACE00040A0E31C109DE524209DE50030E0E330
S31533D1ACF018509DE584A08DE238408DE5F8448DE535
S31533D1AD0020308DE510408DE50CA04AE2020051E1A9
S31533D1AD1000B065E204E0A0E1DA0000CA1CC09DE5CB
S31533D1AD20570E8DE20CC1A0E10CC08DE5040080E253
S31533D1AD3000308CE0403013E5013043E2010073E358
S31533D1AD4028308DE5C900000A20209DE5021180E027
S31533D1AD5004108DE518308DE2280093E803C08BE0DB
S31533D1AD600C0055E1690000DA57EE8DE220009DE5FE
S31533D1AD7004E08EE200E18EE008E08DE51C109DE51E
S31533D1AD800130A0E301506CE01325A0E124309DE5D9
S31533D1AD9003306CE010308DE528E09DE510109DE54C
S31533D1ADA018009DE501308EE2010050E10100A0216A
S31533D1ADB004E09DE508109DE5030052E120309DE581
S31533D1ADC004E08EE2013083E2041081E20CB0A0E1DB
S31533D1ADD020308DE504E08DE508108DE510008DE545
S31533D1ADE01000009A28E09DE502306EE0012043E25F
S31533D1ADF00CE09DE5533E8DE2043083E2000055E10C
S31533D1AE000E1083E00700002A015085E2000055E198
S31533D1AE100400002A0430B1E58220A0E1030052E1D7
S31533D1AE20022063E0F7FFFF8A0130A0E31335A0E1B7
S31533D1AE3010308DE5A0159DE5019083E2280091E58B
S31533D1AE400820A0E300C08DE50910A0E1A0359DE52A
S31533D1AE500FE0A0E120F093E500E050E200C09DE59C
S31533D1AE600600001A20509DE5000055E3A0159D1527
S31533D1AE70F8049D1531FDFF1B0300E0E38D0000EA95
S31533D1AE8000908EE598059DE508208EE20030A0E34B
S31533D1AE90002080E504308EE520109DE504E08EE276
S31533D1AEA098E58DE502E0A0E108209DE5030051E167
S31533D1AEB07CE002E51000000A18309DE5FF0005E27B
S31533D1AEC008509DE5FF2003E2FF3CC6E3026483E1EC
S31533D1AED0803015E518509DE5FF20C6E30C1065E0AB
S31533D1AEE0026080E13451A0E108009DE5853183E0EC
S31533D1AEF00E70A0E13C4500E5C00083E818108DE221
S31533D1AF00060091E801C08CE00C0052E19AFFFFCAEA
S31533D1AF101C309DE534C09DE578508DE203006BE05E
S31533D1AF200C3185E003005AE1FF2000E2FF3CC6E352
S31533D1AF30026483E13F30C623C06083231600002ADF
S31533D1AF4000109AE530209DE5020051E10700002A31
S31533D1AF50FF0051E30020A0936020A083FF2002E2BB
S31533D1AF60FF30C6E3036082E10170A0E1090000EA54
S31533D1AF7030509DE594C59DE5013065E003219CE7CD
S31533D1AF80502082E2FF10C6E3FF2002E2016082E164
S31533D1AF902C109DE5037191E704A08AE210209DE53B
S31533D1AFA0345BA0E10130A0E3020055E11320A0E1E7
S31533D1AFB00500002A10C09DE585318EE0025085E02B
S31533D1AFC00C0055E1C00083E8F8FFFFEA1C009DE58C
S31533D1AFD00130A0E3012040E21352A0E1050014E190
S31533D1AFE005402410A550A011FBFFFF1A0100A0E3A1
S31533D1AFF004109DE5103BA0E1054024E0013043E246
S31533D1B0003C2511E5033004E0020053E11200000A76
S31533D1B010572E8DE220309DE5042082E2031182E062
S31533D1B02018509DE50BB065E0041041E2103BA0E129
S31533D1B0303C2511E5013043E2033004E020C09DE5E0
S31533D1B040020053E104209DE501C04CE2042042E2E3
S31533D1B05020C08DE504208DE5F0FFFF1A28309DE51C
S31533D1B060013043E2010073E328308DE538FFFF1A0F
S31533D1B0701C509DE524C09DE5015085E20C0055E178
S31533D1B0801C508DE523FFFFEA24009DE514E09DE5B1
S31533D1B09000005EE3010050130030A0030130A0134A
S31533D1B0A00400E0130300001A010000EA0200E0E3D2
S31533D1B0B0000000EA0300A0E15DDF8DE201DB8DE222
S31533D1B0C0F08EBDE814309FE5000093E5000061E0D2
S31533D1B0D0000083E508309FE5800183E00EF0A0E1DF
S31533D1B0E08858D3336CAAD7330EF0A0E1F04E2DE97D
S31533D1B0F0006050E253DE4DE258108DE51407000A55
S31533D1B100003096E5000053E30470E0131007000ACC
S31533D1B1101C1096E5003091E5080053E303F19F9770
S31533D1B1200B0700EA48B1D133D4B1D13350B2D1338D
S31533D1B13004CCD13348CCD13390CCD133D8CCD13311
S31533D1B1404CCDD13388CDD133042096E5000052E3AB
S31533D1B1500107000A083096E5012042E2013083E245
S31533D1B1600C0086E9003096E50120D3E4003086E53C
S31533D1B170042081E50F1002E2080051E31C4096E525
S31533D1B1800830A013003084150070A0E31C20961527
S31533D1B190883F9F15E606001A043094E5102094E5CE
S31533D1B1A02332A0E1083083E2020053E10600009A4C
S31533D1B1B0001084E5682F9FE51C3096E5182086E587
S31533D1B1C00520A0E3042083E5D0FFFFEA0130A0E3D5
S31533D1B1D0003084E5042096E5000052E3DE06000A0A
S31533D1B1E0083096E5012042E2013083E20C0086E94C
S31533D1B1F0003096E50120D3E41C4096E5200012E3D6
S31533D1B200003086E50830A01300308415FF2002E2E2
S31533D1B2100070A0E31C209615083F9F15C406001A6B
S31533D1B220040094E51F10A0E3000482E0D30A00EBB7
S31533D1B230000050E30830A01300308415E83E9F1543
S31533D1B2401C209615BA06001A0230A0E3003084E5E5
S31533D1B2501C3096E5145093E5340095E54C008DE5D5
S31533D1B260303095E554708DE5041096E5030050E101
S31533D1B270009096E550108DE503306030207085E22D
S31533D1B280800497E801B043325200003A4E0000EAC7
S31533D1B29024A085E5207085E5003096E5082096E52E
S31533D1B2A050109DE5093063E0032082E0060086E93C
S31533D1B2B0009086E54C209DE5342085E554209DE5E7
S31533D1B2C00500A0E10610A0E1220600EA0930A0E389
S31533D1B2D0003085E5543E9FE5000100EA24A085E59B
S31533D1B2E0207085E5003096E5082096E550C09DE57A
S31533D1B2F0093063E0032082E004C086E5082086E581
S31533D1B300009086E54C009DE5340085E51D0000EAC5
S31533D1B31024A085E5207085E5003096E5082096E5AD
S31533D1B32050C09DE5093063E0032082E004C086E551
S31533D1B330082086E5009086E54C009DE5340085E509
S31533D1B340DDFFFFEA0610A0E15C009DE5FBFBFFEBD9
S31533D1B3500610A0E160009DE5F8FBFFEB24A085E55F
S31533D1B360207085E5003096E5082096E550109DE5A9
S31533D1B370093063E0032082E0060086E9009086E552
S31533D1B3804C209DE5342085E50500A0E10610A0E1EA
S31533D1B3900320E0E3EF0500EA24A085E5207085E5B7
S31533D1B3A0003096E5082096E5093063E0032082E044
S31533D1B3B050309DE5082086E5043086E5009086E554
S31533D1B3C04CB09DE534B085E5BBFFFFEA2C3095E52E
S31533D1B3D04CC09DE503B06CE0003095E5090053E3ED
S31533D1B3E003F19F97CC0500EA10B4D13324B7D133C7
S31533D1B3F094B7D133DCB8D133CCB9D13344BBD133D0
S31533D1B400E4BED13374CAD133B0CAD133ECCAD13312
S31533D1B410020057E30B00008A50009DE5000050E34C
S31533D1B420DCFFFF0A0130D9E413A78AE1087087E23A
S31533D1B430010040E20010A0E3020057E350008DE54E
S31533D1B44054108DE5F2FFFFEA07400AE201300AE2F2
S31533D1B450A420A0E11C3085E5030052E302F19F9786
S31533D1B460DCFFFFEA74B4D13390B4D133BCB6D13324
S31533D1B470CCB6D133037047E2074007E2AAA1A0E1A4
S31533D1B480077064E03AA4A0E10130A0E36E0500EA87
S31533D1B4909C1C9FE5003091E580208DE280C08DE202
S31533D1B4A070008DE2013083E2082042E20CC04CE2D7
S31533D1B4B0040040E248208DE544C08DE540008DE55A
S31533D1B4C0003081E5010053E3060000DA002091E52F
S31533D1B4D0013042E2003081E5541C9FE5010052E34D
S31533D1B4E0002081E5F7FFFFEA481C9FE5002091E56F
S31533D1B4F0000052E34E00001A3C3C9FE59C308DE56B
S31533D1B500383C9FE5A0308DE5A4208DE58F10A0E39F
S31533D1B510532E8DE20830A0E3011051E2803402E597
S31533D1B520042082E2FAFFFF5A9010A0E3772E8DE200
S31533D1B530011081E20930A0E3FF0051E3803402E503
S31533D1B540042082E2F9FFFFDAF40B9FE5000051E1E3
S31533D1B550070000CA533E8DE2012183E0011081E217
S31533D1B5600730A0E3000051E1803402E5042082E2C2
S31533D1B570F9FFFFDACC0B9FE5000051E1070000CA92
S31533D1B58053CE8DE201218CE0011081E20830A0E364
S31533D1B590000051E1803402E5042082E2F9FFFFDA7B
S31533D1B5A0A4EB9FE507C0A0E300C08EE59CCB9FE516
S31533D1B5B080408DE200C08DE594CB9FE5121EA0E38A
S31533D1B5C0903B9FE5044044E2B0008DE2B82B9FE532
S31533D1B5D000508DE90C408DE53AFDFFEB533E8DE2BC
S31533D1B5E01D10A0E305C0A0E3011051E280C403E5E9
S31533D1B5F0043083E2FAFFFF5A5CEB9FE500C08EE558
S31533D1B60058CB9FE500C08DE554CB9FE5543B9FE5A1
S31533D1B610B0008DE21E10A0E30020A0E300508DE9E7
S31533D1B6200C408DE527FDFFEB080B9FE50130A0E3F9
S31533D1B630003080E5103B9FE5000093E5183B9FE54D
S31533D1B640001093E5083B9FE548C09DE5002093E57F
S31533D1B6500C3B9FE5003093E500008CE544009DE536
S31533D1B660001080E540109DE570208DE5C0EA9FE559
S31533D1B670003081E500C09EE501C04CE278009DE5FE
S31533D1B68074109DE570209DE56C309DE500C08EE547
S31533D1B69000608DE54CFCFFEB000050E30C0085E5F3
S31533D1B6A00DFFFF0A0020A0E3AAA1A0E1037047E270
S31533D1B6B00630A0E3082085E5320000EAAAA1A0E14D
S31533D1B6C0037047E20330A0E3DF0400EA0930A0E395
S31533D1B6D0003085E5903A9FE5AAA1A0E1037047E210
S31533D1B6E0183086E524A085E5207085E5003096E5CA
S31533D1B6F0082096E5093063E0032082E050309DE59A
S31533D1B700082086E5043086E5009086E54CB09DE584
S31533D1B71034B085E50500A0E10610A0E10220E0E3CF
S31533D1B7200C0500EA1F0057E30B00008A50C09DE594
S31533D1B73000005CE3D5FEFF0A0130D9E413A78AE1D1
S31533D1B740087087E201C04CE20000A0E31F0057E343
S31533D1B75050C08DE554008DE5F2FFFFEA0A20E0E1D2
S31533D1B7600A38A0E12228A0E12338A0E1030052E12F
S31533D1B770D5FEFF1A0070A0E3070052E10230A013C1
S31533D1B7800730A00107A0A0E1003085E5042085E587
S31533D1B79010FFFFEA50109DE5000051E3DBFEFF0AAF
S31533D1B7A000005BE32E00001A2C1095E54C209DE565
S31533D1B7B0010052E10B00001A303095E5282095E58A
S31533D1B7C0020053E10700000A4C208DE5030052E114
S31533D1B7D04C309D250330623001B0433201B0632002
S31533D1B7E000005BE31E00001A4CB09DE534B085E50D
S31533D1B7F054209DE50610A0E10500A0E154FCFFEBF2
S31533D1B80054008DE534C095E54CC08DE5302095E5B2
S31533D1B81002005CE12C3095254C009D2502306C30ED
S31533D1B82001B0433203B060202C1095E54C309DE501
S31533D1B830010053E10800001A283095E5030052E19F
S31533D1B8400500000A4C308DE5020053E14CC09D25ED
S31533D1B8500230633001B0433201B06C2000005BE378
S31533D1B8608AFEFF0A50009DE5044095E5000054E178
S31533D1B8700040A0210B0054E10B40A0210910A0E1D7
S31533D1B8800420A0E14C009DE55DF8FFEB043095E54E
S31533D1B89050109DE54C209DE5033064E0011064E002
S31533D1B8A0042082E0000053E350108DE54C208DE522
S31533D1B8B0043085E50030A0E3049089E00BB064E031
S31533D1B8C054308DE5C3FEFF1A1C3095E5000053E3A2
S31533D1B8D00730A0130030A0035B0400EA0D0057E311
S31533D1B8E00B00008A50B09DE500005BE3A9FEFF0A49
S31533D1B8F00130D9E413A78AE1087087E201B04BE26C
S31533D1B90000C0A0E30D0057E350B08DE554C08DE5AB
S31533D1B910F2FFFFEA0A49A0E11F200AE22449A0E156
S31533D1B9201D0052E3044085E50300008AA432A0E129
S31533D1B9301F1003E21D0051E30F00009A0930A0E333
S31533D1B940003085E524389FE5183086E524A085E592
S31533D1B950207085E5003096E5082096E550009DE5C3
S31533D1B960093063E0032082E0050086E9009086E55D
S31533D1B9704C109DE5341085E565FFFFEA013082E051
S31533D1B980014C83E2024084E2120054E31340A09384
S31533D1B990280096E50410A0E10420A0E30FE0A0E14E
S31533D1B9A020F096E5000050E30C0085E54AFEFF0A08
S31533D1B9B00030A0E3083085E5043083E2184085E5CD
S31533D1B9C0003085E52AA7A0E10E7047E2043095E52C
S31533D1B9D0082095E52335A0E1043083E2030052E113
S31533D1B9E01C00002A020057E30B00008A50209DE544
S31533D1B9F0000052E325FEFF0A0130D9E413A78AE1C9
S31533D1BA00087087E2012042E20030A0E3020057E317
S31533D1BA1050208DE554308DE5F2FFFFEA082095E5C8
S31533D1BA204C379FE50C1095E5020193E707300AE2CF
S31533D1BA30003181E7043095E52335A0E1012082E257
S31533D1BA40043083E2030052E1AAA1A0E1037047E2B5
S31533D1BA50082085E5E1FFFFEA08C095E512005CE3EE
S31533D1BA600900008A08379FE501008CE20C1193E770
S31533D1BA700C2095E50030A0E300C0A0E1120050E3DD
S31533D1BA80013182E7080085E5F4FFFFEA0040A0E300
S31533D1BA901310A0E30730A0E3103085E50C0095E50C
S31533D1BAA00430A0E110E085E214C085E20120A0E1A3
S31533D1BAB010508DE80C608DE502FCFFEB030070E38B
S31533D1BAC0B0369F05183086050700000A050070E3A6
S31533D1BAD00500001A140095E50610A0E117FAFFEB1D
S31533D1BAE094369FE5183086E50200E0E3004050E214
S31533D1BAF01000000A030074E30930A00354408DE5E6
S31533D1BB000030850524A085E5207085E5003096E59E
S31533D1BB10082096E550B09DE5093063E0032082E0F5
S31533D1BB2004B086E5082086E5009086E54CC09DE5D0
S31533D1BB3034C085E5E0FDFFEA0530A0E3084085E56D
S31533D1BB40003085E5044095E5043BA0E11F2004E2AE
S31533D1BB50A32D82E0012C82E2083095E5022082E2E0
S31533D1BB60020053E16700002A104095E5040057E1FE
S31533D1BB700B00002A50009DE5000050E305FEFF0A75
S31533D1BB800130D9E413A78AE1087087E2010040E294
S31533D1BB900010A0E3040057E150008DE554108DE534
S31533D1BBA0F2FFFFEAEC159FE5043191E7142095E5D1
S31533D1BBB003300AE0832182E0040092E50F0050E39B
S31533D1BBC00140D2E50700008A082085E20C0092E8CD
S31533D1BBD0077064E0020183E73AA4A0E1012082E24F
S31533D1BBE0082085E5D6FFFFEA120050E307C0A0034C
S31533D1BBF00EC040120C2084E00BE0A00303E0A01367
S31533D1BC00020057E10C00002A50309DE5000053E382
S31533D1BC10BEFDFF0A0130D9E450B09DE513A78AE1C1
S31533D1BC20087087E201B04BE20030A0E3020057E15E
S31533D1BC3050B08DE554308DE5F1FFFFEA3AA4A0E15A
S31533D1BC40077064E0044095E50C2191E71F3004E297
S31533D1BC50041BA0E102200AE007706CE0A13D83E02A
S31533D1BC603AACA0E108C095E502E08EE0013C83E22F
S31533D1BC70023083E20E208CE0030052E10400008AC5
S31533D1BC80100050E300005C030030A0130130A00351
S31533D1BC901000001A0930A0E3003085E5DC349FE586
S31533D1BCA0183086E524A085E5207085E5003096E504
S31533D1BCB0082096E550B09DE5093063E0032082E054
S31533D1BCC004B086E5082086E5009086E54CC09DE52F
S31533D1BCD034C085E58EFEFFEA100050E30C3095056E
S31533D1BCE00C318300042013050320A0110C3095E5C4
S31533D1BCF001E05EE20C2183E701C08CE2FAFFFF1A41
S31533D1BD0008C085E58EFFFFEA0610A0E1140095E55C
S31533D1BD108AF9FFEB0030A0E3143085E5093083E2AD
S31533D1BD2068308DE5033043E264308DE5044095E5E3
S31533D1BD301F3004E201BC83E210C49FE5A442A0E1E3
S31533D1BD400C0095E501B08BE270E08DE21F4004E241
S31533D1BD5008E04EE200C08DE5014084E260C08DE259
S31533D1BD600B10A0E120249FE5E8339FE508E08DE56C
S31533D1BD703C408DE538008DE504C08DE50C608DE50D
S31533D1BD8050FBFFEB004050E270008DE260E08DE274
S31533D1BD900C0040E234008DE504E04EE20C00000A9B
S31533D1BDA0030074E3D8339F05183086052400000A7F
S31533D1BDB0050074E32200001A60009DE50610A0E168
S31533D1BDC05EF9FFEBBC339FE5024084E2183086E55A
S31533D1BDD01B0000EA38109DE580C39FE50B0181E056
S31533D1BDE034B09DE50420A0E13C109DE574339FE545
S31533D1BDF000508DE808B08DE50C608DE531FBFFEB56
S31533D1BE00004050E20E00000A030074E370339F05FD
S31533D1BE10183086050700000A050074E30500001AB9
S31533D1BE205C009DE50610A0E144F9FFEB54339FE561
S31533D1BE30183086E5024084E260009DE50610A0E124
S31533D1BE403EF9FFEB000054E31000000A030074E31C
S31533D1BE500930A0030030850524A085E5207085E51A
S31533D1BE60003096E5082096E550C09DE5093063E06C
S31533D1BE70032082E0082086E5001286E84C009DE552
S31533D1BE800420A0E1340085E50500A0E10CFDFFEAED
S31533D1BE9068009DE564109DE560209DE55C309DE5A8
S31533D1BEA000608DE548FAFFEB004050E224FDFF0AEE
S31533D1BEB0182095E5280096E50221A0E10C1095E5E9
S31533D1BEC00FE0A0E124F096E50C4085E560309DE5A1
S31533D1BED0043085E55C309DE5083085E50630A0E351
S31533D1BEE0003085E524A085E5207085E5003096E5DB
S31533D1BEF0082096E550109DE5093063E0032082E0B2
S31533D1BF00009086E5060086E94C209DE5342085E50B
S31533D1BF1054B09DE5303095E530B08DE504C096E526
S31533D1BF20030052E10CA095E500B096E52CC08DE522
S31533D1BF3003306230204085E2900094E84CE09DE5B1
S31533D1BF40019043322D00003A290000EA247085E569
S31533D1BF50204085E52C109DE5003096E5082096E501
S31533D1BF600B3063E0041086E5032082E0082086E5B2
S31533D1BF7000B086E534E085E530209DE50500A0E1C6
S31533D1BF800610A0E1910200EA247085E5204085E5CB
S31533D1BF90003096E5082096E50B3063E02CC09DE55D
S31533D1BFA0032082E004C086E5EFFFFFEA247085E5FE
S31533D1BFB0204085E5003096E5082096E50B3063E0E1
S31533D1BFC02C009DE5032082E0040086E5E6FFFFEAF7
S31533D1BFD0247085E5204085E5003096E5082096E541
S31533D1BFE00B3063E0032082E02C309DE5043086E5C7
S31533D1BFF0DDFFFFEA2C3095E54CC09DE503906CE02F
S31533D1C00000309AE5090053E303F19F97620200EAC0
S31533D1C01038C0D13388C4D13370C5D133E4C5D133E4
S31533D1C020D0C6D13334C7D1334CC8D13310C9D13378
S31533D1C03040C9D13378C9D1334C319FE52C009DE5F5
S31533D1C040030059E1090050830801009A204085E560
S31533D1C050247085E5003096E5082096E50B3063E00C
S31533D1C060032082E0040086E500B086E5082086E524
S31533D1C07034E085E514B09AE5303095E51010DAE53C
S31533D1C0801120DAE528B08DE518C09AE503005EE1D3
S31533D1C09024C08DE503306E30800296E8244095E591
S31533D1C0A020C095E50EB0A0E1013043320D00003A00
S31533D1C0B00A0000EA201085E5244085E5003096E56F
S31533D1C0C002E0A0E1077062E0082096E5073063E02D
S31533D1C0D0032082E00E9089E00110A0E3CC0000EA80
S31533D1C0E02C3095E503306EE020308DE5A4309FE5D5
S31533D1C0F0022193E7011193E718208DE51C108DE5C5
S31533D1C10013005CE32500008A0130D7E4134C84E174
S31533D1C11008C08CE213005CE3019049E2F8FFFFEAF1
S31533D1C1207CBED23398BED233ACBED233C4BED23375
S31533D1C130DCBED23368AAD73364AAD733C4B0D133AA
S31533D1C140E8B0D133170100001F010000FCBAD73351
S31533D1C1509057D33304BBD7330C58D33300BBD733F0
S31533D1C160A056D33308BBD7331857D333FCBED233C8
S31533D1C17010BFD2335456D33334BFD2335CBFD23319
S31533D1C18080BFD2339CBFD233C0BFD233010100007B
S31533D1C190E0BFD233FCBFD2331056D33314C0D233EC
S31533D1C1A01C009DE528109DE5003004E08331A0E1E4
S31533D1C1B00300D1E7032081E0000050E36900000A90
S31533D1C1C00130D2E5100010E30CC063E03443A0E173
S31533D1C1D05900000A44101FE50F0000E2003191E700
S31533D1C1E0042092E5033004E00CC060E00E005CE33A
S31533D1C1F003E082E03440A0E10500008A0130D7E480
S31533D1C200134C84E108C08CE20E005CE3019049E221
S31533D1C210F8FFFFEA18209DE524109DE5023004E0AE
S31533D1C2208331A0E10300D1E7032081E00130D2E5A8
S31533D1C230100010E30CC063E03443A0E12D00000AB3
S31533D1C2400F0000E200005CE10500002A0130D7E49B
S31533D1C250134C84E108C08CE200005CE1019049E2E1
S31533D1C260F8FFFFEAD4301FE5003193E7042092E596
S31533D1C270281095E5033004E00CC060E03440A0E1EA
S31533D1C28020009DE5032082E00B3061E000006EE0B3
S31533D1C290020053E120008DE50600003A0B2062E01F
S31533D1C2A00130D2E40130CBE40130D2E40130CBE4F6
S31533D1C2B002E04EE20A0000EA020063E02C3095E553
S31533D1C2C000005EE1032060E00500009A0EE060E0F5
S31533D1C2D00130D2E4010050E20130CBE4FBFFFF1A47
S31533D1C2E0282095E50130D2E401E05EE20130CBE49A
S31533D1C2F0FBFFFF1A350000EA400010E30700001AAE
S31533D1C30070111FE5003191E7042092E5033004E043
S31533D1C3108331A0E10300D2E7032082E0C2FFFFEAF3
S31533D1C32094311FE5ACE1A0E107C00CE2183086E5C4
S31533D1C330244085E520C085E51C0000EA400010E3A2
S31533D1C3401100001AB4311FE5003193E7042092E589
S31533D1C350033004E08331A0E10300D2E7032082E046
S31533D1C360000050E394FFFFEA043092E50120D2E591
S31533D1C3700130CBE40CC062E03442A0E120209DE50C
S31533D1C380012042E220208DE5100000EA200010E39F
S31533D1C39007100CE2AC21A0E145FFFF1A14321FE599
S31533D1C3A0183086E5244085E5201085E502E0A0E105
S31533D1C3B0003096E507706EE0082096E5073063E0E6
S31533D1C3C0032082E00E9089E00210E0E3100000EA08
S31533D1C3D04C321FE520009DE5030050E10900598316
S31533D1C3E00010A0930110A08344FFFF8AACE1A0E1F2
S31533D1C3F007C00CE2244085E520C085E5003096E5BB
S31533D1C40007706EE0082096E5073063E0032082E0BB
S31533D1C4100E9089E0049086E5082086E5007086E59E
S31533D1C42034B085E5303085E2084093E830108DE578
S31533D1C430042096E500B096E52C208DE503005EE128
S31533D1C4402C30952503306E300190433203906E20D4
S31533D1C450000051E3204085E2900094E80300000ABE
S31533D1C460010051E30930A0130730A003250100EAB7
S31533D1C4701030DAE514209AE50C308AE50130A0E3A1
S31533D1C48008208AE500308AE50CC09AE50C0054E1E0
S31533D1C4900C00002A2C309DE5000053E3C2FEFF0A7F
S31533D1C4A00130DBE42C009DE5137487E1084084E247
S31533D1C4B0010040E20010A0E30C0054E12C008DE5DD
S31533D1C4C030108DE5F1FFFFEA38331FE50C3193E7B1
S31533D1C4D008209AE5033007E08331A0E10310D2E790
S31533D1C4E0032082E00130D2E5FF0001E2000050E3C0
S31533D1C4F0044063E03773A0E10430920508308A05EE
S31533D1C5000630A003FF00000A100011E30500000A2C
S31533D1C5100F3001E208308AE5043092E504308AE5FA
S31533D1C5200230A0E3F70000EA400011E35000000ADD
S31533D1C530200011E30730A013F200001A0930A0E32B
S31533D1C54000308AE5BC331FE5183086E5247085E59E
S31533D1C550204085E5003096E5082096E50B3063E03B
S31533D1C560032082E02C309DE5043086E5500000EA85
S31533D1C57008C09AE50C0054E10B00002A2C009DE546
S31533D1C580000050E370FEFF0A0130DBE4137487E118
S31533D1C590084084E2010040E20010A0E30C0054E1EC
S31533D1C5A02C008DE530108DE5F2FFFFEA1C341FE503
S31533D1C5B00C3193E704209AE5033007E01110DAE51D
S31533D1C5C018009AE5032082E00330A0E304208AE5FC
S31533D1C5D00C108AE508008AE500308AE504406CE020
S31533D1C5E0377CA0E10CC09AE50C0054E10B00002A4C
S31533D1C5F02C209DE5000052E374FEFF0A0130DBE4C3
S31533D1C600137487E1084084E2012042E20030A0E38B
S31533D1C6100C0054E12C208DE530308DE5F2FFFFEA65
S31533D1C62090341FE50C3193E708209AE5033007E0C0
S31533D1C6308331A0E10310D2E7032082E00130D2E582
S31533D1C640100011E3044063E03773A0E1FF0001E248
S31533D1C6500500000A0F3001E208308AE5043092E54D
S31533D1C6600C308AE50430A0E3A60000EA400011E39A
S31533D1C6700300001A0C008AE5043092E508308AE5C6
S31533D1C6805EFEFFEA0930A0E300308AE500351FE5C7
S31533D1C690183086E5247085E5204085E52CC09DE5A7
S31533D1C6A0003096E5082096E50B3063E004C086E585
S31533D1C6B0032082E0082086E50500A0E10610A0E13B
S31533D1C6C00220E0E300B086E534E085E5BF0000EA39
S31533D1C6D008C09AE50C0054E10B00002A2C009DE5E5
S31533D1C6E0000050E327FEFF0A0130DBE4137487E100
S31533D1C6F0084084E2010040E20010A0E30C0054E18B
S31533D1C7002C008DE530108DE5F2FFFFEA7C351FE540
S31533D1C7100C3193E70C209AE5033007E0032082E00E
S31533D1C7200530A0E30C208AE500308AE504406CE07D
S31533D1C730377CA0E1283095E50C109AE50E3063E0CD
S31533D1C740010053E12C2095350130633002C063307B
S31533D1C75004309AE50EC06120000053E33800000A55
S31533D1C760000059E32900001A2C0095E500005EE15B
S31533D1C7700A00001A303095E5282095E5020053E1B9
S31533D1C7800600000A030052E103306230019043328E
S31533D1C79000906220000059E302E0A0E11B00001AA9
S31533D1C7A034E085E530209DE50610A0E10500A0E112
S31533D1C7B014C08DE566F8FFEB30008DE5302085E288
S31533D1C7C0044092E802005EE12C3095252C1095E594
S31533D1C7D002306E300190433203906E2001005EE118
S31533D1C7E014C09DE50700001A283095E5030052E1C0
S31533D1C7F00400000A020053E103E0A0E102306330C2
S31533D1C8000190433201906E20000059E3E6FDFF0AD1
S31533D1C8100130DCE40130CEE40020A0E32C3095E5C1
S31533D1C82030208DE503005CE104309AE528C09505C7
S31533D1C830013043E2019049E2000053E304308AE503
S31533D1C840C5FFFFEA0030A0E32E0000EA000059E32A
S31533D1C8502700001A2C0095E500005EE10A00001A84
S31533D1C860303095E5282095E5020053E10600000ADC
S31533D1C870030052E10330623001904332009062209B
S31533D1C880000059E302E0A0E11900001A34E085E54E
S31533D1C89030209DE50610A0E10500A0E12CF8FFEB91
S31533D1C8A030008DE5302085E2044092E802005EE126
S31533D1C8B02C3095252C1095E502306E3001904332CC
S31533D1C8C003906E2001005EE10700001A283095E50A
S31533D1C8D0030052E10400000A020053E103E0A0E170
S31533D1C8E0023063300190433201906E20000059E318
S31533D1C8F095FDFF0A08309AE50130CEE40030A0E346
S31533D1C90030308DE5019049E200308AE5BBFDFFEA4F
S31533D1C91034E085E530209DE50500A0E10610A0E1A0
S31533D1C9200BF8FFEB30008DE5303085E2084093E8E4
S31533D1C9300E0053E1A5FDFF1A0830A0E300308AE596
S31533D1C940247085E5204085E5003096E5082096E5C7
S31533D1C9500B3063E02CC09DE5032082E0082086E5C9
S31533D1C9600500A0E10610A0E10120A0E3001886E876
S31533D1C97034E085E5150000EA247085E5204085E568
S31533D1C980003096E5082096E50B3063E02C009DE523
S31533D1C990032082E0040086E545FFFFEA247085E56E
S31533D1C9A0204085E5003096E5082096E52C109DE5A7
S31533D1C9B00B3063E0032082E0060086E900B086E5DA
S31533D1C9C034E085E50500A0E10610A0E10120E0E3DE
S31533D1C9D0DFF7FFEB54008DE5010050E336FAFF1A4A
S31533D1C9E00C0095E50610A0E14CF6FFEB0610A0E15D
S31533D1C9F0080095E551F6FFEB040095E50610A0E165
S31533D1CA004EF6FFEB342095E54C208DE500B0A0E30F
S31533D1CA10303095E554B08DE5001296E850C08DE5AA
S31533D1CA20030052E12C3095254C009D2503306230DD
S31533D1CA3001B0433203B060201C3095E5000053E397
S31533D1CA40207085E2800497E80100001A003085E52D
S31533D1CA5060FAFFEA070057E350109D850730A0E30C
S31533D1CA600110818250108D85003085E5087047825B
S31533D1CA70019049824C209DE5342085E554209DE5AE
S31533D1CA800500A0E10610A0E1B1F7FFEB54008DE527
S31533D1CA90343095E54C308DE54CB09DE5303095E568
S31533D1CAA00B0053E13BFAFF1A0830A0E3003085E59A
S31533D1CAB024A085E5207085E5003096E5082096E5F6
S31533D1CAC050C09DE5093063E0032082E0082086E536
S31533D1CAD0001286E84C009DE50610A0E1340085E5C9
S31533D1CAE00120A0E30500A0E11A0000EA24A085E5E0
S31533D1CAF0207085E5003096E5082096E550109DE502
S31533D1CB00093063E0032082E0060086E9009086E5AA
S31533D1CB104C209DE5342085E5FDFAFFEA24A085E551
S31533D1CB20207085E5003096E5082096E5093063E037
S31533D1CB30032082E050309DE5082086E5043086E532
S31533D1CB40009086E54CB09DE534B085E50500A0E18E
S31533D1CB500610A0E10120E0E37DF7FFEB58C09DE558
S31533D1CB6005005CE30070A0E10D00001A042096E5C0
S31533D1CB70000052E30A00001A103096E5000053E361
S31533D1CB800700000A1C3096E5141093E5003091E581
S31533D1CB90010053E30200E0130200A0010020810516
S31533D1CBA00070A0E1030077E30500001A1C2096E557
S31533D1CBB00830A0E3003082E51C2096E5083043E205
S31533D1CBC05D0000EA010057E36600001A1C3096E592
S31533D1CBD00610A0E1042083E2140093E5E7F5FFEBD9
S31533D1CBE01C2096E50C3092E5000053E3017047E201
S31533D1CBF00730A0130030821544F9FF1A0330A0E36E
S31533D1CC00003082E5042096E5000052E35200000A53
S31533D1CC10083096E5012042E2013083E20C0086E901
S31533D1CC20003096E50120D3E41C1096E5022CA0E121
S31533D1CC30003086E5082081E51C2096E50430A0E353
S31533D1CC40003082E50070A0E3042096E5000052E37C
S31533D1CC504100000A083096E5012042E2013083E2F1
S31533D1CC600C0086E9002096E51C0096E50110D2E446
S31533D1CC70083090E5013883E0002086E5083080E539
S31533D1CC801C2096E50530A0E3003082E50070A0E3A1
S31533D1CC90042096E5000052E32F00000A083096E5CA
S31533D1CCA0012042E2013083E20C0086E9002096E589
S31533D1CCB01C0096E50110D2E4083090E5013483E0C7
S31533D1CCC0002086E5083080E51C2096E50630A0E3C2
S31533D1CCD0003082E50070A0E3042096E5000052E3EC
S31533D1CCE01D00000A083096E5012042E2013083E285
S31533D1CCF00C0086E9002096E51C0096E50110D2E4B6
S31533D1CD00083090E5013083E0002086E5083080E5B0
S31533D1CD101C1096E50C0091E9030052E10070A0E3B3
S31533D1CD200700000A0830A0E3003081E5983B1FE5C0
S31533D1CD301C2096E5183086E50530A0E3043082E52C
S31533D1CD40F2F8FFEA0730A0E3003081E50100A0E332
S31533D1CD500D0000EA0100E0E30B0000EA58009DE53F
S31533D1CD60050050E30100000A0700A0E1060000EAFE
S31533D1CD701C2096E50830A0E3003082E51C2096E5E9
S31533D1CD80083043E2043082E50200E0E353DE8DE23C
S31533D1CD90F08EBDE8F04E2DE90078A0E104D04DE216
S31533D1CDA0009051E220A8A0E100208DE52778A0E1BB
S31533D1CDB00100A0034F00000A00309DE5000053E384
S31533D1CDC04B00000A34319FE500B09DE503005BE1AA
S31533D1CDD003B0A02100309DE503306BE000308DE503
S31533D1CDE00F005BE3320000DA0130D9E40120D9E414
S31533D1CDF00110D9E40100D9E401C0D9E401E0D9E481
S31533D1CE000140D9E40150D9E40160D9E4037087E014
S31533D1CE1007A08AE00130D9E4027087E007A08AE01F
S31533D1CE20017087E007A08AE0007087E00100D9E47A
S31533D1CE3007A08AE00C7087E00120D9E407A08AE005
S31533D1CE400E7087E007A08AE0047087E00110D9E439
S31533D1CE5007A08AE0057087E007A08AE0067087E0ED
S31533D1CE6007A08AE0037087E00130D9E407A08AE0CE
S31533D1CE70007087E007A08AE0027087E00120D9E409
S31533D1CE8007A08AE0017087E007A08AE0037087E0C4
S31533D1CE900130D9E407A08AE0027087E007A08AE09F
S31533D1CEA010B04BE2037087E00F005BE307A08AE053
S31533D1CEB0CBFFFFEA00005BE30400000A0130D9E47B
S31533D1CEC001B05BE2037087E007A08AE0FAFFFF1A6D
S31533D1CED00700A0E128109FE5A80300EB20109FE5BA
S31533D1CEE00070A0E10A00A0E1A40300EB00A0A0E109
S31533D1CEF0B0FFFFEA0A0887E104D08DE2F08EBDE8B0
S31533D1CF00B0150000F1FF0000A4209FE55634A0E30D
S31533D1CF1004E02DE5002083E598209FE598109FE521
S31533D1CF20102083E594009FE594C09FE594209FE537
S31533D1CF3018C083E5201083E5280083E5301083E5D7
S31533D1CF40380083E5401083E5480083E5502083E5F7
S31533D1CF50FF20A0E3582083E56C209FE5602083E54D
S31533D1CF6068209FE5682083E5642093E5642083E5D3
S31533D1CF705C209FE5702083E558209FE578C083E513
S31533D1CF80D02083E550209FE5D82083E5002098E54E
S31533D1CF90C130A0E3143082E540309FE5002098E5D7
S31533D1CFA0183082E5090200EB1B0200EB0000A0E347
S31533D1CFB004F09DE4FFFF7F0055550500AAAAAAAA1E
S31533D1CFC0FFFF0000FF070000AA550000BAFF94FF08
S31533D1CFD0EFFF0000AAFA2A00AAAAAA02FF1F00006D
S31533D1CFE000010030002098E50332A0E31C3082E5FE
S31533D1CFF0002098E5353383E20000A0E3203082E583
S31533D1D0000EF0A0E1F04E2DE90060A0E304D04DE25D
S31533D1D01030519FE500608DE50670A0E106A0A0E111
S31533D1D02006B0A0E10690A0E118C19FE518319FE57E
S31533D1D0300040A0E358008CE2083085E50236A0E300
S31533D1D0400410A0E10C308AE700008AE01330A0E364
S31533D1D0501320A0E3B430C5E155F2FFEB040057E119
S31533D1D0600740A001E4009F159AF4FF1BB430D5E1F4
S31533D1D0700000A0E3030050E1160000AAC4209FE5C7
S31533D1D08000308BE00018A0E1033182E0030050E396
S31533D1D090031841E201C040E20C1083C50A0000CA2D
S31533D1D0A0000050E3003089E08016A0E1033182E0FD
S31533D1D0B00C408505021A81E201005CE30C1083959D
S31533D1D0C0030050E30239A00318308505B430D5E1D6
S31533D1D0D0010080E2E6FFFFEA00209DE564409FE54B
S31533D1D0E0017087E2023194E7000057E31B2082E2D5
S31533D1D0F0036086E01B9089E21BB08BE200208DE57D
S31533D1D1006CA08AE26C5085E2C6FFFFDA40309FE5E8
S31533D1D110002093E50100A0E30430A0E1012042E2EF
S31533D1D1200010A0E39BE1FFEB0430A0E10100A0E3C3
S31533D1D1301F18A0E31C209FE596E1FFEB0600A0E183
S31533D1D14004D08DE2F08EBDE80CBBD7335B22010020
S31533D1D1502CC0D2336C61D333FFFF200030402DE95D
S31533D1D160083090E52338A0E10338A0E1010853E331
S31533D1D1700050A0E1C0009F05C0009F1560DBFFEBD7
S31533D1D180B820D5E1B8309FE5030052E10400000A57
S31533D1D1905F3083E2030052E1A8009F050400000A01
S31533D1D1A0010000EAA0009FE5010000EA9C009FE55B
S31533D1D1B01F0000EA52DBFFEB001095E590009FE5A7
S31533D1D1C0211AA0E1B420D5E14DDBFFEB84009FE5F5
S31533D1D1D04BDBFFEBB430D5E10040A0E3030054E1A0
S31533D1D1E0120000AA0510A0E30400A0E1A30200EBCC
S31533D1D1F0000050E360009FE541DBFF0B053084E04F
S31533D1D2005810D3E554309FE5040185E0000051E34E
S31533D1D2104C209FE50C1090E50320A00144009FE5F7
S31533D1D22037DBFFEBB430D5E1014084E2EAFFFFEAE5
S31533D1D23034009FE53040BDE831DBFFEA50C0D2330D
S31533D1D24058C0D2335B22000068C0D23384C0D233C4
S31533D1D250A0C0D233B4C0D233D4C0D233F0C0D23398
S31533D1D260F8C0D23300C1D23308C1D23380A9D23335
S31533D1D270F04E2DE9E4319FE50090A0E1080090E529
S31533D1D280030050E108D04DE20150A0E102A0A0E164
S31533D1D29000B0A0E34000A0036E00000A020051E1C2
S31533D1D2A00030A0D30130A0C3A13F93E10800A0132E
S31533D1D2B06800001A2038A0E10338A0E1010853E30E
S31533D1D2C02000A0136300001A020051E10140A0E10E
S31533D1D2D00B20A0E10E0000CA093084E05830D3E5E3
S31533D1D2E0014084E2000053E3012082120A0054E163
S31533D1D2F0F8FFFFDA000052E30400A0135500001AF9
S31533D1D300030000EA80B0A0E3490000EA01B0A0E30C
S31533D1D310470000EA3B0100EB00008DE5320100EB1B
S31533D1D320948DFFEB0540A0E104008DE5370000EA8B
S31533D1D3302C319FE5F000A0E30460A0E3B000C3E154
S31533D1D340260000EA0410A0E118019FE5ECDAFFEBE1
S31533D1D350448EFFEB093084E05810D3E5000051E316
S31533D1D3602700001A043189E00C7093E5F8209FE544
S31533D1D370EC309FE5AA00A0E30160A0E15510A0E30C
S31533D1D380B000C3E1B010C2E18000A0E3AA10A0E39C
S31533D1D390B000C3E1B010C3E13000A0E35530A0E310
S31533D1D3A0B030C2E1B000C7E1B030D7E10350A0E12C
S31533D1D3B0398EFFEBB4309FE5030050E1DBFFFF8AB3
S31533D1D3C0000056E30500001A800015E3016086128A
S31533D1D3D00200001A200015E3F2FFFF0A0260A0E330
S31533D1D3E07C309FE5F010A0E3020056E3B010C3E1E1
S31533D1D3F0C3FFFF0A040056E3C3FFFF0A70009FE55C
S31533D1D400000000EA6C009FE5BDDAFFEB014084E210
S31533D1D4100A0054E1020000CAD2DAFFEB000050E32E
S31533D1D420C7FFFF0ACFDAFFEB000050E348009F1561
S31533D1D430B3DAFF1B44009FE5528EFFEB04209DE503
S31533D1D440000052E3478DFF1B00309DE5000053E3C7
S31533D1D450DE00001B0B00A0E108D08DE2F08EBDE8D3
S31533D1D460FFFF0000AA0A000014C1D23354050000CD
S31533D1D470943577002CC1D23334C1D23340C1D23370
S31533D1D48010270000F04E2DE9B030D1E10228A0E1CA
S31533D1D490223803E02278A0E1070053E10140A0E12D
S31533D1D4A000A0A0E30200A013F08EBD18010000EA5C
S31533D1D4B00650A0E3250000EAD20000EB00B0A0E18C
S31533D1D4C0C90000EB2B8DFFEBB8209FE5AA10A0E363
S31533D1D4D0B4309FE5B010C2E15510A0E3B010C3E12B
S31533D1D4E02030A0E3A010A0E3B030C2E1B010C4E144
S31533D1D4F0B070C4E10090A0E1DA8DFFEB0A50A0E120
S31533D1D500B030D4E10360A0E1E38DFFEB7C309FE50E
S31533D1D510030050E1802006E2801007E2E3FFFF8A61
S31533D1D520000055E30900001A010052E1015085028A
S31533D1D5300600000A200016E3F0FFFF0AB030D4E12B
S31533D1D540803003E2010053E10250A0130150A0030E
S31533D1D550F030A0E3020055E3B030C4E10200000A53
S31533D1D560B030D4E1070053E10000000A80A0A0E334
S31533D1D570000059E3FB8CFF1B00005BE39300001BD8
S31533D1D5800A00A0E1F08EBDE8AA0A000054050000D6
S31533D1D59094357700F0402DE901E012E20070A0E135
S31533D1D5A00160A0E10340A0E10150C2E32F00000A9C
S31533D1D5B000C0A0E30E005CE10C10A0E10500A0E1B0
S31533D1D5C0050000AA0130D0E4011081E20334A0E191
S31533D1D5D00E0051E12CC483E1F8FFFFEA010051E398
S31533D1D5E00030A0C30130A0D3000054E30030A003F0
S31533D1D5F0000053E30C00000A014054E20120D6E483
S31533D1D6000030A0030130A013011081E2010051E3B0
S31533D1D6100030A0C3013003D20224A0E1000053E38A
S31533D1D6202CC482E1010080E2F1FFFFEA010051E32C
S31533D1D630000054D30600001A0130D0E4011081E240
S31533D1D6400334A0E1010051E3000054D32CC483E168
S31533D1D650F7FFFFEA0C20A0E10700A0E10510A0E116
S31533D1D66087FFFFEB000050E3F080BD18025085E20F
S31533D1D670010054E30900009AB020D6E10510A0E1A8
S31533D1D6800700A0E17EFFFFEB000050E3024044E206
S31533D1D690026086E2025085E2F080BD18F3FFFFEADD
S31533D1D6A0000054E30400A001F080BD0800C0A0E31C
S31533D1D6B00C10A0E10500A0E1014054E20030A003F3
S31533D1D6C00130A013011081E20120D6E4010051E3E8
S31533D1D6D00030A0C3013003D20224A0E1000053E3CA
S31533D1D6E02CC482E1010080E2F2FFFF1A010051E33B
S31533D1D6F0050000CA0130D0E4011081E20334A0E140
S31533D1D700010051E32CC483E1F8FFFFEA0700A0E11E
S31533D1D7100510A0E10C20A0E1F040BDE858FFFFEAA7
S31533D1D720100F11EE0EF0A0E1100F01EEFBFFFFEA61
S31533D1D73004D04DE20030A0E300308DE500309DE5D5
S31533D1D740630053E300309DD5013083D2F9FFFFDA3D
S31533D1D75004D08DE20EF0A0E124309FE5003093E57D
S31533D1D760013743E2843043E218209FE5011A43E27D
S31533D1D770001082E510209FE50000A0E3003082E55A
S31533D1D7800EF0A0E14400D0335C00D0335800D0330F
S31533D1D79004E02DE5778CFFEB103F11EE013AC3E36D
S31533D1D7A00430C3E3103F01EE0030A0E3173F07EE59
S31533D1D7B00000A0E304F09DE404E02DE56D8CFFEB8E
S31533D1D7C00000A0E3968DFFEB0000A0E304F09DE4C7
S31533D1D7D010402DE9D1FFFFEB0040A0E1D3FFFFEBA2
S31533D1D7E0010A84E31040BDE8CEFFFFEA10402DE9AC
S31533D1D7F0CAFFFFEB0040A0E1CCFFFFEB010AC4E344
S31533D1D8001040BDE8C7FFFFEA04E02DE5C3FFFFEBC8
S31533D1D8102006A0E1010000E204F09DE410402DE999
S31533D1D820BEFFFFEB0040A0E1C0FFFFEB040084E372
S31533D1D8301040BDE8BBFFFFEA10402DE9B7FFFFEB40
S31533D1D8400040A0E1B9FFFFEB0400C4E31040BDE8CB
S31533D1D850B4FFFFEA04E02DE5B0FFFFEB2001A0E1F1
S31533D1D860010000E204F09DE404E02DE55C8EFFEB8C
S31533D1D870081098E50112A0E17C8EFFEB0522A0E3D7
S31533D1D8800730A0E3083082E5073043E20C3082E536
S31533D1D890033083E2003082E518309FE5010040E260
S31533D1D8A0043082E5280082E56330A0E3013053E2C8
S31533D1D8B0FDFFFF5A04F09DE44502000004E02DE557
S31533D1D8C0E8FFFFEB0000A0E304F09DE40522A0E3DB
S31533D1D8D0103092E5010013E3FCFFFF0A2400D2E5B1
S31533D1D8E00EF0A0E1FF0000E20522A0E3103092E56D
S31533D1D8F0020013E3FCFFFF0A0A0050E32000C2E51E
S31533D1D9000EF0A011030080E2F5FFFFEA0532A0E362
S31533D1D910100093E5010000E20EF0A0E110402DE9AD
S31533D1D9200040A0E10000D0E5000050E31080BD08EF
S31533D1D930EBFFFFEB0100F4E5000050E3FBFFFF1AE9
S31533D1D9401080BDE804E02DE505C2A0E310309CE597
S31533D1D95074E09FE5002050E20120A013010013E3C8
S31533D1D9600030A0E300308EE50700001A000052E301
S31533D1D9700200000A000050E30300000A010040E22E
S31533D1D98010309CE5010013E3F6FFFFEA000050E3C4
S31533D1D9900030A01301300202000053E30000A0137C
S31533D1D9A0FF30A0130400001A2420DCE514309CE5A3
S31533D1D9B00F3013E2FF0002E204F09D04000051E37D
S31533D1D9C000308EE50030811504F09DE478BBD73332
S31533D1D9D004E02DE5DAFFFFEBFF0000E204F09DE42E
S31533D1D9E0010071E34E24A0E304309205043092153D
S31533D1D9F0023083030230C313043082E50EF0A0E143
S31533D1DA00011041E23C2190E5040051E301F19F97A6
S31533D1DA100C0000EA28DAD13328DAD13334DAD133E8
S31533D1DA2048DAD1333CDAD13320009FE520109FE554
S31533D1DA3033D9FFEA1C309FE5000000EA18309FE561
S31533D1DA40043082E50EF0A0E110309FE5FBFFFFEA0B
S31533D1DA5054C1D2338844D2330800004E0C00004E21
S31533D1DA601000004E4E34A0E3200093E5010000E2CE
S31533D1DA700EF0A0E104E02DE54E24A0E3003098E585
S31533D1DA80423EA0E3003082E51130A0E3043082E593
S31533D1DA90003098E5143093E5C10053E354E09FE564
S31533D1DAA054209FE554309FE554109FE50700001A63
S31533D1DAB0343080E50030A0E304E080E5302080E5E2
S31533D1DAC0241080E5883080E500E080E5060000EA61
S31533D1DAD0343080E50030A0E304E080E5302080E5C2
S31533D1DAE0241080E5883080E500E080E50130A0E37D
S31533D1DAF0543080E504F09DE41000004E00DAD13382
S31533D1DB0064DAD133E0D9D133203052E220C062E264
S31533D1DB101112A0411013A051301C81411002A0E142
S31533D1DB200EF0A0E1203052E220C062E23002A041B1
S31533D1DB305103A051110C80415112A0E10EF0A0E155
S31533D1DB40000051E301C020E04200000A00106142D7
S31533D1DB50012051E22700000A0030B0E100306042A3
S31533D1DB60010053E12600009A020011E12800000A90
S31533D1DB700E0211E38111A0010820A0030120A013C5
S31533D1DB80010251E3030051310112A0310222A031F6
S31533D1DB90FAFFFF3A020151E3030051318110A0312B
S31533D1DBA08220A031FAFFFF3A0000A0E3010053E10E
S31533D1DBB00130432002008021A10053E1A13043201B
S31533D1DBC0A2008021210153E1213143202201802139
S31533D1DBD0A10153E1A1314320A2018021000053E3B6
S31533D1DBE02222B0112112A011EFFFFF1A00005CE3FC
S31533D1DBF0000060420EF0A0E100003CE1000060423B
S31533D1DC000EF0A0E10000A033CC0FA00101008003B8
S31533D1DC100EF0A0E1010851E32118A0211020A02351
S31533D1DC200020A033010C51E32114A02108208222F4
S31533D1DC30100051E32112A02104208222040051E3A2
S31533D1DC4003208282A120829000005CE33302A0E1DB
S31533D1DC50000060420EF0A0E104E02DE5988EFFEB93
S31533D1DC600000A0E304F09DE40000A0E10000A0E1B0
S31533D1DC700000A0E10000A0E10000A0E10000A0E196
S31533D1DC80000051E33200000A0010614200C0B0E116
S31533D1DC9000006042012051E2010050110000A0037F
S31533D1DCA002001181020000002600009A0020A0E371
S31533D1DCB0010251E3000051310112A03104208232E5
S31533D1DCC0FAFFFF3A020151E3000051318110A031FD
S31533D1DCD001208232FAFFFF3A032052E20E0000BA14
S31533D1DCE0010050E101004020A10050E1A1004020C4
S31533D1DCF0210150E121014020A10150E1A101402070
S31533D1DD00010050E32112A0E1042052A2F3FFFFAA6E
S31533D1DD10030012E3000030130A00000A020072E353
S31533D1DD20060000BA0200000A010050E1010040208A
S31533D1DD30A110A0E1010050E101004020A110A0E1E2
S31533D1DD40010050E10100402000005CE30000604255
S31533D1DD500EF0A0E104E02DE5598EFFEB0000A0E3F0
S31533D1DD6004F09DE40000A0E10000A0E10000A0E1B1
S31533D1DD700000A0E10000A0E10000A0E10000A0E195
S31533D1DD80000051E32600000A0130A0E3010050E13F
S31533D1DD900EF0A031010251E3000051310112A0310D
S31533D1DDA00332A031FAFFFF3A020151E30000513178
S31533D1DDB08110A0318330A031FAFFFF3A0020A0E39E
S31533D1DDC0010050E101004020A10050E1A1004020E3
S31533D1DDD0E3208221210150E1210140206321822197
S31533D1DDE0A10150E1A1014020E321822103C0A0E169
S31533D1DDF0000050E32332B0112112A011EEFFFF1AE6
S31533D1DE000E2212E20EF0A001EC0112E1A101801033
S31533D1DE106C0112E121018010EC0012E1A1008010D6
S31533D1DE200EF0A0E104E02DE5258EFFEB0000A0E353
S31533D1DE300080BDE8F04E2DE914D04DE210008DE5CA
S31533D1DE400C108DE50390A0E1003098E558039FE59A
S31533D1DE5002B0A0E104308DE538509DE54AD2FFEBCF
S31533D1DE6048739FE5143097E5FF2C03E20224A0E1F2
S31533D1DE70032C82E1FF1803E2212482E1233C82E1A0
S31533D1DE8002005BE300008DE508308DE50040A0E369
S31533D1DE90650000DA1020A0E30410A0E1080099E56B
S31533D1DEA035EFFFEB0010A0E10060A0E100039FE561
S31533D1DEB013D8FFEB0610A0E14020A0E30700A0E181
S31533D1DEC0CFEEFFEB001097E5FF3C01E20334A0E13F
S31533D1DED0FF2801E2013C83E1223483E1D4229FE559
S31533D1DEE0213C83E1020053E10600000AC8029FE5D3
S31533D1DEF003D8FFEB10009DE50C109DE50B20A0E177
S31533D1DF000930A0E12BFEFFEB043097E5FF4C03E25A
S31533D1DF100444A0E1FF2803E2034C84E100A0A0E34B
S31533D1DF20224484E10A00A0E10710A0E14020A0E316
S31533D1DF30234C84E104A087E5FEECFFEB040050E1EA
S31533D1DF400750A0E10600000A70029FE5ECD7FFEB3C
S31533D1DF5010009DE50C109DE50B20A0E10930A0E121
S31533D1DF6014FEFFEB0500A0E168B1FFEB0C1097E58A
S31533D1DF70FF3C01E20334A0E1FF2801E2013C83E116
S31533D1DF80223483E13C209DE5000052E3214C83E1E9
S31533D1DF90405086E21700000A24029FE5D8D7FFEB1B
S31533D1DFA00510A0E10420A0E10A00A0E1E1ECFFEBEA
S31533D1DFB0183097E5FF2C03E20224A0E1032C82E14A
S31533D1DFC0FF1803E2212482E1232C82E1020050E1BE
S31533D1DFD00600000AEC019FE5C9D7FFEB10009DE59A
S31533D1DFE00C109DE50B20A0E10930A0E1F1FDFFEB4B
S31533D1DFF0D4019FE5C2D7FFEB1C3097E5CC219FE502
S31533D1E000FF34C3E3020053E11200000AC0019FE596
S31533D1E010BBD7FFEB10009DE50C109DE50B20A0E19E
S31533D1E0200930A0E1E3FDFFEB0A0000EA1E30D7E564
S31533D1E030040053E30700001A043095E5000053E397
S31533D1E0400400000A0120A0E3012082E2023195E7E0
S31533D1E050000053E3FBFFFF1A04309DE574019FE5BE
S31533D1E060182093E570319FE5002080E5043082E5B1
S31533D1E070002090E50530A0E3003082E5003090E50D
S31533D1E0800010A0E3081083E5003090E50C1083E54A
S31533D1E090003090E5101083E50B0000EA002090E5BF
S31533D1E0A038319FE5043082E5002090E50430A0E392
S31533D1E0B0003082E5002090E51C309CE50C3082E5BA
S31533D1E0C020209CE5003090E5082083E5003090E5AB
S31533D1E0D0002093E5023183E0003080E504309DE5BD
S31533D1E0E0000051E381C183E0011081E2EAFFFFDA17
S31533D1E0F000309DE5000053E31900000A0360A0E127
S31533D1E1000030D3E5200053E30130F605FCFFFF0A97
S31533D1E1100030D6E5000053E31100000AB4409FE541
S31533D1E120BC309FE5002094E5043082E50600A0E1BA
S31533D1E130005094E57DEDFFEB0D0080E22001A0E1A7
S31533D1E140000085E5000094E50610A0E1080080E2E1
S31533D1E15021EDFFEB003094E5002093E5023183E0E6
S31533D1E160003084E56C209FE5003092E50040A0E392
S31533D1E170044083E5003092E568009FE5004083E5AE
S31533D1E1805FD7FFEB81FDFFEB04309DE50400A0E1C2
S31533D1E190141083E2060091E808309DE50FE0A0E143
S31533D1E1A003F0A0E114D08DE2F08EBDE8C867D23347
S31533D1E1B0E894D33368C1D233561905278C66D23313
S31533D1E1C0A066D2335C65D233B866D2338C65D2335B
S31533D1E1D00502030090C1D2337CBBD73301004154FE
S31533D1E1E00200415409004154ACC1D2330EF0A0E1FF
S31533D1E1F0F0402DE9203090E5083093E50930D3E569
S31533D1E200FC709FE5833083E0833183E0033187E04C
S31533D1E2100C3093E5141090E5E8509FE5031081E077
S31533D1E2200040A0E14C20A0E30500A0E1F4EDFFEBE3
S31533D1E230D4609FE5003095E5060053E11000000A1E
S31533D1E240203094E5083093E50930D3E5833083E044
S31533D1E250833183E0033187E00C3093E5141094E5B1
S31533D1E260031081E0021C81E20500A0E14C20A0E33A
S31533D1E270E3EDFFEB003095E5060053E18C009F15B6
S31533D1E2800600001A082095E57F3EC2E30F30C3E37B
S31533D1E290000053E36C109FE50300000A70009FE53D
S31533D1E2A017D7FFEB0000E0E3F080BDE8B034D1E11E
S31533D1E2B00F3A03E2010953E358009F15F7FFFF1ACB
S31533D1E2C0483091E52333A0E10311B0E10200001ABE
S31533D1E2D044009FE50AD7FFEB070000EA010B12E3AF
S31533D1E2E00500001A4C0051E3930F51130200000A73
S31533D1E2F028009FE502D7FFEBE9FFFFEA0000A0E351
S31533D1E300F080BDE80CBBD73380BBD733453DCD2861
S31533D1E310C4C1D233DCC1D23308C2D2332CC2D23305
S31533D1E32048C2D233F04E2DE910D04DE230C09DE5FF
S31533D1E3300C008DE504C08DE508308DE50190A0E163
S31533D1E3400270A0E10060A0E3070056E13700002A4E
S31533D1E3500C209DE5093082E0065083E00830D5E5BF
S31533D1E3603F3003E20341A0E1043086E00CB083E2CF
S31533D1E3700CA085E2000054E304308AE00000E003C8
S31533D1E3802D00000A013053E5000053E30140440226
S31533D1E390F7FFFF0A04009DE50A10A0E10420A0E1AE
S31533D1E3A0C4ECFFEB000050E31E00001A90109FE53A
S31533D1E3B039EDFFEB08309DE5000053E30400000A45
S31533D1E3C0000050E30E00000A0030D0E5000053E3DD
S31533D1E3D00B00000AB0C0D5E10F3A0CE2010953E381
S31533D1E3E00500001A0C0095E92333A0E10391A0E18E
S31533D1E3F0FF74C2E304008DE5D1FFFFEA020953E38B
S31533D1E4000100001A060089E00B0000EA0410A0E1EE
S31533D1E4100A30A0E12C009FE50420A0E100C08DE5B0
S31533D1E420B7D6FFEB030000EA0B60A0E1C5FFFFEAE5
S31533D1E43014009FE5B2D6FFEB0000A0E310D08DE2F6
S31533D1E440F08EBDE8A44ED23368C2D2338CC2D23326
S31533D1E450F04E2DE9016080E0043096E5081096E55B
S31533D1E460FF34C3E3FF3E83E22113A0E10F3083E2CE
S31533D1E470233681E00341A0E10090A0E10270A0E10F
S31533D1E48001B180E0680100EB043096E5FF34C3E394
S31533D1E490FF3E83E200A0A0E30F3083E223065AE1A5
S31533D1E4A00A50A0E1100000AA05219BE70700A0E19D
S31533D1E4B0022064E0041089E0480100EB000050E308
S31533D1E4C000A08AE0007087E0F08EBDB8043096E5BF
S31533D1E4D0FF34C3E3FF3E83E20F3083E205419BE74B
S31533D1E4E0015085E2230655E1EDFFFFEA660100EBE4
S31533D1E4F00A00A0E1F08EBDE8F0442DE90070A0E129
S31533D1E50004D04DE20100A0E10150A0E10240A0E1E7
S31533D1E51036FFFFEB006050E2A8A09FE5A8109FE538
S31533D1E5200400A0E10030E0E32300001ADAECFFEB7C
S31533D1E530203095E5083093E50930D3E58C209FE536
S31533D1E540833083E0833183E0081092E503318AE067
S31533D1E5500CC093E5042092E5143095E52113A0E15F
S31533D1E56000008DE50111A0E10C0083E0FF24C2E365
S31533D1E5700630A0E16AFFFFEB000050E30720A0E1AC
S31533D1E5800010A0E10030A0E10B00000A203095E560
S31533D1E590083093E50930D3E5833083E0833183E0A3
S31533D1E5A003318AE014C095E50C0093E500008CE085
S31533D1E5B004D08DE2F044BDE8A4FFFFEA0300A0E125
S31533D1E5C004D08DE2F084BDE80CBBD733A44ED2331D
S31533D1E5D0C0BBD733F04E2DE9203090E5083093E5E3
S31533D1E5E00930D3E52CB19FE5833083E0833183E0A2
S31533D1E5F003318BE00C2093E5143090E5023083E080
S31533D1E600015083E00830D5E53F3003E20341A0E141
S31533D1E6101CD04DE20060A0E101A0A0E10C7085E2EF
S31533D1E6200490A0E1000054E3043087E03200000ABD
S31533D1E630013053E5000053E301404402F8FFFF0AAA
S31533D1E64008108DE2B000D5E13C0300EB042095E50B
S31533D1E6500010A0E10430A0E1FF24C2E3B8009FE566
S31533D1E66090008DE826D6FFEBB030D5E10F3A03E2F1
S31533D1E6700A0A53E32200001A043095E5FF54C3E363
S31533D1E6800500A0E1EED7FFEB004050E21300000ABC
S31533D1E690203096E5083093E50930D3E5833083E0EE
S31533D1E6A0833183E003318BE0142096E50C0093E577
S31533D1E6B00A10A0E1000082E00420A0E163FFFFEB62
S31533D1E6C0050050E10500001A0010A0E10120A0E1B8
S31533D1E6D048009FE50430A0E109D6FFEB010000EAFB
S31533D1E6E03C009FE506D6FFEB000054E30600000A53
S31533D1E6F00400A0E14DD7FFEB030000EA0400A0E10B
S31533D1E700020000EA1C009FE5FDD5FFEB0900A0E12D
S31533D1E7101CD08DE2F08EBDE80CBBD733ACC2D2332D
S31533D1E720BCC2D233C8C2D23380A9D233F0402DE959
S31533D1E73004D04DE20140A0E10060A0E1ABFEFFEB96
S31533D1E740000050E30070A0E30000E0134B00001A41
S31533D1E7500400A0E1F5EBFFEB000050E30400000A1F
S31533D1E7600400A0E11C119FE5C6EBFFEB000050E39B
S31533D1E7700600001A10319FE5082093E5043093E55E
S31533D1E7802223A0E10251A0E1FF44C3E3310000EAE1
S31533D1E7900400A0E1EC109FE53FECFFEB203096E58A
S31533D1E7A0083093E50930D3E5DC209FE5833083E028
S31533D1E7B0D8409FE5833183E0081092E5033184E075
S31533D1E7C00CC093E5042092E5143096E52113A0E1EC
S31533D1E7D000008DE50111A0E10C0083E0FF24C2E3F3
S31533D1E7E00130A0E3CEFEFFEB005050E20700A0018B
S31533D1E7F02200000A203096E5083093E50930D3E577
S31533D1E800833083E0833183E0033184E00C3093E585
S31533D1E810142096E5032082E0B53092E10F3A03E234
S31533D1E820010953E3052082E00600000A0600A0E180
S31533D1E8300510A0E166FFFFEB000050E30000A0D343
S31533D1E8400100A0C30D0000EA0C0092E92333A0E105
S31533D1E8500351A0E1FF44C2E3040057E10600002A85
S31533D1E860071085E00600A0E159FFFFEB000050E326
S31533D1E870000087E00C7080E2F6FFFF1A0100A0E3B7
S31533D1E88004D08DE2F080BDE8A44ED233C0BBD733AA
S31533D1E8900CBBD73310402DE954FEFFEB000050E3C8
S31533D1E8A00000A0131080BD1884409FE5041094E571
S31533D1E8B080009FE50120A0E191D5FFEB083094E5A7
S31533D1E8C0000053E31100000A6C009FE58CD5FFEBB2
S31533D1E8D0083094E5010013E360009F1588D5FF1BFB
S31533D1E8E0083094E5020013E354009F1584D5FF1BFA
S31533D1E8F0083094E5010C13E348009F1580D5FF1BEF
S31533D1E900083094E5010B13E33C009F157CD5FF1BEF
S31533D1E910201084E2060091E830009FE578D5FFEBED
S31533D1E9202C009FE52C109FE575D5FFEB0100A0E3B5
S31533D1E9301080BDE880BBD733E0C2D233F4C2D233F1
S31533D1E940FCC2D23310C3D23320C3D23328C3D2334A
S31533D1E95040C3D23364C3D233B0BBD73304E02DE50E
S31533D1E960203090E5082093E50830D2E5010053E312
S31533D1E97048E09FE500C0A0E30E00001A0930D2E586
S31533D1E9803C209FE5833083E0833183E0032182E0EA
S31533D1E990141090E50C2092E5023091E70E0053E145
S31533D1E9A001C0A0E3020081E00200000A003290E503
S31533D1E9B00E0053E101C04C120C00A0E104F09DE4EA
S31533D1E9C0453DCD280CBBD733910200E00F0080E211
S31533D1E9D00F00C0E31AD7FFEA0100A0E193D6FFEACD
S31533D1E9E0F0402DE93C709FE50060A0E10700A0E13E
S31533D1E9F00140A0E10250A0E1BCEEFFEB023AA0E325
S31533D1EA000700A0E10410A0E3300087E80C6087E566
S31533D1EA10103087E5B4F1FFEB010050E314009705CD
S31533D1EA200000E013F080BDE8CCBBD73348209FE557
S31533D1EA3048309FE504E02DE5203082E540309FE52F
S31533D1EA400010A0E3243082E5301082E5001082E550
S31533D1EA50041082E50200A0E159EFFFEB003050E21A
S31533D1EA600310A0E11C009FE50300A00104F09D042F
S31533D1EA7023D5FFEB0000E0E304F09DE4CCBBD733E1
S31533D1EA80C8E9D133D8E9D1332866D23304E02DE579
S31533D1EA9008009FE56DEEFFEB0000A0E304F09DE4A3
S31533D1EAA0CCBBD733F04E2DE9000052E318D04DE22B
S31533D1EAB00240A0E110008DE50170A0E10C208DE577
S31533D1EAC00B00001A0100A0E1DDD6FFEB004050E286
S31533D1EAD00700001A0710A0E168019FE508D5FFEBBF
S31533D1EAE0550000EA60019FE5021AA0E304D5FFEB96
S31533D1EAF04B0000EA54319FE5003093E5203093E55E
S31533D1EB00083093E50060A0E308308DE5070056E180
S31533D1EB104100002A38919FE510209DE5003099E5D3
S31533D1EB20065082E002BAA0E37F2FC5E3030055E155
S31533D1EB3020A19FE50B1083E00320C2E30100003A05
S31533D1EB40010055E12200003A00309AE5000053E343
S31533D1EB50020AA0E3002089E50300001AB8D6FFEBF9
S31533D1EB60000050E300008AE5DDFFFF0A18008DE28D
S31533D1EB7004B020E508209DE50930D2E5D8C09FE51C
S31533D1EB80032183E0823183E0001099E500209AE5B1
S31533D1EB9083C18CE005008DE80B30A0E10020A0E3E2
S31533D1EBA00C00A0E10FE0A0E10CF19CE5000050E3AD
S31533D1EBB00200001A14309DE5020A53E30400000A19
S31533D1EBC0001099E50B20A0E190009FE5CCD4FFEB63
S31533D1EBD0130000EA78309FE5000093E574309FE562
S31533D1EBE0001093E510309DE5002065E0031081E0F8
S31533D1EBF0061081E0073066E0022A82E2030052E151
S31533D1EC000320A021011060E0060084E0026086E093
S31533D1EC107BEBFFEB070056E1BCFFFFEA000056E37F
S31533D1EC20050000AA0C209DE5000052E30400A001A3
S31533D1EC30FED5FF0B0000A0E3000000EA0400A0E1FB
S31533D1EC4018D08DE2F08EBDE8B0C3D233D8C3D23328
S31533D1EC5004BCD733AC58D33300BCD733E090D3339A
S31533D1EC600CC4D23330402DE910D04DE20C10A0E391
S31533D1EC7004208DE20050A0E189FFFFEB0040A0E3F1
S31533D1EC80000050E30400A0E11000000AB420DDE116
S31533D1EC9040309FE5030052E108109D050C10A013B7
S31533D1ECA00020A0E30500A0E17DFFFFEB004050E259
S31533D1ECB00510A0E120009FE508C09D05B420DD01F4
S31533D1ECC0B630DD0100C08D058DD4FF0B0400A0E134
S31533D1ECD010D08DE23080BDE88519000048C4D233D7
S31533D1ECE0D2D5FFEA30402DE90C3090E5000053E31D
S31533D1ECF00050A0E13080BD080C0095E5044090E585
S31533D1ED00CAD5FFEB000054E30C4085E5F9FFFF1A72
S31533D1ED103080BDE8F0402DE90C4090E5000054E356
S31533D1ED200020A0E3002094150030A0130130A003B6
S31533D1ED30010B52E301308323000053E30050A0E1AA
S31533D1ED400170A0E10B00000A8C009FE53CD6FFEBA6
S31533D1ED50004050E20C3095150020A01304308415B1
S31533D1ED600400001A74009FE574109FE564D4FFEB59
S31533D1ED700460A0E1080000EA821184E0012082E236
S31533D1ED80002084E5083095E5086091E2013083E2CD
S31533D1ED900C4085E5083085E50400001A3C009FE533
S31533D1EDA040109FE556D4FFEB0600A0E1F080BDE8D5
S31533D1EDB00030A0E3043086E5087081E5003095E56F
S31533D1EDC00600A0E1000053E3046083150060850596
S31533D1EDD00060851504608505F080BDE80820000004
S31533D1EDE0FCAED23378C4D23394C4D23310402DE966
S31533D1EDF0184090E5000054E3100084E21080BD083A
S31533D1EE00B7FFFFEB0400A0E1B5FFFFEB0400A0E1B0
S31533D1EE101040BDE885D5FFEAF04E2DE90090A0E349
S31533D1EE20147090E508D04DE204108DE500908DE550
S31533D1EE30000057E302B0A0E1B800000AE8A29FE58B
S31533D1EE4000309AE5203093E5082093E50830D2E5B2
S31533D1EE50010053E3004097E50700001A0930D2E5A4
S31533D1EE60C8229FE5833083E0833183E0032182E077
S31533D1EE700C3092E5034084E0070000EA020053E305
S31533D1EE800300001A0400A0E175FFFFEB0040A0E1B7
S31533D1EE90010000EA98029FE519D4FFEB0D20D4E5A2
S31533D1EEA00C30D4E50E10D4E5023483E10F20D4E50A
S31533D1EEB0013883E1023C83E104209DE5030052E12D
S31533D1EEC08C00001A1120D4E51030D4E51210D4E5D4
S31533D1EED0023483E11320D4E5013883E1020C83E193
S31533D1EEE000309DE5030050E10700003A1D20D4E5FB
S31533D1EEF01C30D4E51E10D4E5023483E11F20D4E58A
S31533D1EF00013883E100008DE5029C83E100005BE3A8
S31533D1EF107800000A2D20D4E52C30D4E52E10D4E553
S31533D1EF20023483E12F20D4E5013883E1020C83E126
S31533D1EF30090050E1446084E26E00008A3820D4E57A
S31533D1EF4000508BE0060052E302F19F975D0000EA51
S31533D1EF506CEFD13398EFD133F0EFD133C8F0D1331E
S31533D1EF60C8F0D13338F0D13380F0D1333530D4E51D
S31533D1EF703420D4E53610D4E5032482E13730D4E5D1
S31533D1EF80012882E1032C82E10500A0E10610A0E13C
S31533D1EF909BEAFFEB570000EA3520D4E53430D4E58C
S31533D1EFA03610D4E5023483E13720D4E5013883E111
S31533D1EFB0022C93E10000A0E34E00000A0030A0E317
S31533D1EFC00130C5E43520D4E53430D4E53610D4E533
S31533D1EFD0023483E13720D4E5013883E1023C83E13E
S31533D1EFE0010080E2030050E1F3FFFF3A410000EA2A
S31533D1EFF03100D4E53510D4E53020D4E53430D4E5F9
S31533D1F00032C0D4E536E0D4E5002482E1013483E15C
S31533D1F0103700D4E53310D4E50C2882E10E3883E1B9
S31533D1F020012C82E1003C83E10510A0E10600A0E189
S31533D1F030740600EB2F0000EA3100D4E53510D4E560
S31533D1F0403020D4E53430D4E532C0D4E536E0D4E516
S31533D1F050002482E1013483E13700D4E53310D4E59A
S31533D1F0600C2882E10E3883E1012C82E1003C83E125
S31533D1F0700510A0E10600A0E1CE0600EB1D0000EAA3
S31533D1F0803100D4E53510D4E53020D4E53430D4E568
S31533D1F09032C0D4E536E0D4E5002482E1013483E1CC
S31533D1F0A03700D4E53310D4E50C2882E10E3883E129
S31533D1F0B0012C82E1003C83E10510A0E10600A0E1F9
S31533D1F0C0CE0600EB0B0000EA68009FE568109FE59A
S31533D1F0D08BD3FFEB00309AE5203093E5083093E5B7
S31533D1F0E00830D3E5020053E30400A001FBFEFF0B46
S31533D1F0F00000E0E30A0000EA00309AE5203093E5D8
S31533D1F100083093E50830D3E5020053E30400A00178
S31533D1F110F2FEFF0B047097E5000057E345FFFFEA94
S31533D1F1200900A0E108D08DE2F08EBDE804BCD73317
S31533D1F1300CBBD733A8C4D233E0C4D233ECC4D23325
S31533D1F140F04E2DE90040A0E108D04DE20100A0E117
S31533D1F15004108DE500208DE574E9FFEB046094E569
S31533D1F1600070A0E300B0A0E1000056E30790A0E120
S31533D1F1706700000AA4A19FE500309AE5203093E5D4
S31533D1F180082093E50830D2E5010053E3004096E5F4
S31533D1F1900700001A0930D2E584219FE5833083E015
S31533D1F1A0833183E0032182E00C3092E5034084E05E
S31533D1F1B0070000EA020053E30300001A0400A0E17A
S31533D1F1C0A7FEFFEB0040A0E1010000EA54019FE521
S31533D1F1D04BD3FFEB0D20D4E50C30D4E50E10D4E56B
S31533D1F1E0023483E10F20D4E5013883E1023C83E154
S31533D1F1F000209DE5030052E13B00001A1C30D4E5D3
S31533D1F20003005BE13800001A1520D4E51430D4E578
S31533D1F2101610D4E5023483E11720D4E5013883E1DE
S31533D1F220022C93E13000000A285084E20500A0E194
S31533D1F23004109DE50B20A0E11EE9FFEB000050E35E
S31533D1F2402900001A1120D4E51030D4E51210D4E5B3
S31533D1F250023483E11320D4E5013883E1023C83E1DF
S31533D1F260090053E12000003A0030A0130130A00346
S31533D1F270000057E30030A00301300312000053E3FB
S31533D1F2800B00000AA0009FE5A0109FE51CD3FFEB2E
S31533D1F2901C10D4E598009FE50120A0E10530A0E10B
S31533D1F2A017D3FFEB0920A0E188009FE588109FE5AE
S31533D1F2B013D3FFEB1500D4E51110D4E51420D4E5DF
S31533D1F2C01030D4E516C0D4E512E0D4E5002482E17A
S31533D1F2D0013483E11300D4E51710D4E50C2882E148
S31533D1F2E00E3883E1017C82E1009C83E100309AE5DB
S31533D1F2F0203093E5083093E50830D3E5020053E364
S31533D1F3000400A00175FEFF0B046096E5000056E3B9
S31533D1F31096FFFFEA0700A0E108D08DE2F08EBDE873
S31533D1F32004BCD7330CBBD733A8C4D233FCAED23318
S31533D1F3300CC5D233B4C2D233E0C4D2331CC5D233E3
S31533D1F3400F3A00E2060A53E3F0402DE96230A003C7
S31533D1F3500050A0E10140A0E10170A0E31800000AFA
S31533D1F3600B00008A020A53E36330A0031400000A68
S31533D1F3700300008A010A53E36630A0031000000A62
S31533D1F3800E0000EA010953E36430A0030C00000AEE
S31533D1F3900A0000EA0A0A53E36C30A0030800000AD4
S31533D1F3A00300008A020953E32D30A0030400000A77
S31533D1F3B0020000EA030953E37330A0030000000AC5
S31533D1F3C03F30A0E30030C4E50060A0E30600A0E1FE
S31533D1F3D00310A0E329FAFFEB7C309FE5003093E5A8
S31533D1F3E0070015E10030D3E7042066E0016086E2F9
S31533D1F3F02D30A003080056E30930C2E58770A0E16A
S31533D1F400F1FFFFDA020B15E30300000A400015E3DF
S31533D1F4107330A0135330A0030330C4E5010B15E386
S31533D1F4200300000A080015E37330A0135330A00349
S31533D1F4300630C4E5020C15E30300000A010015E3D7
S31533D1F4407430A0135430A0030930C4E50030A0E39F
S31533D1F4500400A0E10A30C4E5F080BDE8B058D33317
S31533D1F460F04E2DE90030D1E581DF4DE200008DE557
S31533D1F4702F0053E30250A0E10040A0E30300001A6A
S31533D1F480014084E20430D1E72F0053E3FAFFFFEA98
S31533D1F49041AF8DE2041081E00A00A0E14EE8FFEBE3
S31533D1F4A0210000EA06406AE004908DE20420A0E10F
S31533D1F4B00900A0E10A10A0E14EE8FFEB812F8DE2DE
S31533D1F4C0043082E0023C43E20020A0E30020C3E5CE
S31533D1F4D00240A0E10AB0A0E1817F8DE2020000EAC9
S31533D1F4E00130D3E50130CBE4017087E20600A0E1E8
S31533D1F4F08EE8FFEB010040E2000054E1043086E0B0
S31533D1F500014084E2F5FFFF3A01CC47E20030A0E374
S31533D1F5100520A0E100009DE50910A0E10030CCE53E
S31533D1F52006FFFFEB005050E20F00000A0A00A0E1BC
S31533D1F5302F10A0E371E8FFEB006050E2D8FFFF1A3A
S31533D1F5400520A0E100009DE50A10A0E1FBFEFFEB0B
S31533D1F550005050E20D00001A3C109FE53C009FE568
S31533D1F56067D2FFEB0A10A0E1030000EA28109FE52A
S31533D1F57028009FE562D2FFEB0910A0E11C009FE57D
S31533D1F5805FD2FFEB14009FE514109FE55CD2FFEBFE
S31533D1F5900500A0E181DF8DE2F08EBDE834C5D233EB
S31533D1F5A0FCAED233B8A7D23330402DE9182090E50B
S31533D1F5B0000052E30CD04DE20300000A183092E535
S31533D1F5C0000053E3045092150100001A0100A0E361
S31533D1F5D0240000EA000055E32100000A8C309FE570
S31533D1F5E0003093E5203093E5083093E508C0D3E571
S31533D1F5F001005CE3004095E50700001A0930D3E5F5
S31533D1F6006C209FE5833083E0833183E0032182E02D
S31533D1F6100C3092E5030084E0090000EA02005CE392
S31533D1F6200400A0E10D20A0E10C10A0E30100001AE3
S31533D1F6301BFDFFEB020000EA38009FE530D2FFEB2A
S31533D1F6400400A0E10330D0E50220D0E5032482E1E2
S31533D1F65024309FE5030052E1DBFFFF1A045095E5D1
S31533D1F660DBFFFFEA0000A0E30CD08DE23080BDE8AA
S31533D1F67004BCD7330CBBD73350C5D23301E00000EA
S31533D1F680F04E2DE9F0349FE514D04DE2000083E5F9
S31533D1F6900060A0E10C108DE5C2FFFFEBFF0010E354
S31533D1F6A03201000A103096E50600A0E1443043E238
S31533D1F6B004308DE5CCFDFFEB2000A0E3E0D3FFEBA7
S31533D1F6C00090A0E3090050E1180086E50940A0E196
S31533D1F6D009B0A0E100908DE50910A0112020A01327
S31533D1F6E0B3E8FF1B183096E590049FE50470A0E18B
S31533D1F6F008308DE5FBD1FFEB04309DE5030057E1AF
S31533D1F7001101002A2739A0E1290953E10600000A5C
S31533D1F7106C349FE503200BE20210D3E764049FE5F3
S31533D1F720F7D1FFEB01B08BE20790A0E148A49FE577
S31533D1F73000309AE5203093E5081093E50820D1E5DA
S31533D1F740143096E5010052E3074083E00700001AEF
S31533D1F7500930D1E530249FE5833083E0833183E0AB
S31533D1F760032182E00C3092E5035084E0080000EAAD
S31533D1F770020052E30300001A0400A0E138FDFFEB87
S31533D1F7800050A0E1020000EA00049FE5DCD1FFEB93
S31533D1F7900450A0E10120D5E50030D5E5023483E12B
S31533D1F7A0EC239FE5020053E1A500001A0510A0E131
S31533D1F7B00820A0E30000A0E31DE7FFEB0920D5E540
S31533D1F7C00830D5E50A10D5E5023483E10B20D5E5EA
S31533D1F7D0013883E1023C83E1000053E19800001AFA
S31533D1F7E00320D5E50230D5E5023483E1A4239FE561
S31533D1F7F0020053E12700001A4130D5E54040D5E523
S31533D1F8004220D5E5034484E14330D5E5024884E14A
S31533D1F8100000A0E30510A0E13C20A0E3034C84E132
S31533D1F82003E7FFEB000054E11A00001A3130D5E576
S31533D1F8303020D5E53D10D5E53200D5E53C40D5E58B
S31533D1F840032482E133C0D5E53E30D5E5014484E1A5
S31533D1F850002882E13FE0D5E5034884E10C2C82E1EF
S31533D1F8600000A0E3441085E20E4C84E1F0E6FFEBD1
S31533D1F870000054E10700001A141096E508309DE5CF
S31533D1F880071081E0100083E221FDFFEB004050E207
S31533D1F8906000001A2B0000EA0320D5E50230D5E506
S31533D1F8A0023483E1F0229FE5020053E13200001A9C
S31533D1F8B02130D5E52040D5E52220D5E5034484E171
S31533D1F8C02330D5E5024884E10000A0E30510A0E159
S31533D1F8D02020A0E3034C84E1D5E6FFEB000054E1CD
S31533D1F8E02500001A2530D5E52440D5E52620D5E5A2
S31533D1F8F0034484E12730D5E5024884E10000A0E30F
S31533D1F900281085E21C20D5E5034C84E1C8E6FFEB0C
S31533D1F910000054E11800001A00009DE56410A0E3FD
S31533D1F92016F9FFEB000050E370029F056DD1FF0B43
S31533D1F930141096E508009DE5071081E0F4FCFFEB42
S31533D1F940004050E20800001A00309AE5203093E5A2
S31533D1F950083093E50830D3E5020053E37E00001A2D
S31533D1F9600500A0E1DDFCFFEB7B0000EA00309DE52D
S31533D1F970013083E200308DE5260000EA0230D5E549
S31533D1F9800320D5E5021483E114329FE5030051E117
S31533D1F9900A00001A0520D5E50430D5E50610D5E59C
S31533D1F9A0023483E10720D5E5013883E1021C83E1B3
S31533D1F9B00C0051E3EC019F150D00001A150000EA36
S31533D1F9C0E4319FE5030051E10420D5E50530D5E592
S31533D1F9D00600D5E507C0D5E50800001A033482E120
S31533D1F9E0003883E10C1C83E10B0051E30900008A13
S31533D1F9F0B8019FE50C20A0E341D1FFEB050000EA26
S31533D1FA00032482E1002882E10C2C82E1A0019FE517
S31533D1FA100730A0E13AD1FFEB0520D5E50430D5E562
S31533D1FA200610D5E5023483E10720D5E5013883E1E4
S31533D1FA30023C83E1033083E20330C3E3037087E0CF
S31533D1FA40370000EA0030D5E50120D5E5021483E14C
S31533D1FA5060319FE5030051E13000001A0320D5E52B
S31533D1FA600230D5E5023483E1010053E11430860205
S31533D1FA700C00130802208300143096050740830007
S31533D1FA80447042020500000A240000EA044084E2AD
S31533D1FA90FF34C4E33F37C3E3000053E31C00000A0A
S31533D1FAA0070054E11A00002A00309AE5203093E555
S31533D1FAB0083093E508C0D3E501005CE30700001AAB
S31533D1FAC00930D3E5C0209FE5833083E0833183E0AA
S31533D1FAD0032182E00C3092E5030084E0090000EA89
S31533D1FAE002005CE310208DE20400A0E10410A0E310
S31533D1FAF00100001AEAFBFFEB020000EAB8009FE5EA
S31533D1FB00FFD0FFEB0400A0E1003090E5010073E3B1
S31533D1FB10DDFFFF0A143096E5047063E0000000EA96
S31533D1FB20047087E250309FE5003093E5203093E57A
S31533D1FB30083093E50830D3E5020053E3EDFEFF1ADF
S31533D1FB400500A0E165FCFFEBEAFEFFEA6C009FE519
S31533D1FB506C109FE5EAD0FFEB040000EA64009FE521
S31533D1FB600C109DE5E6D0FFEB0400A0E1000000EADE
S31533D1FB70180096E514D08DE2F08EBDE804BCD733A8
S31533D1FB8084C5D233A858D3339CC5D2330CBBD733E0
S31533D1FB90A8C4D2338519000002E0000001E0000089
S31533D1FBA0A4C5D23303200000ACC5D2330420000020
S31533D1FBB0D4C5D233F8C5D233FFFF000050C5D233C3
S31533D1FBC0FCAED23324C6D23330C6D233F04E2DE93E
S31533D1FBD042DE4DE208D04DE20150A0E134189FE523
S31533D1FBE0A6FEFFEB000050E320008DE50602000AA6
S31533D1FBF00030D5E50100A0E31C008DE52F0053E39A
S31533D1FC000040A0E30300001A014084E20430D5E773
S31533D1FC102F0053E3FAFFFFEACA7F8DE2041085E062
S31533D1FC200700A0E16CE6FFEBEC379FE5421E8DE290
S31533D1FC300020A0E3081081E20320C1E72A0000EABD
S31533D1FC40054067E08A9F8DE20420A0E10900A0E157
S31533D1FC500710A0E167E6FFEB422E8DE2082082E260
S31533D1FC60043082E0023C43E20020A0E3426E8DE2CF
S31533D1FC700020C3E50240A0E107A0A0E1086086E2F7
S31533D1FC80020000EA0130D3E50130CAE4016086E2ED
S31533D1FC900500A0E1A5E6FFEB010040E2000054E107
S31533D1FCA0043085E0014084E2F5FFFF3A01CC46E2E8
S31533D1FCB00030A0E31C209DE520009DE50910A0E18D
S31533D1FCC00030CCE51DFDFFEB000050E31C008DE584
S31533D1FCD00500001A40379FE542CE8DE208C08CE24B
S31533D1FCE00330DCE7000053E3B901001A0700A0E182
S31533D1FCF02F10A0E381E6FFEB005050E2CFFFFF1A7E
S31533D1FD00420E8DE2FF30E0E3080080E20330D0E7E4
S31533D1FD10000053E30B00000A1C209DE520009DE52E
S31533D1FD200710A0E105FDFFEB000050E31C008DE584
S31533D1FD300400001AE4169FE5E4069FE570D0FFEB85
S31533D1FD400710A0E1A60100EA20109DE5041091E544
S31533D1FD50000051E318108DE59301000AC4369FE5AF
S31533D1FD60003093E5203093E5082093E50830D2E58A
S31533D1FD7018C09DE5010053E300409CE50700001A06
S31533D1FD800930D2E5A0269FE5833083E0833183E002
S31533D1FD90032182E00C3092E503B084E0080000EA17
S31533D1FDA0020053E30300001A0400A0E1ACFBFFEBDE
S31533D1FDB000B0A0E1020000EA70069FE550D0FFEB18
S31533D1FDC004B0A0E10D20DBE50C30DBE50E10DBE52D
S31533D1FDD0023483E10F20DBE5013883E11C009DE555
S31533D1FDE0023C83E1030050E16501001A1520DBE5BE
S31533D1FDF01430DBE51610DBE5023483E11720DBE57E
S31533D1FE00013883E1022C93E15D01000A20109DE58F
S31533D1FE100020A0E3145091E514208DE5000055E37D
S31533D1FE206000000AFC659FE5003096E5203093E506
S31533D1FE30082093E50830D2E5010053E3004095E538
S31533D1FE400700001A0930D2E5DC259FE5833083E0FC
S31533D1FE50833183E0032182E00C3092E5034084E0A1
S31533D1FE60090000EA020053E30500001A0400A0E1B9
S31533D1FE70792F8DE24410A0E309FBFFEB0040A0E1DB
S31533D1FE80010000EAA8059FE51DD0FFEB0D00D4E5AF
S31533D1FE901510DBE50C20D4E51430DBE50EC0D4E503
S31533D1FEA016E0DBE5002482E1013483E11700DBE59B
S31533D1FEB00F10D4E50C2882E10E3883E1012C82E18F
S31533D1FEC0003C83E1030052E13300001A14309DE53F
S31533D1FED0000053E30600000A003096E5203093E55F
S31533D1FEE0083093E50830D3E5020053E314009D057A
S31533D1FEF07AFBFF0B1D30DBE50A0053E3004095E572
S31533D1FF0020359FE50B00001A003093E5203093E579
S31533D1FF10083093E50820D3E5010052E30B00000AFC
S31533D1FF20020052E304059F151800001A0400A0E11C
S31533D1FF304BFBFFEB170000EA003093E5203093E516
S31533D1FF40083093E50820D3E5010052E30700001AC0
S31533D1FF500930D3E5D0249FE5833083E0833183E001
S31533D1FF60032182E00C3092E5030084E0090000EAF4
S31533D1FF70020052E3B8049F150400001A0400A0E12D
S31533D1FF804410A0E3022042E2C5FAFFEB010000EAB6
S31533D1FF90DBCFFFEB0400A0E114008DE5045095E5EA
S31533D1FFA0000055E39DFFFFEA14C09DE500005CE3F5
S31533D1FFB000005B130040A0130140A003E700000A01
S31533D1FFC028108BE21C20DBE5E4008DE289E5FFEBDB
S31533D1FFD01C30DBE5420E8DE2080080E2033080E04F
S31533D1FFE0D13F43E20410A0E10040C3E54020A0E372
S31533D1FFF0A4008DE26EE6FFEB14109DE514C09DE5AA
S31533D200002520D1E52430D1E52610D1E5023483E15A
S31533D200102720DCE5013883E1023C83E1CC308DE520
S31533D200201520DCE51430DCE5420E8DE2023483E171
S31533D2003000249FE5080080E2B23080E10D20DCE572
S31533D200400C30DCE50E10DCE5023483E10F20DCE53F
S31533D20050013883E1023C83E1A8308DE50D30DCE50E
S31533D200600C10DCE50E20DCE5031481E10F30DCE540
S31533D20070021881E1031C81E10420A0E120009DE531
S31533D2008064FBFFEBCC309DE5010073E30230830290
S31533D20090CC308D05CC409DE5B8008DE598139FE5E0
S31533D200A00400A0E1A5F6FFEB8C139FE500A0A0E1F7
S31533D200B00400A0E1F1F6FFEB28908DE2004050E246
S31533D200C0049049E2040000AA154A84E2064D84E23A
S31533D200D0000054E301A04AE2F9FFFFEA5C339FE51D
S31533D200E0030054E1040000DA154A44E2064D44E2F1
S31533D200F0030054E101A08AE2F9FFFFEA0400A0E14A
S31533D20100E11EA0E38DF6FFEBE11EA0E3080089E5FD
S31533D201100400A0E1D9F6FFEB3C10A0E30040A0E106
S31533D2012086F6FFEB3C10A0E3040089E50400A0E198
S31533D20130D2F6FFEB0710A0E3000089E504008AE28A
S31533D20140CEF6FFEB000050E3073080B2180089E5D4
S31533D20150183089B500005AE3E4429FE5140000BA59
S31533D20160030014E36410A0E30400A0E10050A0E33B
S31533D201700200001AC1F6FFEB050050E10400001A63
S31533D201800400A0E1191EA0E3BCF6FFEB000050E356
S31533D201900000001A0150A0E3A8329FE5053193E758
S31533D201A003005AE1150000BA0AA063E0014084E2A3
S31533D201B0EAFFFFEA014044E2030014E36410A0E30A
S31533D201C00400A0E10050A0E30200001AABF6FFEB25
S31533D201D0050050E10400001A0400A0E1191EA0E381
S31533D201E0A6F6FFEB000050E30000001A0150A0E35D
S31533D201F050329FE5053193E703A09AE0ECFFFF4AED
S31533D20200000055E340029FE53010A0130010A0033F
S31533D20210002091E7763E44E202005AE10C3043E2C3
S31533D202200020A0E3143089E51CA089E5102089E5A6
S31533D20230001081E0070000BA0200A0E1002191E765
S31533D20240010080E2003191E70AA062E003005AE16D
S31533D20250F9FFFFAA100089E5183099E514E099E53C
S31533D20260E8219FE5101099E5833083E0085099E56C
S31533D20270046099E5007099E5022083E076EE8EE24A
S31533D20280CC319FE50CE08EE200C0E0E3811081E011
S31533D2029001408AE2033081E020C089E5B4119FE57B
S31533D202A010E08DE5F0008DE850008DE20C4089E503
S31533D202B000E8FFEB0A10A0E350008DE20FE5FFEB27
S31533D202C0000050E30030A0130030C0150D10A0E368
S31533D202D050008DE209E5FFEB000050E30030A01366
S31533D202E00030C01590108DE2BC0ADDE113FCFFEB72
S31533D202F050308DE20010A0E1E4C08DE2B8209DE506
S31533D2030054019FE500C08DE5FDCEFFEB1D30DBE515
S31533D203100A0053E30E00001A04019FE53C119FE510
S31533D20320F7CEFFEB14009DE53530D0E53410D0E56A
S31533D203303620D0E5031481E13730D0E5021881E196
S31533D20340031C81E10120A0E1443080E210019FE514
S31533D20350EBCEFFEBC8009FE508119FE5E8CEFFEB66
S31533D20360C0309FE5003093E5203093E5083093E5EE
S31533D203700830D3E5020053E30900001A14009DE591
S31533D2038056FAFFEB9C309FE5003093E5203093E568
S31533D20390083093E50830D3E5020053E30B00A001CE
S31533D203A04EFAFF0B18109DE567FEFFEA1C209DE53A
S31533D203B0000052E30100A0131300001A60009FE538
S31533D203C058109FE5CECEFFEB54009FE5CA1F8DE280
S31533D203D0040000EA44109FE544009FE5C8CEFFEB04
S31533D203E00910A0E138009FE5C5CEFFEB30009FE57B
S31533D203F070109FE5C2CEFFEB1C409DE520009FE5F2
S31533D2040064109FE5BECEFFEB0400A0E128D08DE287
S31533D2041001DB8DE2F08EBDE87C7DD23300FEFFFF69
S31533D2042034C5D233FCAED23304BCD7330CBBD73379
S31533D20430A8C4D23350C5D23384FCFFFF80510100D6
S31533D204407F510100B20700000045D233A044D233E4
S31533D204500845D2331D45D2335CC6D23380C6D23366
S31533D2046090C6D233B4C2D233B8A7D23398C6D233E4
S31533D20470F04E2DE943DF4DE208008DE50100A0E1D0
S31533D20480A8139FE50240A0E17CFCFFEB009050E23B
S31533D204900120A0E30900A001E200000A0410A0E182
S31533D204A0EEFBFFEB000050E304008DE50400001AA7
S31533D204B07C039FE57C139FE591CEFFEB04009DE54C
S31533D204C0D80000EA04A099E500B0A0E30B005AE1C4
S31533D204D000B08DE50B50A0E10B60A0E16400000AB9
S31533D204E054139FE5003091E5203093E5082093E508
S31533D204F00830D2E5010053E300409AE50700001AEB
S31533D205000930D2E534239FE5833083E0833183E0E8
S31533D20510032182E00C3092E5037084E0080000EACE
S31533D20520020053E30300001A0400A0E1CCF9FFEB37
S31533D205300070A0E1020000EA04039FE570CEFFEB20
S31533D205400470A0E11520D7E51430D7E51610D7E5D8
S31533D20550023483E11720D7E5013883E1023C83E1C4
S31533D2056004209DE5030052E13400001A1120D7E569
S31533D205701030D7E51210D7E5023483E11320D7E50D
S31533D20580013883E1023C83E1060053E1A8129F3559
S31533D20590003091352B00003A0030A0130130A0033E
S31533D205A0000055E30030A00301300312000053E3B9
S31533D205B00B00000A78029FE588129FE550CEFFEBF7
S31533D205C01C10D7E580029FE50120A0E1283087E2CF
S31533D205D04BCEFFEB0620A0E170029FE570129FE56A
S31533D205E047CEFFEB0DC0D7E50C20D7E50E50D7E576
S31533D205F015E0D7E51100D7E51410D7E51030D7E596
S31533D206000C2482E10FC0D7E51260D7E51640D7E581
S31533D20610052882E10E1481E1003483E113E0D7E574
S31533D206201700D7E50CCC82E1041881E1063883E191
S31533D206301D50D7E500C08DE500BC81E10E6C83E158
S31533D20640F4219FE5003092E5203093E5083093E5E7
S31533D206500830D3E5020053E30700A0019FF9FF0B1D
S31533D2066004A09AE500005AE39CFFFF1A0A0055E329
S31533D206700100000A0B40A0E1580000EA145099E574
S31533D20680000055E34A00000AAC619FE5003096E597
S31533D20690203093E5083093E50820D3E5010052E3C1
S31533D206A0001095E50700001A0930D3E58C219FE572
S31533D206B0833083E0833183E0032182E00C3092E5C9
S31533D206C0034081E0080000EA020052E30100A0E1D0
S31533D206D00140A0E10200001A61F9FFEB0040A0E12C
S31533D206E0010000EA58019FE505CEFFEB0D20D4E594
S31533D206F00C30D4E50E10D4E5023483E10F20D4E5A1
S31533D20700013883E1023C83E10B0053E10400A0E1DB
S31533D207101E00001A3530D4E53420D4E53610D4E56C
S31533D20720032482E13730D4E5012882E1032C82E1F6
S31533D20730441084E20C008DE2AEE3FFEB3520D4E5F0
S31533D207403430D4E53610D4E5023483E13720D4E5D8
S31533D20750013883E1023C83E1431F8DE2033081E0EA
S31533D20760013C43E20020A0E30020C3E5003096E506
S31533D20770203093E5083093E50830D3E5020053E3CE
S31533D207800B00001A0400A0E154F9FFEB080000EA8B
S31533D20790003096E5203093E5083093E50830D3E53B
S31533D207A0020053E3045095E5B4FFFF1A4BF9FFEB3E
S31533D207B0B2FFFFEAFF30E0E3431F8DE20320D1E7F6
S31533D207C000309DE52F0052E30130A0030320A0E190
S31533D207D00900A0E10C108DE220FBFFEB0040A0E133
S31533D207E0000054E30400001A44009FE564109FE5E9
S31533D207F0C3CDFFEB0400A0E10A0000EA08209DE551
S31533D208000900A0E10410A0E182F9FFEB002050E207
S31533D208100200A0A1030000AA14009FE538109FE579
S31533D20820B7CDFFEB0000A0E343DF8DE2F08EBDE818
S31533D208300C4ED233FCAED233C4C6D23304BCD73346
S31533D208400CBBD733A8C4D2330CC5D233B4C2D2330A
S31533D20850E0C4D233E4C6D23304C7D23330C7D23369
S31533D2086070402DE984119FE59CD04DE283FBFFEB9B
S31533D20870000050E35B00000A48608DE20010A0E32B
S31533D2088006C0A0E3062081E00030A0E301C05CE2DB
S31533D20890063081E7083082E5043082E50C1081E2F6
S31533D208A0F7FFFF5A145090E5030055E13E00000A94
S31533D208B03C319FE5003093E5203093E5083093E51C
S31533D208C008C0D3E501005CE3004095E50700001A82
S31533D208D00930D3E51C219FE5833083E0833183E02E
S31533D208E0032182E00C3092E503E084E00A0000EA89
S31533D208F002005CE30400A0E104208DE24410A0E3BD
S31533D209000200001A66F8FFEB00E0A0E1020000EA2B
S31533D20910E4009FE57ACDFFEB04E0A0E13830DEE5A3
S31533D20920060053E3832083E01C00008A023196E724
S31533D20930013083E2023186E73810DEE53130DEE547
S31533D209403020DEE532C0DEE5811081E03300DEE5EC
S31533D20950011186E0032482E10C2882E1043091E549
S31533D20960002C82E1023083E0043081E53810DEE5B3
S31533D209703530DEE53420DEE536C0DEE5811081E082
S31533D20980032482E1011186E03700DEE5083091E5B2
S31533D209900C2882E1002C82E1023083E0083081E5F3
S31533D209A0045095E5000055E3BFFFFFEA0050A0E3BC
S31533D209B09C408DE244309FE54CC014E5051193E754
S31533D209C0542044E20C0092E8015085E230009FE590
S31533D209D000C08DE54ACDFFEB060055E30C4084E2E9
S31533D209E0F3FFFFDA0100A0E39CD08DE27080BDE83D
S31533D209F04098D23304BCD7330CBBD73350C5D2335A
S31533D20A008C58D33350C7D233F0402DE90040A0E3CC
S31533D20A1001DB4DE20070A0E10150A0E10360A0E119
S31533D20A200400A0E1012B8DE2FFE0A0E30030A0E386
S31533D20A3001E05EE2003402E5042082E2FAFFFF5A95
S31533D20A40060050E12100002A0730D4E70530C0E74B
S31533D20A50014084E207C0D4E7012B8DE2033182E031
S31533D20A60010080E200005CE3001413E5014084E226
S31533D20A70000403E5F1FFFF0A0C3081E0000053E1B5
S31533D20A80070000BA053081E00030D3E501C05CE21D
S31533D20A900530C0E7011081E2010080E2F8FFFF1A88
S31533D20AA0E6FFFFEA00E0A0E30C005EE1050000AA10
S31533D20AB00E2085E00130D2E701E08EE20C005EE112
S31533D20AC00030C2E7F8FFFFEA0C0080E0DBFFFFEA33
S31533D20AD001DB8DE2F080BDE8F04E2DE9039082E062
S31533D20AE00250A0E10130D1E50020D1E5090055E12C
S31533D20AF0024483E100B0A0E100A091E51060A0E307
S31533D20B0000C0A0E301E8A0E3F08EBD280000A0E345
S31533D20B100070A0E102091CE30200001A0C308EE009
S31533D20B20020953E31000008A073026E202C9CCE326
S31533D20B30016086E21F0056E33A33A0E18CC0A0E1CE
S31533D20B40013003E204A091850249C4E38EE0A0E1E9
S31533D20B50041081820060A08302091CE3844083E1BE
S31533D20B600C308EE0EFFFFF1AECFFFFEA0730DBE7FC
S31533D20B709E0303E02334A0E1010053E30130A0B353
S31533D20B8003208CE0020054E1A000A0E1017087E299
S31533D20B9003E0A0310EE063208000802302C0A0217F
S31533D20BA0070057E3DAFFFF9A0100C5E4090055E19E
S31533D20BB0D5FFFF3AF08EBDE804E02DE508D04DE2FD
S31533D20BC00120A0E103E0A0E10010A0E30DC0A0E133
S31533D20BD00130D0E7011081E2003063E2070051E3FE
S31533D20BE00130CCE4F9FFFFDA081080E20E30A0E10F
S31533D20BF00D00A0E1B7FFFFEB08D08DE20080BDE850
S31533D20C00023080E208209FE50100A0E10310A0E183
S31533D20C10380100EA049AD133012052E20211801705
S31533D20C20FCFFFF1A001080E50EF0A0E130402DE92B
S31533D20C3000E0A0E30150A0E101005EE100C0A0E1F3
S31533D20C400E40A0E11000002A00109CE50430DCE50A
S31533D20C500020D1E5010083E25223A0E1FF3000E246
S31533D20C60080053E3012002E208304302011081E245
S31533D20C7012E48EE0014084E20400CCE500108C0508
S31533D20C800430CC05050054E1EDFFFFEA0E00A0E1B6
S31533D20C903080BDE804E02DE5003090E50410D0E590
S31533D20CA001E083E20030D3E500C0A0E1010081E266
S31533D20CB05331A0E1FF2000E2080052E3012003E2E0
S31533D20CC00400CCE50030A0030200A0E100E08C059D
S31533D20CD00430CC0504F09DE470402DE9103091E513
S31533D20CE0002093E50060A0E3000052E301E0A0E1E7
S31533D20CF00040A0E10650A0E10400000A143091E589
S31533D20D00003093E5023083E0030056E11D0000BA8A
S31533D20D100410D4E5000094E501C081E20030D0E579
S31533D20D20FF200CE2080052E35331A0E1012003E263
S31533D20D30010080E20030A00304C0C4E5000084057C
S31533D20D400430C40500309EE5015085E28610A0E119
S31533D20D50030055E1026081E0030000DA0230A0E3FA
S31533D20D600000E0E3103084E57080BDE810309EE5B4
S31533D20D70052193E7000052E3E4FFFF0A14309EE5E0
S31533D20D80053193E7DEFFFFEA14208EE20C0092E8B8
S31533D20D90053193E7051192E7063083E00C209EE5C1
S31533D20DA0033061E0030192E77080BDE8F04E2DE95E
S31533D20DB0CA3E80E204D04DE2083083E233BD80E2CC
S31533D20DC000308DE50040A0E10190A0E104B08BE282
S31533D20DD00400A0E100109DE5BEFFFFEB00C050E258
S31533D20DE0650000BAFF005CE301C0C9D40C3094D598
S31533D20DF0013083D20C3084D55D0000DA010C5CE34A
S31533D20E005B0000DA420F5CE3FE504CD2250000DAA7
S31533D20E106C319FE503005CE168519F052100000ADE
S31533D20E2041EF4CE201E04EE20060A0E34E71A0E125
S31533D20E30070056E10650A0E11000002A001094E5CF
S31533D20E400430D4E50020D1E5010083E25223A0E178
S31533D20E50FF3000E2080053E3012002E208304302B6
S31533D20E60011081E2126586E0015085E20400C4E5C1
S31533D20E70001084050430C405070055E1EDFFFFEABF
S31533D20E8001104CE2C13FA0E14E01A0E1233F81E004
S31533D20E900420A0E3122086E00330C3E3011063E0DB
S31533D20EA0035082E2115085E00400A0E10B10A0E199
S31533D20EB088FFFFEB00C050E22F0000BA03005CE399
S31533D20EC001008CD21E0000DA02A04CE20060A0E30D
S31533D20ED0CA70A0E1070056E106E0A0E11000002A6D
S31533D20EE0001094E50430D4E50020D1E5010083E245
S31533D20EF05223A0E1FF3000E2080053E3012002E29D
S31533D20F0008304302011081E2126E86E001E08EE2AE
S31533D20F100400C4E5001084050430C40507005EE13D
S31533D20F20EDFFFFEACA10A0E1AC2F8CE00230A0E38A
S31533D20F30133186E00120C2E3010083E20C2062E062
S31533D20F40120180E00C3094E5053083E00020A0E333
S31533D20F500C3084E5050052E1050000AA003060E288
S31533D20F600330D9E7012082E20130C9E4050052E1E8
S31533D20F70F8FFFFEA010C5CE394FFFF1A04D08DE24B
S31533D20F80F08EBDE81D0100000201000010402DE9AC
S31533D20F90183090E50040A0E3004083E5003090E579
S31533D20FA000C0A0E101E0A0E303005EE1120000AA93
S31533D20FB010309CE50E11A0E1033081E0043013E505
S31533D20FC014209CE5033084E08340A0E10E4182E7CE
S31533D20FD018009CE510209CE5022081E0001081E0C8
S31533D20FE0043011E5042012E5023083E00E3180E776
S31533D20FF000309CE501E08EE2EAFFFFEA04309CE55D
S31533D2100000E0A0E303005EE10C0000AA08309CE5C1
S31533D210100E0193E7000050E30500000A18109CE551
S31533D210200C209CE5003191E703E182E7013083E27C
S31533D21030003181E704309CE501E08EE2F0FFFFEA2E
S31533D2104000309CE501E0A0E303005EE11080BDA849
S31533D2105010309CE518109CE50E2193E70E3191E7BB
S31533D21060033062E00E3181E700309CE501E08EE257
S31533D2107003005EE1F5FFFFBA1080BDE8042090E5A8
S31533D21080081090E5012052E20300000A0030A0E3B3
S31533D21090023181E7012052E2FAFFFFEA0030A0E3C0
S31533D210A0003081E5002090E5101090E5012052E220
S31533D210B00300000A0030A0E3023181E7012052E275
S31533D210C0FAFFFFEA0030A0E3003081E5002090E555
S31533D210D0140090E5012052E20300000A0030A0E367
S31533D210E0023180E7012052E2FAFFFFEA0030A0E371
S31533D210F0003080E50EF0A0E1F04E2DE9CFDE4DE2A1
S31533D2110010308DE2944083E2EC4C8DE58D4F83E201
S31533D21110A44C8DE5D34F83E2D04C8DE5D44083E2D4
S31533D21120DC4C8DE5554F83E200E0A0E3E04C8DE510
S31533D21130144083E2755F83E27D6F83E2857F83E2F8
S31533D21140E3AF83E2B39F83E2C3BF83E204E0C3E573
S31533D21150E44C8DE5544083E20830A0E39C3C8DE5E4
S31533D211600B3083E2A03C8DE5293E8DE282CE8DE2F1
S31533D21170A83C8DE5123EA0E304C04CE210108DE5B7
S31533D21180BC3C8DE51010A0E3013C43E2E84C8DE53F
S31533D2119018208DE5AC5C8DE5B06C8DE5B47C8DE5F0
S31533D211A0C0AC8DE5C4CC8DE5C89C8DE5CCBC8DE584
S31533D211B0D41C8DE5D83C8DE520E08DE51CE08DE55C
S31533D211C0B81C8DE50C008DE510C09DE510408DE23F
S31533D211D00410D4E50030DCE5010081E2FF2000E2E1
S31533D211E05331A0E1080052E3013003E208308DE5F2
S31533D211F001208C020030A0030400C4E500C0A0E372
S31533D212000430C40510208D050CE0A0E1001094E51E
S31533D212100430D4E50020D1E5010083E25223A0E1A4
S31533D21220FF3000E2080053E3012002E208304302E2
S31533D21230011081E212CE8CE001E08EE20400C4E5E5
S31533D21240001084050430C40502005EE3EEFFFF3A94
S31533D2125000005CE32700001A0430D4E50C209DE568
S31533D21260000053E31C309DE5030082E010309D1518
S31533D212700130831210308D1504C0C41510309DE55C
S31533D212800150D3E410308DE50120D3E410308DE50F
S31533D21290025485E00C10A0E10430D4E5013083E268
S31533D212A0FF2003E20430C4E5003094E5080052E36C
S31533D212B0011081E2012083E20030A0030430C40559
S31533D212C000208405100051E3F2FFFF3A0C3094E547
S31533D212D0053083E00C3084E5001094E50520A0E197
S31533D212E00FE0A0E108F094E5003094E5053083E0D1
S31533D212F0003084E5AE0100EA02005CE34D01001A08
S31533D213001C309DE50C109DE5033081E000E0A0E36F
S31533D21310CBBE8DE2CD9E8DE204308DE508B08BE225
S31533D21320049089E20EC0A0E1001094E50430D4E5EE
S31533D213300020D1E5010083E25223A0E1FF3000E25F
S31533D21340080053E3012002E208304302011081E25E
S31533D2135012EC8EE001C08CE20400C4E500108405A1
S31533D213600430C40505005CE3EEFFFF3A017C8EE21E
S31533D2137000E0A0E3017087E20EC0A0E1001094E54D
S31533D213800430D4E50020D1E5010083E25223A0E133
S31533D21390FF3000E2080053E3012002E20830430271
S31533D213A0011081E212EC8EE001C08CE20400C4E576
S31533D213B0001084050430C40505005CE3EEFFFF3A22
S31533D213C001E08EE20050A0E300E08DE505C0A0E156
S31533D213D0001094E50430D4E50020D1E5010083E250
S31533D213E05223A0E1FF3000E2080053E3012002E2A8
S31533D213F008304302011081E2125C85E001C08CE2EF
S31533D214000400C4E5001084050430C40504005CE34B
S31533D21410EEFFFF3AC90E8DE20C0080E216FFFFEBE8
S31533D214200B00A0E114FFFFEB04A085E20060A0E33A
S31533D214300900A0E110FFFFEB0650A0E10A0056E106
S31533D214401E0000AA00E0A0E30EC0A0E1001094E58E
S31533D214500430D4E50020D1E5010083E25223A0E162
S31533D21460FF3000E2080053E3012002E208304302A0
S31533D21470011081E212EC8EE001C08CE20400C4E5A5
S31533D21480001084050430C40503005CE3EEFFFF3A53
S31533D214904C359FE50520D3E7A43C9DE502E183E7AE
S31533D214A000005EE3AC2C9D150E319217015085E2C6
S31533D214B0013083120E3182170A0055E1DFFFFFEA7C
S31533D214C0C90E8DE20C0080E20050A0E3AEFEFFEBF4
S31533D214D0070055E1670000AAC91E8DE20400A0E1D8
S31533D214E00C1081E2FBFDFFEB000050E3300100BA72
S31533D214F0015085020060A001F4FFFF0A0F0050E3CA
S31533D21500080000CA08309BE5050183E710209BE526
S31533D21510003192E70060A0E1013083E2015085E2E7
S31533D21520003182E7E9FFFFEA100050E32200001AC6
S31533D2153000C0A0E30CE0A0E1001094E50430D4E57A
S31533D215400020D1E5010083E25223A0E1FF3000E24D
S31533D21550080053E3012002E208304302011081E24C
S31533D2156012CE8CE001E08EE20400C4E5001084058D
S31533D215700430C40502005EE3EEFFFF3A03109CE269
S31533D21580D2FFFF0A070055E108309BB5083099A53B
S31533D21590052067E0056183B7026183A710209BB527
S31533D215A0102099A5063192E7011051E2013083E238
S31533D215B0015085E2063182E7F0FFFFEA110050E3AC
S31533D215C000E0A0130EC0A0111500001A00E0A0E36C
S31533D215D00EC0A0E1001094E50430D4E50020D1E565
S31533D215E0010083E25223A0E1FF3000E2080053E345
S31533D215F0012002E208304302011081E212EC8EE07E
S31533D2160001C08CE20400C4E5001084050430C4055D
S31533D2161003005CE3EEFFFF3A0E3085E0035083E2FC
S31533D21620120000EA001094E50430D4E50020D1E567
S31533D21630010083E25223A0E1FF3000E2080053E3F4
S31533D21640012002E208304302011081E212EC8EE02D
S31533D2165001C08CE20400C4E5001084050430C4050D
S31533D2166007005CE3EEFFFF3A0E3085E00B5083E2A0
S31533D216700060A0E395FFFFEA0B00A0E142FEFFEB49
S31533D2168000209DE5055067E0020055E1640000AACB
S31533D21690C91E8DE20400A0E10C1081E28DFDFFEB71
S31533D216A0000050E3C20000BA015085020060A001A7
S31533D216B05800000A0F0050E3080000CA083099E5F3
S31533D216C0050183E7102099E5003192E70060A0E166
S31533D216D0013083E2015085E2003182E74D0000EAE0
S31533D216E0100050E31D00001A00C0A0E30CE0A0E1C5
S31533D216F0001094E50430D4E50020D1E5010083E22D
S31533D217005223A0E1FF3000E2080053E3012002E284
S31533D2171008304302011081E212CE8CE001E08EE230
S31533D217200400C4E5001084050430C40502005EE328
S31533D21730EEFFFF3A03109CE23600000A083099E5F1
S31533D21740056183E7102099E5063192E7011051E21C
S31533D21750013083E2015085E2063182E7F5FFFFEAB3
S31533D21760110050E300E0A0130EC0A0111500001AE9
S31533D2177000E0A0E30EC0A0E1001094E50430D4E536
S31533D217800020D1E5010083E25223A0E1FF3000E20B
S31533D21790080053E3012002E208304302011081E20A
S31533D217A012EC8EE001C08CE20400C4E5001084054D
S31533D217B00430C40503005CE3EEFFFF3A0E3085E016
S31533D217C0035083E2120000EA001094E50430D4E5E4
S31533D217D00020D1E5010083E25223A0E1FF3000E2BB
S31533D217E0080053E3012002E208304302011081E2BA
S31533D217F012EC8EE001C08CE20400C4E500108405FD
S31533D218000430C40507005CE3EEFFFF3A0E3085E0C1
S31533D218100B5083E20060A0E300309DE5030055E12F
S31533D2182099FFFFEA0900A0E1D7FDFFEB04109DE54E
S31533D218300400A0E15D0000EA01005CE30130A013AD
S31533D2184020308D155A00001A1C309DE50CE09DE5EB
S31533D21850CB0E8DE2CD5E8DE2C82C9DE503608EE054
S31533D21860080080E2045085E20F30A0E30010A0E3F3
S31533D21870031182E7013053E2FBFFFF1A001082E5F0
S31533D21880142090E50F30A0E30010A0E3031182E7D2
S31533D21890013053E2FBFFFF1A001082E5082090E5B0
S31533D218A08F30A0E30810A0E3031182E7013053E26D
S31533D218B0FBFFFF1A001082E5083090E56F20A0E3D4
S31533D218C0093D83E20910A0E3021183E7012052E2F4
S31533D218D0FBFFFF1A001083E5083090E51720A0E30B
S31533D218E0013B83E20710A0E3021183E7012052E2E0
S31533D218F0FBFFFF1A001083E5083090E50120A0E103
S31533D21900463E83E20810A0E3021183E7012052E276
S31533D21910FBFFFF1A001083E5102090E51830A0E3C1
S31533D219201C3082E5102090E5803083E2203082E588
S31533D21930102090E5283043E2243082E5102095E515
S31533D21940613043E20010A0E3031182E7013053E260
S31533D21950FBFFFF1A001082E5142095E50F30A0E382
S31533D219600010A0E3031182E7013053E2FBFFFF1AE3
S31533D21970001082E5082095E51F30A0E30510A0E3D9
S31533D21980031182E7013053E2FBFFFF1A001082E5DF
S31533D21990102095E52030A0E3143082E57AFDFFEBB3
S31533D219A00500A0E178FDFFEB0400A0E10610A0E12B
S31533D219B0FDFCFFEB08109DE5000051E30200001A4F
S31533D219C020309DE5000053E3FEFDFF0A20009DE55E
S31533D219D0000050E31C009D0500006012CFDE8DE27D
S31533D219E0F08EBDE8B458D333F0402DE9E0309FE5DD
S31533D219F003E0A0E130D04DE20070A0E10F00BEE8A3
S31533D21A000DC0A0E10F00ACE80F00BEE80F00ACE882
S31533D21A10146097E50F009EE8015046E20F008CE83A
S31533D21A206410A0E30500A0E144F0FFEBC54FA0E17B
S31533D21A30244F85E04441A0E1044060E0191EA0E37F
S31533D21A400500A0E13DF0FFEB030016E3004084E04E
S31533D21A506410A0E30600A0E10B00001A87F0FFEB77
S31533D21A60000050E3191EA0E30600A0E10200001ADB
S31533D21A7082F0FFEB000050E30300001A103097E5F3
S31533D21A80020053E30110A0E3000000CA0010A0E322
S31533D21A90103097E530208DE2850185E0033182E03F
S31533D21AA0800185E0343013E5000180E00C2097E5E0
S31533D21AB0040080E0030080E0020080E0000081E091
S31533D21AC00710A0E36DF0FFEB180087E530D08DE237
S31533D21AD0F080BDE84445D23370402DE90160A0E1B0
S31533D21AE008119FE50040A0E114F0FFEBFC109FE50F
S31533D21AF00050A0E10400A0E160F0FFEBE11EA0E3C9
S31533D21B000040A0E10DF0FFEBE11EA0E3080086E52D
S31533D21B100400A0E159F0FFEB3C10A0E30040A0E172
S31533D21B2006F0FFEB3C10A0E3040086E50400A0E107
S31533D21B3052F0FFEBB8C09FE5000086E5050000EA18
S31533D21B405B5F45E2025045E2010000EA5B5F45E264
S31533D21B50015045E201C08CE203201CE20300001A95
S31533D21B6090309FE5030055E1F4FFFFCA010000EA46
S31533D21B705B0F55E3F4FFFFCA000052E378309F057B
S31533D21B801D20820214C086E50420830568209FE592
S31533D21B90003092E5030055E101C0A0E30430A0E35F
S31533D21BA0090000BA0210A0E1023083E0043013E513
S31533D21BB00420B1E5055063E0020055E101C08CE261
S31533D21BC034209FE50C31A0E1F6FFFFAA28309FE5FA
S31533D21BD0011085E21C20A0E30600A0E1042083E5B0
S31533D21BE010C086E50C1086E57040BDE87DFFFFEA6E
S31533D21BF080510100B20700006D010000C858D333BB
S31533D21C00F0442DE9026041E2000056E30050A0E1F0
S31533D21C10015040D26410A0E30500A0E10C6086D215
S31533D21C200270A0E103A0A0E1907DFFEB2541A0E1B4
S31533D21C30044060E0191EA0E30500A0E18B7DFFEBE3
S31533D21C40863086E0833166E0004084E00C10A0E330
S31533D21C50030266E0857DFFEB853185E0004084E083
S31533D21C60833185E0074084E0033183E0034084E067
S31533D21C70844084E084418AE018209DE5044264E0BE
S31533D21C80042182E01C309DE5022262E008009FE502
S31533D21C90023183E0000083E0F084BDE880BFB186B1
S31533D21CA00030A0E1FF0000E22002A0E10F3003E2D0
S31533D21CB0000180E0800083E00EF0A0E130402DE9D0
S31533D21CC00A10A0E30050A0E1687DFFEB0A10A0E32F
S31533D21CD00042A0E10500A0E128F0FFEB004084E109
S31533D21CE0FF4004E20400A0E13080BDE8F04E2DE996
S31533D21CF05714A0E34030D1E5013083E34030C1E518
S31533D21D000050A0E17000D1E57440D1E57860D1E5D9
S31533D21D107CA0D1E580B0D1E58490D1E58820D1E5D8
S31533D21D207030D1E5000053E1FF7002E2F4FFFF1ABF
S31533D21D305724A0E35430D1E55830D1E55C30D1E5E0
S31533D21D406030D1E56430D1E56830D1E55030D1E574
S31533D21D504030D2E50130C3E34030C2E57F0000E202
S31533D21D60CEFFFFEB000085E57F0004E2CBFFFFEB2E
S31533D21D70040085E53F0006E2C8FFFFEB080085E5A0
S31533D21D803F000AE2C5FFFFEB0C0085E51F0009E2EF
S31533D21D90C2FFFFEB100085E50700A0E1BFFFFFEBE3
S31533D21DA00040A0E1140085E507000BE2BBFFFFEB51
S31533D21DB0450054E3763E84C27D3E84D20C3083C210
S31533D21DC0143085E50030A0E3180085E5203085E56B
S31533D21DD01C3085E5F08EBDE8F04E2DE96410A0E3D4
S31533D21DE00040A0E1140090E5A4EFFFEBB2FFFFEB86
S31533D21DF00030A0E1100094E5FFB003E2AEFFFFEB73
S31533D21E000090A0E1180094E5ABFFFFEB00A0A0E170
S31533D21E100C0094E5A8FFFFEB0070A0E1080094E52F
S31533D21E20A5FFFFEB0060A0E1040094E5A2FFFFEB30
S31533D21E300050A0E1000094E59FFFFFEB5724A0E3C7
S31533D21E404030D2E5FF9009E2013083E3FFA00AE2C4
S31533D21E50FF7007E2FF6006E2FF5005E2FF0000E2C1
S31533D21E604030C2E57000C2E57450C2E57860C2E54F
S31533D21E707C70C2E580A0C2E58490C2E588B0C2E563
S31533D21E804030D2E50130C3E34030C2E5F08EBDE80F
S31533D21E905734A0E34020D3E50620C2E3082082E3B9
S31533D21EA04020C3E54020D3E50920C2E34020C3E531
S31533D21EB00EF0A0E10000A0E30EF0A0E1F04E2DE942
S31533D21EC00020A0E35CD04DE218208DE508208DE5C5
S31533D21ED00050A0E10170A0E120008DE20210A0E112
S31533D21EE0302082E2249095E5B1DEFFEB0030D5E5A2
S31533D21EF00C2097E50C1095E5040097E5040053E3DF
S31533D21F000030A0130130A00310308DE5000052E328
S31533D21F100830A0E30020E0E328108DE524008DE5D8
S31533D21F2020508DE514308DE50C208DE500B097E544
S31533D21F303800000A10309DE5000053E3D8329FE5CE
S31533D21F40B035CDE1D4329FE5B235CDE10C30A003F5
S31533D21F502A00000A2C3095E5020053E32C2085E281
S31533D21F600D00001A0C3092E5000053E30300001A39
S31533D21F70AC029FE5E2C7FFEB0C009DE5A40000EA75
S31533D21F8014308DE5082092E5080053E318208DE509
S31533D21F900820A0C3100000CA100000EA143095E519
S31533D21FA0100053E314309D0518308D050B00000A0B
S31533D21FB00200008A080053E30400000A070000EA4D
S31533D21FC0400053E31020A00318208D05030000EA06
S31533D21FD00630A0E318308DE50220A0E314208DE538
S31533D21FE00830A0E3050000EA0020A0E10910A0E101
S31533D21FF030029FE5C2C7FFEB0000E0E3840000EA7C
S31533D220000000A0E350108DE20820A0E354308DE5D2
S31533D2201007DDFFEB58008DE5103097E5000053E32B
S31533D220200900000A3C4195E5283094E5A40094E5AD
S31533D2203008308DE5F0319FE5000050E3283084E552
S31533D22040FAC8FF1B0030A0E3A43084E5043097E509
S31533D2205024109DE50B3083E0030051E15F00002A63
S31533D22060103097E5000053E30130A0030030A013BC
S31533D22070000053E30B00000A0020A0E30500A0E1E1
S31533D220800FE0A0E134F195E5000050E3040000DA25
S31533D22090083097E5000053E390019F054400000AC8
S31533D220A0450000EACFFFFFBA0500A0E120108DE24A
S31533D220B00FE0A0E100F195E5006050E20620A011D1
S31533D220C06C019F151500001A0C3097E5000053E3C7
S31533D220D01800000A10209DE5000052E31200000AD0
S31533D220E018309DE524109DE5031081E01C308DE236
S31533D220F000308DE550308DE204308DE50020A0E3FB
S31533D221000500A0E114309DE50FE0A0E120F195E57D
S31533D22110006050E20700000A18019FE50620A0E1CD
S31533D221200910A0E176C7FFEB230000EA08019FE549
S31533D221300910A0E172C7FFEB083097E5000053E3ED
S31533D221401D00001A24A09DE50C3095E5042097E5B1
S31533D2215003308AE0033062E06420A0E3930281E065
S31533D221600B20A0E10030A0E3670500EB0C209DE500
S31533D22170000052E10140A0E10030A0E10E00000A96
S31533D221800320A0E10A10A0E1B0009FE50C308DE523
S31533D221905BC7FFEB0C3097E5003053E20130A01327
S31533D221A0000056E30030A013000053E30200000AC6
S31533D221B08C009FE524109DE551C7FFEB0C1095E5B6
S31533D221C0042097E524309DE50B2082E0013083E06D
S31533D221D00310A0E1020053E124308DE59EFFFFEADE
S31533D221E0083097E5000053E358009F0544C7FF0BE9
S31533D221F008309DE5000053E33C31951508209D15F3
S31533D222000500A011282083150FE0A01150F09315A5
S31533D222100000A0E35CD08DE2F08EBDE885190000D4
S31533D22220032000009CC7D233D8C7D233B41ED2339D
S31533D22230FCC7D23348C8D23364C8D23384C8D23334
S31533D22240BCC8D233E0C8D23380A9D233F04E2DE9CB
S31533D222500170A0E1243091E5F4D04DE20010E0E3F1
S31533D2226000B0A0E320108DE51CB08DE518108DE5B6
S31533D22270002097E5089097E510208DE5000053E3CB
S31533D222802C3097E500A0A0E10C308DE50600000A8C
S31533D22290203097E50B0053E10300000A88049FE50B
S31533D222A017C7FFEB18009DE51D0100EA283097E5E5
S31533D222B00C009AE5000053E39300001014008DE529
S31533D222C014209AE5100052E30300001A10309AE52F
S31533D222D0020C53E30C00000A040000EA080052E36E
S31533D222E00200001A10309AE5010C53E3030000EAD8
S31533D222F0400052E30200001A10309AE5020B53E340
S31533D223000100000A24049FE5030100EA2C408AE245
S31533D223102C008DE20410A0E1C820A0E3B8DDFFEB98
S31533D223201C3097E5000053E30500000A0400A0E110
S31533D22330FC139FE5C820A0E30150A0E3B0DDFFEB49
S31533D223401C508DE5103097E5000053E30800000AA0
S31533D223502C309DE5020053E30500000A0400A0E1C8
S31533D22360D0139FE5C820A0E3A5DDFFEB01E0A0E3C0
S31533D223701CE08DE5143097E5000053E3B8139F156F
S31533D223800300001A183097E5000053E30F00000A12
S31533D22390A8139FE514309AE5080053E30600001AD2
S31533D223A0183097E5000053E394039F15CF00001AF4
S31533D223B084339FE50320A0E3042083E50400A0E120
S31533D223C0C820A0E38EDDFFEB0110A0E31C108DE510
S31533D223D0203097E5000053E314309A1510509AE51E
S31533D223E00540A0E103408510243097E5000053E33E
S31533D223F004B097E50500001A0B00A0E10410A0E162
S31533D224001EEEFFEB000050E338039F15B700001AD8
S31533D224100B00A0E10410A0E1C8EDFFEB950002E07A
S31533D2242008C09AE5083097E50C3063E0030052E1F1
S31533D224301000009A10039FE50420A0E10530A0E1F5
S31533D224400B10A0E100C08DE5ADC6FFEBFC029FE5D4
S31533D22450A60000EAF8029FE5A40000EA0010A0E144
S31533D22460F0029FE5010000EAEC029FE50910A0E1F4
S31533D22470A3C6FFEB9E0000EA0C3097E5000053E388
S31533D224809400001AD4029FE59DC6FFEB910000EA71
S31533D2249008309AE5030059E19000002A14209DE5CD
S31533D224A00220E0E108208DE5012082E220409DE53D
S31533D224B0023009E0030054E13100000A303097E5A7
S31533D224C0022009E000E0A0E3000053E320208DE5AB
S31533D224D00250A0E1C56FA0E124E08DE52500001AB4
S31533D224E00620A0E10510A0E10A00A0E10FE0A0E1A9
S31533D224F034F19AE500C050E2D5FFFFBA01005CE36E
S31533D225000800001A0C3097E5000053E350029FE5DA
S31533D225100510A0E120209DE524C08DE50400001AE4
S31533D2252077C6FFEB020000EA24109DE5000051E3A3
S31533D225300200000A20209DE514309DE5039082E007
S31533D2254014009DE5281097E5487BFFEB20409DE5A7
S31533D2255014E09DE5005095E00E3084E00060A6E2AB
S31533D225600040A0E3060054E1DCFFFFCA0100001AA3
S31533D22570050053E1D9FFFF8A08109DE5012081E298
S31533D22580C9FFFFEA0C509DE5000055E314E09D15D3
S31533D225900010A0130E9089100C108D154D00001A11
S31533D225A010509AE5243097E5000053E305005B11CA
S31533D225B0050000AAAC019FE505206BE000008BE055
S31533D225C0FF10A0E30B50A0E1F9DCFFEB94619FE55A
S31533D225D00520A0E110109DE50600A0E108DDFFEB52
S31533D225E0203097E510209DE5000053E3052082E0A5
S31533D225F010208DE51500000A6C419FE50210A0E14B
S31533D226000400A0E114209AE5FDDCFFEB14C09AE571
S31533D2261004408DE510409DE528308DE20C4084E0B0
S31533D2262000308DE50A00A0E10C30A0E10910A0E11B
S31533D226300020A0E310408DE50FE0A0E120F19AE52A
S31533D22640000050E384FFFF1A14309AE50BB063E0EF
S31533D2265028208DE210309AE50A00A0E144008DE8B5
S31533D226600910A0E10020A0E30FE0A0E110F19AE532
S31533D22670000050E37BFFFF1A0C3097E5000053E39B
S31533D226800BB065E01100001A042097E5643083E27B
S31533D2269002106BE0914385E00030A0E30510A0E150
S31533D226A00400A0E1180400EB18E09DE500005EE1DA
S31533D226B00150A0E10040A0E10400000AAC009FE53E
S31533D226C00910A0E10420A0E10DC6FFEB18408DE539
S31533D226D010309AE5039089E000005BE36BFFFF1A73
S31533D226E00C3097E5000053E30100001A6C009FE5E6
S31533D226F003C6FFEB1C109DE5000051E32C008A1272
S31533D227002C108D12C820A013BDDCFF1B00005BE357
S31533D227100000A0D3020000DA54009FE5F8C5FFEBE0
S31533D227200000E0E3F4D08DE2F08EBDE800C9D233B7
S31533D2273028C9D23308BCD733885AD333C059D333C3
S31533D22740F858D3334CC9D23378C9D233A0C9D2335A
S31533D22750F0C9D23318CAD23330CAD2334CCAD233AF
S31533D2276080A9D23378CAD233D0BCD733D0C4D733B5
S31533D22770B8CAD233E4CAD233F04E2DE901B0A0E18E
S31533D22780ECD04DE20010E0E3142090E514108DE541
S31533D2279004909BE518108DE500309BE50040A0E30D
S31533D227A0100052E308A09BE50070A0E110308DE50E
S31533D227B00C408DE50300001A103090E5020C53E33A
S31533D227C00C00000A040000EA080052E30200001AA1
S31533D227D0103090E5010C53E3030000EA400052E394
S31533D227E00200001A103097E5020B53E30100000AB8
S31533D227F028039FE5C50000EA10309BE5104097E5E4
S31533D22800000053E30450A0E1025084100900A0E142
S31533D228100510A0E1C9ECFFEB940002E008C097E5BE
S31533D228200C306AE0030052E11000009AF0029FE5C1
S31533D228300910A0E10520A0E10430A0E100C08DE566
S31533D22840AFC5FFEBDC029FE5B00000EAD8029FE5C5
S31533D22850A30000EAD4029FE50A10A0E1010000EA00
S31533D228600010A0E1C8029FE5A5C5FFEB9D0000EAA3
S31533D228700C309BE5000053E3B8029F05A0C5FF0B8E
S31533D228802C5087E224008DE20510A0E1C820A0E3C4
S31533D2289008508DE55ADCFFEB14309BE5000053E349
S31533D228A00500000A90129FE508009DE5C820A0E3F3
S31533D228B053DCFFEB0110A0E30C108DE5000059E396
S31533D228C0820000EA083097E503005AE18000002AF5
S31533D228D00C2097E50220E0E1013082E218409DE5F3
S31533D228E003300AE0030054E12D00000A18309BE589
S31533D228F0012082E202200AE00010A0E3000053E373
S31533D2290018208DE50250A0E1C56FA0E11C108DE5EC
S31533D22910EEFFFF1A0620A0E10510A0E10700A0E1E1
S31533D229200FE0A0E134F197E500C050E2C6FFFFBA1B
S31533D2293001005CE30800001A0C309BE5000053E338
S31533D22940F8019FE50510A0E118209DE51CC08DE561
S31533D229500400001A6AC5FFEB020000EA1C209DE58B
S31533D22960000052E30200000A0C3097E518409DE589
S31533D2297003A084E00C2097E518109DE5025095E02C
S31533D22980023081E00040A0E30060A6E2060054E1C3
S31533D22990DFFFFFCACDFFFF1A050053E1DCFFFF8A03
S31533D229A0CAFFFFEA98619FE520108DE20A40A0E183
S31533D229B00050A0E3103097E50700A0E142008DE83E
S31533D229C00520A0E10410A0E10FE0A0E10CF197E5D8
S31533D229D0000050E39EFFFF1A20309DE5030059E1F4
S31533D229E020908D350610A0E120209DE510009DE57F
S31533D229F003DCFFEB10309BE520209DE5000053E34B
S31533D22A0010309DE5023083E0099062E010308DE5D7
S31533D22A101600000A2C619FE520108DE2143097E51B
S31533D22A200700A0E142008DE80520A0E10410A0E121
S31533D22A300FE0A0E11CF197E5000050E387FFFF1AC0
S31533D22A4020309DE5030059E120908D350610A0E163
S31533D22A5020209DE510009DE5E9DBFFEB20309DE597
S31533D22A6010209DE5032082E010208DE5099063E0A6
S31533D22A700C309BE5000053E31100001A04209BE58A
S31533D22A80643083E2021069E0914385E00030A0E3FB
S31533D22A900510A0E10400A0E11B0300EB0150A0E135
S31533D22AA00040A0E114109DE5040051E10400000A70
S31533D22AB094009FE50A10A0E10420A0E110C5FFEBF4
S31533D22AC014408DE5103097E5000059E303A08AE030
S31533D22AD07BFFFF1A0C309BE5000053E30100001A4B
S31533D22AE050009FE506C5FFEB0C209DE5000052E36F
S31533D22AF008009D1524108D12C820A013C0DBFF1BEE
S31533D22B00000059E30000A0D3020000DA3C009FE56F
S31533D22B10FBC4FFEB0000E0E3ECD08DE2F08EBDE8F0
S31533D22B2028C9D233A0C9D23318CBD23318CAD23367
S31533D22B303CCBD23368CBD23380A9D23308BCD7334A
S31533D22B4078CAD233D0BCD733D0C4D73384CBD233AB
S31533D22B50B0CBD23370402DE90160A0E13C4190E550
S31533D22B600010A0E30050A0E10FE0A0E124F094E5F9
S31533D22B70000056E30020E0E30230A0E12A10A0039E
S31533D22B802C10A0130500A0E10FE0A0E138F094E5B4
S31533D22B900410A0E10220A0E30500A0E10FE0A0E1FA
S31533D22BA03CF094E50010E0E3010010E30500A0E128
S31533D22BB00060A0030060E0130FE0A0E124F094E5B7
S31533D22BC00600A0E17080BDE8F0402DE93C4190E5A6
S31533D22BD0743094E50060A0E10150A0E13113A0E155
S31533D22BE00FE0A0E124F094E5103096E50020E0E33F
S31533D22BF0023083E0030015E17A10A0E30600A0E1A8
S31533D22C000270A0E10200000A40009FE5BCC4FFEB8C
S31533D22C10080000EA68C094E5983094E5353C03E081
S31533D22C200FE0A0E138F094E50600A0E10FE0A0E191
S31533D22C3008F094E5077000E20600A0E10010E0E365
S31533D22C400FE0A0E124F094E50700A0E1F080BDE8DF
S31533D22C50E0CBD233F0442DE93C5190E50060A0E18C
S31533D22C600C019FE50270A0E10140A0E1A4C4FFEBC1
S31533D22C70741095E50600A0E13411A0E10FE0A0E18E
S31533D22C8024F095E50020E0E30600A0E10230A0E18E
S31533D22C907010A0E30FE0A0E138F095E50600A0E18D
S31533D22CA00FE0A0E108F095E5800010E300A0E0E361
S31533D22CB0C0009FE50D00000A103096E5013043E29D
S31533D22CC0030014E1B0009FE500A0E0E30700001A49
S31533D22CD0000057E3A4009FE500A0E0E30300000A17
S31533D22CE0030017E12310A0E30A20A0E10100000A72
S31533D22CF083C4FFEB180000EA68C095E5983095E5B2
S31533D22D00344CA0E1033004E00600A0E10FE0A0E1A9
S31533D22D1038F095E5682095E5983095E5372284E005
S31533D22D20014042E2033004E00600A0E12410A0E3DE
S31533D22D300020E0E30FE0A0E138F095E50600A0E10C
S31533D22D400510A0E10220A0E30FE0A0E13CF095E527
S31533D22D50010010E300A0A00300A0E0130600A0E117
S31533D22D600010E0E30FE0A0E124F095E50A00A0E1FC
S31533D22D70F084BDE828CCD23350CCD2337CCCD233C8
S31533D22D80B8CCD233022122E2030031E102C0200091
S31533D22D9002013C039E00000A80C091E10310A001D8
S31533D22DA00200A00182C093110EF0A00130402DE96A
S31533D22DB07FC4A0E30FC68CE30C4000E00C5002E094
S31533D22DC00C0034E10C0035119C00000A045055E056
S31533D22DD0005065B2060000DA054084E0033021E0C4
S31533D22DE0022020E0011023E0000022E0033021E06C
S31533D22DF0022020E0360655E33080BD88020110E347
S31533D22E008C00C0E1010680E30100000A001071E2B2
S31533D22E100000E0E2020112E38C20C2E1012682E312
S31533D22E200100000A003073E20020E2E2050034E109
S31533D22E307100000A00C0A0E3255AB0E11300000A9C
S31533D22E40010634E30400000A8110B0E18000ACE01D
S31533D22E50014644E2015055E20C00000A20E075E205
S31533D22E60040000BA13CEA0E13335A0E1123E83E19A
S31533D22E705225A0E1050000EA205045E220E08EE259
S31533D22E80010053E312CEACE05235A0E14220A0E1A9
S31533D22E90031091E00200A0E0025110E20200005A80
S31533D22EA000C07CE20010F1E20000E0E2010650E31A
S31533D22EB01900003A020650E30B00003A010550E3FB
S31533D22EC00400003AA000B0E16110B0E16CC0B0E1C9
S31533D22ED001C08C23014684E2A000B0E16110B0E197
S31533D22EE06CC0B0E101C08C23014684E2AC1F91E0C1
S31533D22EF00000A0E202013CE30110C103020610E353
S31533D22F000146841201C694E24800004A0306C0E35E
S31533D22F10040080E1050080E13080BDE8000030E373
S31533D22F200A30E0131530A0030100A0010010A0032C
S31533D22F300020A0E120C8B0E10228A00110308302DC
S31533D22F40FF0412E30224A001083083020F0212E3F4
S31533D22F500222A00104308302030112E30221A0012B
S31533D22F6002308302020112E301308302202053E27C
S31533D22F70070000AA0C2092E2040000DA14C082E2DF
S31533D22F800C2062E2101CA0E13002A0E1040000EA78
S31533D22F90142082E220C062D21002A0E1310C80D159
S31533D22FA01112A0D1034A54E0D7FFFFCA444AE0E113
S31533D22FB01E4054E20D0000AA0C4094E2050000CA2A
S31533D22FC0144084E2202064E23114A0E1101281E16C
S31533D22FD0300485E13080BDE80C4064E2202064E2DF
S31533D22FE03112A0E1101481E10500A0E13080BDE8B1
S31533D22FF03014A0E10500A0E13080BDE8000034E30F
S31533D230000106200201468402012622E201564512E6
S31533D2301087FFFFEA01C64CE20C2000E00C0032E116
S31533D2302002078C030000A0130010A0E30EF0A0E138
S31533D230307F0485E30F0680E30010A0E33080BDE83A
S31533D230400C0034E10200A0110310A0110C0035019B
S31533D230503080BD18004691E1024693010200300119
S31533D23060020785130010A0133080BDE8000030E389
S31533D230700010A0030EF0A00130402DE90141A0E3A8
S31533D23080334684E20050A0E30010A0E10000A0E36F
S31533D23090A1FFFFEA000030E30010A0030EF0A00137
S31533D230A030402DE90141A0E3334684E2025110E2A6
S31533D230B0000060420010A0E10000A0E396FFFFEAD1
S31533D230C08020B0E10700000AC201A0E16000A0E18E
S31533D230D0021EA0E1FF2412E20500000AFF0432E306
S31533D230E00E0320120EF0A0E10000A0E10010A0E3FF
S31533D230F00EF0A0E130402DE90E43A0E3014684E23F
S31533D23100025100E20201C0E383FFFFEA70402DE9A8
S31533D231107FC4A0E30FC68CE30C4000E00C5002E030
S31533D231200C0034E10C003511A800000A806091E11D
S31533D23130826093115E00000AA440B0E100003513D9
S31533D231408E00000AC54084E0020030E1024984434E
S31533D231508C00C0E18C20C2E1010680E3012682E3F2
S31533D23160800F2DE92178A0E12388A0E12098A0E130
S31533D2317022A8A0E10718C1E10838C3E10908C0E1A2
S31533D231800A28C2E191030CE091080BE000E0A0E3F8
S31533D231900BC89CE02BE8AEE097030BE00BC89CE060
S31533D231A02BE8AEE0910A0BE00050A0E30BE89EE0A9
S31533D231B02B58A5E097020BE00BE89EE02B58A5E0FF
S31533D231C090080BE00BE89EE02B58A5E099030BE071
S31533D231D00BE89EE02B58A5E0900A0BE0990A06E05D
S31533D231E00B5895E02B68A6E099020BE00B5895E085
S31533D231F02B68A6E091020BE00BE09EE0970A0BE038
S31533D232000B50B5E090030BE00060A6E20BE09EE0F4
S31533D2321099080BE00B50B5E097080BE00060A6E2B5
S31533D232200BE09EE090020BE00B50B5E00060A6E2D5
S31533D23230800FBDE800003CE301E08E130408A0E121
S31533D232400249C4E3020C16E30400000A024784E2BD
S31533D23250A660B0E16550B0E16EE0B0E101E08E2315
S31533D23260060680E1250A80E10516A0E12E1A81E110
S31533D232703E4744E21F4454E2110000DA0EE6B0E18F
S31533D232800500005A011091E20000A0E202013EE3AA
S31533D232900110C103020610E30247841202C794E235
S31533D232A001011CE35500001A0306C0E3840080E112
S31533D232B07080BDE8020020E0020100E20010A0E3F4
S31533D232C07080BDE86A0774E30010A0D3020100D23E
S31533D232D07080BDD8C449E0E11E4054E21B0000AA37
S31533D232E00C4094E20D0000CA144084E2205064E2CA
S31533D232F01135A0E13114A0E1101581E18000B0E19E
S31533D233003004A0E16000A0E1A31F91E00000A0E267
S31533D2331000003EE3020133030110C1037080BDE8DE
S31533D233200C4064E2205064E21134A0E13115A0E1BD
S31533D23330101481E1020100E2A31F91E00000A0E262
S31533D2334000003EE3020133030110C1037080BDE8AE
S31533D23350205064E21165A0E13134A0E1103583E126
S31533D233603014A0E1020100E23014C1E1A31F81E09F
S31533D233700E6096E1020133030110C1037080BDE8BA
S31533D2338000E0A0E3000034E30800001A026100E251
S31533D233908110B0E18000AEE0010610E30247440269
S31533D233A0FAFFFF0A060080E1000035E364FFFF1A15
S31533D233B0026102E28330B0E18220AEE0010612E34B
S31533D233C001564502FAFFFF0A062082E15CFFFFEA85
S31533D233D0806091E1826093110D00000A0C0034E1D2
S31533D233E00100001A006691E10900001A0C0035E19A
S31533D233F00100001A026693E10500001A020020E0AA
S31533D23400020100E27F0480E30F0680E30010A0E3DB
S31533D234107080BDE87F04A0E33E0780E37080BDE8C9
S31533D2342070402DE97FC4A0E30FC68CE30C4000E095
S31533D234300C5002E00C0034E10C003511806091114E
S31533D23440826093117E00000AA440B0E100003513A6
S31533D234506700000AC54044E002E020E00152A0E30F
S31533D234600226A0E1222285E1232C82E10334B0E184
S31533D234700006A0E1050032014D00000A205285E153
S31533D23480215C85E10164A0E102010EE2020055E13D
S31533D23490030056010200002A024744E2A220B0E1D9
S31533D234A06330A0E11F4484E23E4784E26A0774E381
S31533D234B080FFFFDAAC0054E1D0FFFFAA036056E0B7
S31533D234C00250C5E0A220B0E16330A0E10116A0E3F9
S31533D234D002C7A0E303E056E002E0D5E0036046201C
S31533D234E00E50A0210C108121A220B0E16330A0E18D
S31533D234F003E056E002E0D5E0036046200E50A02129
S31533D23500AC108121A220B0E16330A0E103E056E0D2
S31533D2351002E0D5E0036046200E50A0212C11812142
S31533D23520A220B0E16330A0E103E056E002E0D5E079
S31533D23530036046200E50A021AC11812106E095E1DD
S31533D235400D00000A0552A0E1265E85E10662A0E1AE
S31533D235508221A0E1A32E82E18331A0E12CC2B0E154
S31533D23560DBFFFF1A010610E30600001A010080E1E1
S31533D235700010A0E302C1A0E3D5FFFFEA010610E3B0
S31533D23580010080010010A003000054E3160000DAD4
S31533D2359002C055E003C056000010B1E20000A0E2EB
S31533D235A000003CE30110C1030106C0E3840080E18D
S31533D235B07080BDE802E10EE220068EE11F4484E23A
S31533D235C03E4784E2AC0054E18CFFFFAA000054E3B9
S31533D235D0840080C17080BDC86A0774E335FFFFDAD1
S31533D235E0010680E300E0A0E339FFFFEA06E085E196
S31533D235F037FFFFEA00E0A0E3000034E30800001A05
S31533D23600026100E28110B0E18000AEE0010610E340
S31533D2361002474402FAFFFF0A060080E1000035E38F
S31533D236208BFFFF1A026102E28330B0E18220AEE031
S31533D23630010612E301564502FAFFFF0A062082E15A
S31533D2364083FFFFEA0C0034E10C00350170FFFF0A29
S31533D236500C0034E10200001A004691E16CFFFF1AE6
S31533D2366065FFFFEA0C0035E10200001A025693E1F8
S31533D2367067FFFF1A0EFFFFEA804091E15EFFFF1A22
S31533D23680825093E10AFFFF1A61FFFFEA80C091E1CC
S31533D236901400000A6330A0E17FC4A0E30FC68CE3E3
S31533D236A00C2000E00C0032E11000000A01C1CCE359
S31533D236B00C0052E10B00003A1FC68CE20C0052E1E9
S31533D236C00C00002A0C2062E080C5A0E102C18CE353
S31533D236D0A1CA8CE1222AA0E1020113E33C02A0E182
S31533D236E0000060120EF0A0E10000A0E30EF0A0E1DC
S31533D236F0001691E10200001A020113E20201E0033D
S31533D237000EF0A0E10000A0E30EF0A0E1F04F2DE9D8
S31533D2371030A59FE5004053E20AA08FE00180A0E1B5
S31533D237200260A0E108D04DE204008DE54600001ACE
S31533D23730010052E15B00009A010852E30200A0E194
S31533D237402F01003A010452E318C0A02310C0A0338C
S31533D23750F4249FE502109AE7300CA0E10030D1E78A
S31533D237600C3083E0202073E20600000A04009DE584
S31533D23770203062E23033A0E11002A0E104008DE5BD
S31533D23780188283E11662A0E12698A0E10910A0E15E
S31533D237900800A0E179E9FFEB0910A0E10040A0E1EE
S31533D237A00800A0E1B176FFEB0678A0E12778A0E155
S31533D237B0970002E004109DE52138A0E1044883E165
S31533D237C0020054E10080A0E10500002A064094E0CD
S31533D237D0018040E20200002A020054E101804832DD
S31533D237E006408430044062E00910A0E10400A0E12F
S31533D237F062E9FFEB0910A0E10050A0E10400A0E199
S31533D238009A76FFEB970002E004109DE50138A0E1EA
S31533D238102338A0E1055883E1020055E10400002A9A
S31533D23820065095E0010040E20100002A020055E13C
S31533D238300100403208C880E100B0A0E30C00A0E119
S31533D238400B10A0E108D08DE2F08FBDE8010054E130
S31533D2385000B0A0830BC0A081F7FFFF8A010854E3DF
S31533D238609000003A010454E318C0A02310C0A03309
S31533D23870340CA0E1D0239FE502109AE70030D1E78A
S31533D238800C3083E0202073E29000001A04309DE599
S31533D23890040058E10600539101C0A02302C0A031DF
S31533D238A000B0A0E3E4FFFFEA000052E33A00000A95
S31533D238B0010856E33E00002AFF0056E308C0A08330
S31533D238C000C0A093360CA0E17C239FE502109AE781
S31533D238D00030D1E70C3083E0202073E23E00001A69
S31533D238E00698A0E1088066E02998A0E101B0A0E36A
S31533D238F02678A0E10710A0E10800A0E11FE9FFEB8B
S31533D239000710A0E10040A0E10800A0E15776FFEB13
S31533D23910990002E00080A0E104009DE52038A0E1C1
S31533D23920044883E1020054E10500002A064094E0BC
S31533D23930018048E20200002A020054E10180483273
S31533D2394006408430044062E00710A0E10400A0E1CF
S31533D239500AE9FFEB0710A0E10050A0E10400A0E191
S31533D239604276FFEB990002E004109DE50138A0E1DF
S31533D239702338A0E1055883E1020055E10400002A39
S31533D23980065095E0010040E20100002A020055E1DB
S31533D239900100403208C880E1A7FFFFEA0210A0E156
S31533D239A00100A0E33176FFEB0060A0E1010856E3D4
S31533D239B0C0FFFF3A90229FE5010456E318C0A023F5
S31533D239C010C0A03302109AE7360CA0E10030D1E70B
S31533D239D00C3083E0202073E2C0FFFF0A04009DE55A
S31533D239E0201062E23031A0E11662A0E13851A0E173
S31533D239F0188283E104309DE52678A0E11332A0E123
S31533D23A000710A0E10500A0E104308DE5DBE8FFEB3A
S31533D23A100710A0E10040A0E10500A0E11376FFEB49
S31533D23A200698A0E12998A0E1990002E02838A0E1CE
S31533D23A30044883E1020054E100B0A0E10200002A37
S31533D23A40064094E001B040E27100003A044062E0AD
S31533D23A500710A0E10400A0E1C8E8FFEB0710A0E10C
S31533D23A600050A0E10400A0E10076FFEB990002E01A
S31533D23A700838A0E12338A0E1055883E1020055E1A5
S31533D23A800500002A065095E0010040E20200002AE2
S31533D23A90020055E101004032065085300BB880E141
S31533D23AA0058062E092FFFFEA9C219FE5FF0054E353
S31533D23AB008C0A08300C0A09302109AE7340CA0E1C9
S31533D23AC00030D1E70C3083E0202073E26EFFFF0A59
S31533D23AD0201062E204009DE53631A0E1144283E13F
S31533D23AE03031A0E13851A0E1188283E104309DE52B
S31533D23AF024B8A0E11332A0E10B10A0E10500A0E176
S31533D23B0004308DE51662A0E19CE8FFEB0B10A0E101
S31533D23B100070A0E10500A0E1D475FFEB0498A0E1D3
S31533D23B202998A0E10020A0E1990202E02838A0E149
S31533D23B30077883E1020057E100008DE50300002ABE
S31533D23B40010040E2047097E000008DE53800003A78
S31533D23B50077062E00B10A0E10700A0E187E8FFEB24
S31533D23B600B10A0E10050A0E10700A0E1BF75FFEB37
S31533D23B70990002E00838A0E12338A0E1055883E161
S31533D23B80020055E10200002A045095E0010040E2DA
S31533D23B902300003A00109DE5055062E001C880E16A
S31533D23BA02C08A0E12638A0E10018CCE10328C6E1DF
S31533D23BB091020EE0900202E0930101E0900303E01A
S31533D23BC0011092E00138832201E89EE02138A3E046
S31533D23BD0050053E10700008A04209DE50030A01387
S31533D23BE00130A00302005EE10030A093013003829C
S31533D23BF0000053E30FFFFF0A01C04CE200B0A0E34B
S31533D23C000DFFFFEAFF0052E308C0A08300C0A093A2
S31533D23C10CEFEFFEA020054E101B04B320640843085
S31533D23C2089FFFFEA020055E1045085300100403264
S31533D23C30D7FFFFEA020057E10100403204708730E2
S31533D23C4000008D35C1FFFFEA3C240100000000009D
S31533D23C50A846D233B046D233B846D233C046D2335D
S31533D23C60C846D233D046D233D846D233E046D233CD
S31533D23C70E846D233F046D233F846D2330047D2333C
S31533D23C800847D2331047D2331847D2332047D233A9
S31533D23C902847D2333047D2333847D2334047D23319
S31533D23CA04847D2335047D2335847D2336047D23389
S31533D23CB06847D2337047D2337847D2338047D233F9
S31533D23CC08847D2339047D2339847D233A047D23369
S31533D23CD0552D426F6F7420312E312E362D6736667F
S31533D23CE03736313439362D6469727479202844653E
S31533D23CF0632031362032303235202D2031333A35A6
S31533D23D00383A3231290000000000000000000000AA
S31533D23D106E616E64000000006E616E645F73656CB3
S31533D23D206563745F6368697000000000005556039B
S31533D23D30590C0F5A5A0F0C59035655006530336600
S31533D23D403C696A3F3F6A693C663330656633306570
S31533D23D503F6A693C3C696A3F6530336603565500E0
S31533D23D605A0F0C59590C0F5A00555603693C3F6AB0
S31533D23D7030656633336665306A3F3C690C595A0FC0
S31533D23D8055000356560300550F5A590C0F5A590C30
S31533D23D9056030055550003560C595A0F6A3F3C69A0
S31533D23DA03366653030656633693C3F6A6A3F3C6910
S31533D23DB03366653030656633693C3F6A0F5A590C80
S31533D23DC056030055550003560C595A0F0C595A0FF0
S31533D23DD055000356560300550F5A590C693C3F6A60
S31533D23DE030656633336665306A3F3C690356550070
S31533D23DF05A0F0C59590C0F5A005556036633306540
S31533D23E003F6A693C3C696A3F6530336665303366AF
S31533D23E103C696A3F3F6A693C66333065005556031F
S31533D23E20590C0F5A5A0F0C59035655008025000098
S31533D23E30004B00000096000000E1000000C20100F2
S31533D23E4000002110422063308440A550C660E7700B
S31533D23E50088129914AA16BB18CC1ADD1CEE1EFF1B3
S31533D23E603112100273325222B5529442F772D6625B
S31533D23E70399318837BB35AA3BDD39CC3FFF3DEE303
S31533D23E806224433420040114E664C774A4448554AB
S31533D23E906AA54BB528850995EEE5CFF5ACC58DD553
S31533D23EA05336722611163006D776F6669556B446FB
S31533D23EB05BB77AA719973887DFF7FEE79DD7BCC7A3
S31533D23EC0C448E5588668A77840086118022823384B
S31533D23ED0CCC9EDD98EE9AFF9488969990AA92BB9F3
S31533D23EE0F55AD44AB77A966A711A500A333A122A9B
S31533D23EF0FDDBDCCBBFFB9EEB799B588B3BBB1AAB43
S31533D23F00A66C877CE44CC55C222C033C600C411CEA
S31533D23F10AEED8FFDECCDCDDD2AAD0BBD688D499D92
S31533D23F20977EB66ED55EF44E133E322E511E700E3A
S31533D23F309FFFBEEFDDDFFCCF1BBF3AAF599F788FE2
S31533D23F408891A981CAB1EBA10CD12DC14EF16FE1C2
S31533D23F508010A100C230E3200450254046706760FA
S31533D23F60B9839893FBA3DAB33DC31CD37FE35EF312
S31533D23F70B1029012F322D23235421452776256724A
S31533D23F80EAB5CBA5A89589856EF54FE52CD50DC562
S31533D23F90E234C324A014810466744764245405449A
S31533D23FA0DBA7FAB79987B8975FE77EF71DC73CD7B2
S31533D23FB0D326F2369106B0165766767615463456EA
S31533D23FC04CD96DC90EF92FE9C899E9898AB9ABA902
S31533D23FD04458654806782768C018E1088238A3283A
S31533D23FE07DCB5CDB3FEB1EFBF98BD89BBBAB9ABB52
S31533D23FF0754A545A376A167AF10AD01AB32A923A8A
S31533D240002EFD0FED6CDD4DCDAABD8BADE89DC98DA1
S31533D24010267C076C645C454CA23C832CE01CC10CD9
S31533D240201FEF3EFF5DCF7CDF9BAFBABFD98FF89FF1
S31533D24030176E367E554E745E932EB23ED10EF01E29
S31533D240402C03530045004300200053003300430072
S31533D24050320034003100300058002000540065005D
S31533D2406073007400200042002F004400160353001D
S31533D2407079007300740065006D0020004D00430053
S31533D240805500040309040000000000009630077778
S31533D240902C610EEEBA51099919C46D078FF46A7031
S31533D240A035A563E9A395649E3288DB0EA4B8DC7951
S31533D240B01EE9D5E088D9D2972B4CB609BD7CB17ED1
S31533D240C0072DB8E7911DBF906410B71DF220B06AA1
S31533D240D04871B9F3DE41BE847DD4DA1AEBE4DD6DB1
S31533D240E051B5D4F4C785D38356986C13C0A86B64B1
S31533D240F07AF962FDECC9658A4F5C0114D96C0663D1
S31533D24100633D0FFAF50D088DC8206E3B5E10694CB0
S31533D24110E44160D5727167A2D1E4033C47D4044BF0
S31533D24120FD850DD26BB50AA5FAA8B5356C98B242D0
S31533D24130D6C9BBDB40F9BCACE36CD832755CDF4550
S31533D24140CF0DD6DC593DD1ABAC30D9263A00DE5180
S31533D241508051D7C81661D0BFB5F4B42123C4B35670
S31533D241609995BACF0FA5BDB89EB802280888055FF0
S31533D24170B2D90CC624E90BB1877C6F2F114C685850
S31533D24180AB1D61C13D2D66B69041DC760671DB013E
S31533D24190BC20D2982A10D5EF8985B1711FB5B60610
S31533D241A0A5E4BF9F33D4B8E8A2C9077834F9000F50
S31533D241B08EA8099618980EE1BB0D6A7F2D3D6D08F0
S31533D241C0976C6491015C63E6F4516B6B62616C1CE0
S31533D241D0D83065854E0062F2ED95066C7BA5011B10
S31533D241E0C1F4088257C40FF5C6D9B06550E9B712B0
S31533D241F0EAB8BE8B7C88B9FCDF1DDD62492DDA1570
S31533D24200F37CD38C654CD4FB5861B24DCE51B53A8F
S31533D242107400BCA3E230BBD441A5DF4AD795D83D8F
S31533D242206DC4D1A4FBF4D6D36AE96943FCD96E34CF
S31533D24230468867ADD0B860DA732D0444E51D0333AF
S31533D242405F4C0AAAC97C0DDD3C710550AA410227BF
S31533D2425010100BBE86200CC925B56857B3856F208F
S31533D2426009D466B99FE461CE0EF9DE5E98C9D929EF
S31533D242702298D0B0B4A8D7C7173DB359810DB42E2F
S31533D242803B5CBDB7AD6CBAC02083B8EDB6B3BF9A7B
S31533D242900CE2B6039AD2B1743947D5EAAF77D29D07
S31533D242A01526DB048316DC73120B63E3843B6494E7
S31533D242B03E6A6D0DA85A6A7A0BCF0EE49DFF0993E7
S31533D242C027AE000AB19E077D44930FF0D2A3088757
S31533D242D068F2011EFEC206695D5762F7CB67658007
S31533D242E071366C19E7066B6E761BD4FEE02BD38907
S31533D242F05A7ADA10CC4ADD676FDFB9F9F9EFBE8E67
S31533D2430043BEB717D58EB060E8A3D6D67E93D1A1A6
S31533D24310C4C2D83852F2DF4FF167BBD16757BCA686
S31533D24320DD06B53F4B36B248DA2B0DD84C1B0AAF26
S31533D24330F64A0336607A0441C3EF60DF55DF67A8A6
S31533D24340EF8E6E3179BE69468CB361CB1A8366BC36
S31533D24350A0D26F2536E2685295770CCC03470BBB86
S31533D24360B91602222F260555BE3BBAC5280BBDB286
S31533D24370925AB42B046AB35CA7FFD7C231CFD0B526
S31533D243808B9ED92C1DAEDE5BB0C2649B26F263EC18
S31533D243909CA36A750A936D02A906099C3F360EEB26
S31533D243A08567077213570005824ABF95147AB8E2E6
S31533D243B0AE2BB17B381BB60C9B8ED2920DBED5E5C6
S31533D243C0B7EFDC7C21DFDB0BD4D2D38642E2D4F116
S31533D243D0F8B3DD686E83DA1FCD16BE815B26B9F6A6
S31533D243E0E177B06F7747B718E65A0888706A0FFF06
S31533D243F0CA3B06665C0B0111FF9E658F69AE62F8C6
S31533D24400D3FF6B6145CF6C1678E20AA0EED20DD7C5
S31533D244105483044EC2B30339612667A7F71660D0E5
S31533D244204D476949DB776E3E4A6AD1AEDC5AD6D925
S31533D24430660BDF40F03BD83753AEBCA9C59EBBDE45
S31533D244407FCFB247E9FFB5301CF2BDBD8AC2BACAF5
S31533D244503093B353A6A3B4240536D0BA9306D7CD65
S31533D244602957DE54BF67D9232E7A66B3B84A61C485
S31533D24470021B685D942B6F2A37BE0BB4A18E0CC345
S31533D244801BDF055A8DEF022D733363323434305FEB
S31533D244906E616E645F6877636F6E74726F6C000031
S31533D244A01F0000001C0000001F0000001E00000089
S31533D244B01F0000001E0000001F0000001F00000076
S31533D244C01E0000001F0000001E0000001F00000067
S31533D244D01F0000001D0000001F0000001E00000058
S31533D244E01F0000001E0000001F0000001F00000046
S31533D244F01E0000001F0000001E0000001F00000037
S31533D245006D0100006E01000053756E4D6F6E54759A
S31533D24510655765645468754672695361744A616E78
S31533D245204665624D61724170724D61794A756E4A92
S31533D24530756C4175675365704F63744E6F76446548
S31533D2454063000000000000001F0000003B000000A3
S31533D245505A0000007800000097000000B500000032
S31533D24560D4000000F3000000110100003001000036
S31533D245704E010000000102020303030304040404C0
S31533D2458004040404050505050505050505050505D4
S31533D2459005050505060606060606060606060606B4
S31533D245A006060606060606060606060606060606A0
S31533D245B00606060607070707070707070707070784
S31533D245C00707070707070707070707070707070770
S31533D245D00707070707070707070707070707070760
S31533D245E00707070707070707070707070707070750
S31533D245F00707070708080808080808080808080834
S31533D24600080808080808080808080808080808081F
S31533D24610080808080808080808080808080808080F
S31533D2462008080808080808080808080808080808FF
S31533D2463008080808080808080808080808080808EF
S31533D2464008080808080808080808080808080808DF
S31533D2465008080808080808080808080808080808CF
S31533D2466008080808080808080808080808080808BF
S30933D24670080808081B
S31533D246742020495251732025732020464951732021
S31533D24684257320204D6F646520257325730A000064
S31533D24694526573657474696E6720435055202E2ED2
S31533D246A42E0A0000555345525F3236004649515F7E
S31533D246B4323600004952515F323600005356435F85
S31533D246C432360000554B345F32360000554B355FA4
S31533D246D432360000554B365F32360000554B375F90
S31533D246E432360000554B385F32360000554B395F7C
S31533D246F432360000554B31305F323600554B313179
S31533D247045F323600554B31325F323600554B313305
S31533D247145F323600554B31345F323600554B3135F1
S31533D247245F323600555345525F3332004649515F71
S31533D24734333200004952515F333200005356435F0A
S31533D2474433320000554B345F33320000554B355F29
S31533D2475433320000554B365F333200004142545F15
S31533D2476433320000554B385F33320000554B395F01
S31533D2477433320000554B31305F333200554E445FBA
S31533D2478433320000554B31325F333200554B3133EA
S31533D247945F333200554B31345F3332005359535F1F
S31533D247A4333200007063203A205B3C2530386C7840
S31533D247B43E5D202020206C72203A205B3C25303853
S31533D247C46C783E5D0A7370203A202530386C782063
S31533D247D4206970203A202530386C782020667020B0
S31533D247E43A202530386C780A000000007231303AD8
S31533D247F4202530386C7820207239203A2025303827
S31533D248046C7820207238203A202530386C780A00D6
S31533D248147237203A202530386C7820207236203AB3
S31533D24824202530386C7820207235203A20253038FA
S31533D248346C7820207234203A202530386C780A00AA
S31533D248447233203A202530386C7820207232203A8B
S31533D24854202530386C7820207231203A20253038CE
S31533D248646C7820207230203A202530386C780A007E
S31533D24874466C6167733A20256325632563256300C2
S31533D248846F666600756E646566696E656420696E35
S31533D24894737472756374696F6E0A0000736F667458
S31533D248A47761726520696E746572727570740A0033
S31533D248B470726566657463682061626F72740A0056
S31533D248C4646174612061626F72740A006E6F74208C
S31533D248D4757365640A0000006661737420696E74F5
S31533D248E465727275707420726571756573740A00E4
S31533D248F4696E746572727570742072657175657307
S31533D24904740A000044756D6D795F6973722065726A
S31533D24914726F722C20696E74657272757074206E6E
S31533D24924756D6265723A2025642C20494E544D53A3
S31533D249344B203D20307825780A0000004953525F04
S31533D24944496E6974207E7E7E0A0000006261756484
S31533D2495472617465000000000A0A25730A0A0000DC
S31533D249644452414D3A202000232323204552524FD9
S31533D24974522023232320506C6561736520524553C9
S31533D2498445542074686520626F617264202323236D
S31533D249940A000000466C6173683A20004E414E4495
S31533D249A43A20200069706164647200006574686168
S31533D249B4646472000A0D0A23232323232025732006
S31533D249C442494F5320666F722025732023232323E0
S31533D249D4230D0A006C6F6164616464720000000053
S31533D249E4626F6F7466696C650000000023232057A7
S31533D249F461726E696E673A20676174657761796974
S31533D24A0470206E656564656420627574206E6F74C6
S31533D24A14207365740A0000006E6574726574727994
S31533D24A24000000006E6F00006F6E636500000000F5
S31533D24A340A41525020526574727920636F756E74FB
S31533D24A442065786365656465643B20737461727477
S31533D24A54696E6720616761696E0A000025642E2503
S31533D24A64642E25642E256400626164206C656E6778
S31533D24A747468202564203C2025640A00696E7661E5
S31533D24A846C69642052415250206865616465720AF6
S31533D24A94000000006C656E20626164202564203C7C
S31533D24AA42025640A00000000636865636B73756DF1
S31533D24AB4206261640A0000002049434D5020486F76
S31533D24AC4737420526564697265637420746F20007B
S31533D24AD46E6F6E65000000002564000067617465ED
S31533D24AE477617969700000006E65746D61736B009A
S31533D24AF4766C616E000000006E766C616E000000D7
S31533D24B047365727665726970000000002A2A2A2088
S31533D24B144552524F523A2070696E67206164647239
S31533D24B24657373206E6F7420676976656E0A000077
S31533D24B342A2A2A204552524F523A206073657276C4
S31533D24B446572697027206E6F74207365740A000098
S31533D24B542A2A2A204552524F523A206069706164C6
S31533D24B64647227206E6F74207365740A0000000052
S31533D24B742A2A2A204552524F523A206065746861A2
S31533D24B8464647227206E6F74207365740A000000CE
S31533D24B940A41626F72740A004279746573207472ED
S31533D24BA4616E73666572726564203D20256C6420AA
S31533D24BB428256C7820686578290A0000256C780014
S31533D24BC466696C6573697A6500000000256C580092
S31533D24BD466696C6561646472000000004C6F61640B
S31533D24BE420616464726573733A203078256C780A9B
S31533D24BF4000000004C6F6164696E673A202A08005C
S31533D24C046F6374657400000074696D656F7574006F
S31533D24C1446696C6520746F6F206C61726765000068
S31533D24C2446696C652068617320626164206D6167FD
S31533D24C34696300000A0920256C75204D42207265BA
S31533D24C446365697665640A09200000000A0920007F
S31533D24C540A54465450206572726F723A2046697238
S31533D24C64737420626C6F636B206973206E6F742096
S31533D24C74626C6F636B20312028256C64290A537492
S31533D24C84617274696E6720616761696E0A0A00005C
S31533D24C940A646F6E650A00000A544654502065720C
S31533D24CA4726F723A202725732720282564290A005E
S31533D24CB45374617274696E6720616761696E0A0A65
S31533D24CC4000000000A526574727920636F756E746C
S31533D24CD42065786365656465643B207374617274E5
S31533D24CE4696E6720616761696E0A00002530326C5A
S31533D24CF4582530326C582530326C582530326C586C
S31533D24D042E696D67000000002A2A2A205761726EF3
S31533D24D14696E673A206E6F20626F6F742066696CE0
S31533D24D2465206E616D653B207573696E6720272561
S31533D24D3473270A00544654502066726F6D207365B6
S31533D24D4472766572200000003B206F75722049500B
S31533D24D542061646472657373206973200000000022
S31533D24D643B2073656E64696E67207468726F756738
S31533D24D7468206761746577617920000046696C650A
S31533D24D846E616D6520272573272E00002053697AE9
S31533D24D9465206973203078257820427974657320F7
S31533D24DA43D2000002A2A2A205741524E494E473AA9
S31533D24DB420257320697320746F6F206C6F6E6720CE
S31533D24DC4282564202D206D61783A20256429202D17
S31533D24DD4207472756E63617465640A00486F737432
S31533D24DE4204E616D65000000526F6F74205061742A
S31533D24DF4680000004E495320446F6D61696E204E6C
S31533D24E04616D65006175746F6C6F61640000000007
S31533D24E144E465300424F4F54502062726F6164638D
S31533D24E246173742025640A00524152502062726FE0
S31533D24E346164636173742025640A000054696D65B1
S31533D24E446F75740A000000002A2A2A204552524F1B
S31533D24E54523A2043616E6E6F74206D6F756E740AD7
S31533D24E64000000002A2A2A204552524F523A20436E
S31533D24E74616E6E6F7420756D6F756E740A00000031
S31533D24E842A2A2A204552524F523A2046696C6520F1
S31533D24E946C6F6F6B7570206661696C0A00000000A3
S31533D24EA42F0000002A2A2A204552524F523A2053EF
S31533D24EB4796D6C696E6B206661696C0A0000000089
S31533D24EC42F6E6673726F6F742F2530326C582530CA
S31533D24ED4326C582530326C582530326C582E696D33
S31533D24EE46700000046696C65207472616E736665B9
S31533D24EF47220766961204E46532066726F6D207363
S31533D24F0465727665722000000A46696C656E616D88
S31533D24F1465202725732F2573272E00000A4C6F61FC
S31533D24F246420616464726573733A203078256C78FD
S31533D24F340A4C6F6164696E673A202A08000000000E
S31533D24F44646D3930303020692F6F3A2030782578F2
S31533D24F542C2069643A2030782578200A0000000060
S31533D24F64646D39303030206E6F7420666F756E64EB
S31533D24F74206174203078253038782069643A2030E9
S31533D24F8478253038780A00004D41433A20253032D9
S31533D24F94783A253032783A253032783A25303278DF
S31533D24FA43A253032783A253032780A006F706572C0
S31533D24FB46174696E672061742000000031304D20EC
S31533D24FC468616C66206475706C6578200000000065
S31533D24FD431304D2066756C6C206475706C6578206F
S31533D24FE4000000003130304D2068616C6620647520
S31533D24FF4706C6578200000003130304D2066756C84
S31533D250046C206475706C657820000000636F756CA0
S31533D2501464206E6F742065737461626C69736820AD
S31533D250246C696E6B0A000000756E6B6E6F776E3A6F
S31533D2503420256420000000006D6F64650A000000E9
S31533D250447472616E736D697373696F6E2074696DBD
S31533D25054656F75740A0000007278206669666F20AC
S31533D250646572726F720A0000727820637263206536
S31533D2507472726F720A0000007278206C656E67742E
S31533D2508468206572726F720A000000007278206CDF
S31533D25094656E67746820746F6F206269670A00001D
S31533D250A4256C75204D69420A000000004255473AB1
S31533D250B4206661696C7572652061742025733A25CD
S31533D250C4642F25732829210A000000006E616E6489
S31533D250D45F626173652E6300425547210000000037
S31533D250E454696D656F757421000000006E616E6408
S31533D250F45F77726974655F6563633A2041747465A5
S31533D251046D707420746F207772697465206E6F7480
S31533D25114207061676520616C69676E6564206461EA
S31533D2512474610A00426164206F6F625F6275663A54
S31533D251342070616765203D20307825782C206461D0
S31533D251447461203D200000002530327820000000DF
S31533D251546E616E645F65726173653A206174746528
S31533D251646D707420746F20657261736520612062A9
S31533D25174616420626C6F636B20617420706167657E
S31533D25184203078253038780A000000004E414E4418
S31533D25194206465766963653A204D616E756661635B
S31533D251A474757265722049443A2030782530327810
S31533D251B42C20436869702049443A203078253032DA
S31533D251C47820282573202573290A00004E414E446C
S31533D251D42062757320776964746820256420696E76
S31533D251E47374656164202564206269740A0000008D
S31533D251F44E6F204E414E442064657669636520668C
S31533D252046F756E642121210A000000002564204E75
S31533D25214414E4420636869707320646574656374DC
S31533D2522465640A006E616E645F7363616E28293A6C
S31533D252342043616E6E6F7420616C6C6F6361746577
S31533D25244206F6F625F6275660A0000006E616E64A8
S31533D252545F7363616E28293A2043616E6E6F74200D
S31533D25264616C6C6F6361746520646174615F6275FA
S31533D25274660A00004E6F206F6F6220736368656D62
S31533D252846520646566696E656420666F72206F6F56
S31533D252946273697A652025640A0000003230343861
S31533D252A4206279746520485720454343206E6F7400
S31533D252B420706F737369626C65206F6E2025642098
S31533D252C46279746520706167652073697A652C2037
S31533D252D466616C6C6261636B20746F20535720455D
S31533D252E443430A00353132206279746520485720D4
S31533D252F4454343206E6F7420706F737369626C65E2
S31533D25304206F6E20323536204279746520706167C8
S31533D253146573697A652C2066616C6C6261636B20C2
S31533D25324746F20535720454343200A004E414E448B
S31533D253345F4543435F4E4F4E452073656C65637405
S31533D25344656420627920626F61726420647269768D
S31533D2535465722E2054686973206973206E6F7420F4
S31533D253647265636F6D6D656E6465642021210A003F
S31533D25374496E76616C6964204E414E445F454343EC
S31533D253845F4D4F44452025640A0000004E6F2045B5
S31533D2539443432066756E6374696F6E732073757007
S31533D253A4706C6965642C2048617264776172652046
S31533D253B4454343206E6F7420706F737369626C6521
S31533D253C40A000000546F73686962610053616D7366
S31533D253D4756E670046756A69747375004E617469FE
S31533D253E46F6E616C0000000052656E657361730033
S31533D253F45354204D6963726F00000000556E6B6E41
S31533D254046F776E004E414E4420314D694220355624
S31533D2541420382D62697400004E414E4420324D6990
S31533D254244220355620382D62697400004E414E449B
S31533D2543420344D694220355620382D6269740000A2
S31533D254444E414E4420314D694220332C3356203883
S31533D254542D626974000000004E414E4420324D69A8
S31533D254644220332C335620382D626974000000001F
S31533D254744E414E4420344D694220332C3356203850
S31533D254842D626974000000004E414E4420384D6972
S31533D254944220332C335620382D62697400000000EF
S31533D254A44E414E4420384D694220312C3856203819
S31533D254B42D626974000000004E414E4420384D6942
S31533D254C44220312C38562031362D6269740000008D
S31533D254D44E414E4420384D694220332C33562031F3
S31533D254E4362D6269740000004E414E442031364D16
S31533D254F4694220312C385620382D62697400000023
S31533D255044E414E442031364D694220332C335620C4
S31533D25514382D6269740000004E414E442031364DE3
S31533D25524694220312C38562031362D6269740000C3
S31533D255344E414E442031364D694220332C33562094
S31533D2554431362D62697400004E414E442033324D86
S31533D25554694220312C385620382D626974000000C2
S31533D255644E414E442033324D694220332C33562066
S31533D25574382D6269740000004E414E442033324D85
S31533D25584694220312C38562031362D626974000063
S31533D255944E414E442033324D694220332C33562036
S31533D255A431362D62697400004E414E442036344D21
S31533D255B4694220312C385620382D62697400000062
S31533D255C44E414E442036344D694220332C33562001
S31533D255D4382D6269740000004E414E442036344D20
S31533D255E4694220312C38562031362D626974000003
S31533D255F44E414E442036344D694220332C335620D1
S31533D2560431362D62697400004E414E4420313238DC
S31533D256144D694220312C385620382D6269740000B4
S31533D256244E414E44203132384D694220332C33568F
S31533D2563420382D62697400004E414E4420313238BB
S31533D256444D694220312C38562031362D6269740055
S31533D256544E414E44203132384D694220332C33565F
S31533D256642031362D626974004E414E44203235365A
S31533D256744D694220332C335620382D626974000057
S31533D256844E414E44203531324D694220332C335632
S31533D2569420382D62697400004E414E442032353659
S31533D256A44D694220312C385620382D626974000024
S31533D256B44E414E44203235364D694220312C3856FA
S31533D256C42031362D626974004E414E4420323536FA
S31533D256D44D694220332C33562031362D62697400C8
S31533D256E44E414E44203531324D694220312C3856CF
S31533D256F420382D62697400004E414E4420353132FE
S31533D257044D694220312C38562031362D6269740094
S31533D257144E414E44203531324D694220332C3356A1
S31533D257242031362D626974004E414E442031476955
S31533D257344220312C385620382D6269740000000049
S31533D257444E414E44203147694220332C3356203886
S31533D257542D626974000000004E414E4420314769AC
S31533D257644220312C38562031362D626974000000EA
S31533D257744E414E44203147694220332C335620315D
S31533D25784362D6269740000004E414E442032476945
S31533D257944220312C385620382D62697400000000E9
S31533D257A44E414E44203247694220332C3356203825
S31533D257B42D626974000000004E414E44203247694B
S31533D257C44220312C38562031362D6269740000008A
S31533D257D44E414E44203247694220332C33562031FC
S31533D257E4362D626974000000414E44203132384D2D
S31533D257F4694220332C335620382D62697400000023
S31533D258046E616E645F6262743A204572726F7220CD
S31533D2581472656164696E672062616420626C6F6398
S31533D258246B207461626C650A000000006E616E642B
S31533D258345F6262743A20454343206572726F722033
S31533D258447768696C652072656164696E6720626153
S31533D258546420626C6F636B207461626C650A000078
S31533D258646E616E645F726561645F6262743A20425A
S31533D25874616420626C6F636B206174203078253017
S31533D2588438780A006E616E645F726561645F626290
S31533D25894743A20526573657276656420626C6F632B
S31533D258A46B206174203078253038780A00000000B2
S31533D258B46372656174655F62627428293A20636858
S31533D258C469706E722028256429203E2061766169F7
S31533D258D46C61626C65206368697073202825642988
S31533D258E40A00000042616420626C6F636B20746178
S31533D258F4626C65206E6F7420666F756E6420666FC4
S31533D259047220636869702025640A00004261642078
S31533D25914626C6F636B207461626C6520666F756E6D
S31533D259246420617420706167652025642C20766582
S31533D259347273696F6E203078253032580A0000007C
S31533D259446E616E645F6262743A204572726F72208C
S31533D2595472656164696E6720626C6F636B20666F3E
S31533D25964722077726974696E67207468652062614E
S31533D259746420626C6F636B207461626C650A000057
S31533D259846E616E645F6262743A204572726F72204C
S31533D25994647572696E6720626C6F636B20657261EC
S31533D259A473653A2025640A006E616E645F626274EB
S31533D259B43A204572726F72207768696C6520777232
S31533D259C46974696E672062616420626C6F636B201B
S31533D259D47461626C652025640A0000004E6F2073AD
S31533D259E470616365206C65667420746F20777269CF
S31533D259F474652062616420626C6F636B20746162F6
S31533D25A046C650A006E616E645F6262743A20454392
S31533D25A1443206572726F72207768696C65207265BA
S31533D25A246164696E6720626C6F636B20666F7220B2
S31533D25A3477726974696E672062616420626C6F634C
S31533D25A446B207461626C650A000000004261642083
S31533D25A54626C6F636B207461626C6520777269741E
S31533D25A6474656E20746F203078253038782C20764E
S31533D25A74657273696F6E203078253032580A0000D6
S31533D25A846E616E645F7570646174655F6262743AB3
S31533D25A94204F7574206F66206D656D6F72790A00E7
S31533D25AA46E616E645F7363616E5F6262743A204F02
S31533D25AB47574206F66206D656D6F72790A00000036
S31533D25AC46E616E645F6262743A204F7574206F6608
S31533D25AD4206D656D6F72790A0000000042616420CD
S31533D25AE4626C6F636B207461626C652061742070EF
S31533D25AF46167652025642C2076657273696F6E204F
S31533D25B043078253032580A00232320436F6D6D61A2
S31533D25B146E6420746F6F206C6F6E67210A00000037
S31533D25B242A2A20546F6F206D616E7920617267731E
S31533D25B3420286D61782E20256429202A2A0A00004A
S31533D25B44556E6B6E6F776E20636F6D6D616E642037
S31533D25B5427257327202D20747279202768656C7094
S31533D25B64270A000055736167653A0A25730A00001A
S31533D25B7427626F6F74642720726563757273696F24
S31533D25B846E2064657465637465640A00626F6F7478
S31533D25B9464656C6179000000626F6F74636D6400FF
S31533D25BA45072657373205370616365206B65792044
S31533D25BB4746F20446F776E6C6F6164204D6F6465F6
S31533D25BC4202100006D746470617274730000000016
S31533D25BD46D746470617274732064656661756C7442
S31533D25BE4000000006D656E7500000000426F6F745D
S31533D25BF4696E67204C696E7578202E2E2E0A000074
S31533D25C04626F6F745F7A496D61676500456D62659C
S31533D25C1464536B793E2000003C494E544552525517
S31533D25C2450543E0A000000002323204572726F7209
S31533D25C343A2022257322206E6F7420646566696E88
S31533D25C4465640A006175746F736372006175746FB8
S31533D25C54736372202D2072756E2073637269707476
S31533D25C642066726F6D206D656D6F72790A0000008E
S31533D25C745B616464725D202D2072756E2073637298
S31533D25C84697074207374617274696E672061742017
S31533D25C9461646472202D20412076616C69642061FB
S31533D25CA475746F73637220686561646572206D75BA
S31533D25CB473742062652070726573656E740A0000DC
S31533D25CC47665726966790000426164206D6167696B
S31533D25CD463206E756D6265720A0000004261642078
S31533D25CE4686561646572206372630A0042616420B3
S31533D25CF464617461206372630A0000004261642072
S31533D25D04696D61676520747970650A00456D7074FF
S31533D25D1479205363726970740A00000023232045B1
S31533D25D247865637574696E67207363726970742028
S31533D25D346174202530386C780A0000006264696E47
S31533D25D44666F00006264696E666F20202D2070728E
S31533D25D54696E7420426F61726420496E666F2073A2
S31533D25D6474727563747572650A000000252D3132E7
S31533D25D74733D2030782530386C580A0061726368A3
S31533D25D845F6E756D62657200656E765F7400000000
S31533D25D94626F6F745F706172616D73004452414D39
S31533D25DA42062616E6B0000002D3E2073746172746F
S31533D25DB4000000002D3E2073697A650065746861EC
S31533D25DC464647220202020203D00000025632530D0
S31533D25DD4325800000A69705F6164647220202020CD
S31533D25DE4203D20000A626175647261746520202075
S31533D25DF4203D202564206270730A00007265736570
S31533D25E047400000072657365742020202D2050658A
S31533D25E1472666F726D205245534554206F66207421
S31533D25E246865204350550A00676F0000676F202098
S31533D25E34202020202D207374617274206170706C8B
S31533D25E4469636174696F6E20617420616464726547
S31533D25E547373202761646472270A0000616464729F
S31533D25E64205B617267202E2E2E5D0A202020202DB0
S31533D25E74207374617274206170706C6963617469EE
S31533D25E846F6E206174206164647265737320276183
S31533D25E94646472270A2020202020207061737369A8
S31533D25EA46E672027617267272061732061726775A3
S31533D25EB46D656E74730A000023232053746172742E
S31533D25EC4696E67206170706C69636174696F6E20B1
S31533D25ED461742030782530386C58202E2E2E0A0011
S31533D25EE42323204170706C69636174696F6E207435
S31533D25EF465726D696E617465642C207263203D203C
S31533D25F043078256C580A00002323205472616E7379
S31533D25F1466657272696E6720636F6E74726F6C2044
S31533D25F24746F204E65744253442073746167652DFE
S31533D25F3432206C6F61646572202861742061646423
S31533D25F4472657373202530386C7829202E2E2E0A17
S31533D25F54000000002323205472616E736665727215
S31533D25F64696E6720636F6E74726F6C20746F20524E
S31533D25F7454454D53202861742061646472657373B6
S31533D25F84202530386C7829202E2E2E0A0000000094
S31533D25F9425780000696D6C7300000000696D6C73EB
S31533D25FA4202020202D206C69737420616C6C206977
S31533D25FB46D6167657320666F756E6420696E20660C
S31533D25FC46C6173680A0000000A202020202D2050E9
S31533D25FD472696E747320696E666F726D6174696F2A
S31533D25FE46E2061626F757420616C6C20696D6167E2
S31533D25FF4657320666F756E642061742073656374BA
S31533D260046F720A202020202020626F756E646172EB
S31533D2601469657320696E20666C6173682E0A0000D3
S31533D26024696D696E666F0000696D696E666F20201D
S31533D260342D207072696E74206865616465722069C5
S31533D260446E666F726D6174696F6E20666F7220611C
S31533D2605470706C69636174696F6E20696D616765DB
S31533D260640A00000061646472205B61646472202E18
S31533D260742E2E5D0A202020202D207072696E742034
S31533D2608468656164657220696E666F726D617469AF
S31533D260946F6E20666F72206170706C6963617469D6
S31533D260A46F6E20696D616765207374617274696EBC
S31533D260B4672061740A2020202020206164647265AB
S31533D260C473732027616464722720696E206D656D7C
S31533D260D46F72793B207468697320696E636C7564A5
S31533D260E4657320766572696669636174696F6E2086
S31533D260F46F66207468650A202020202020696D615A
S31533D26104676520636F6E74656E747320286D6167A9
S31533D261146963206E756D6265722C206865616465B8
S31533D261247220616E64207061796C6F6164206368A6
S31533D2613465636B73756D73290A000000626F6F746E
S31533D2614464000000626F6F74642020202D20626F46
S31533D261546F742064656661756C742C20692E652ED2
S31533D261642C2072756E2027626F6F74636D64270A1F
S31533D2617400000000626F6F74202020202D20626FBE
S31533D261846F742064656661756C742C20692E652EA2
S31533D261942C2072756E2027626F6F74636D64270AEF
S31533D261A400000000626F6F746D000000626F6F740B
S31533D261B46D2020202D20626F6F74206170706C69CC
S31533D261C4636174696F6E20696D6167652066726FB8
S31533D261D46D206D656D6F72790A0000005B616464FC
S31533D261E472205B617267202E2E2E5D5D0A202020AB
S31533D261F4202D20626F6F74206170706C6963617401
S31533D26204696F6E20696D6167652073746F72656465
S31533D2621420696E206D656D6F72790A0970617373F5
S31533D26224696E6720617267756D656E747320276183
S31533D262347267202E2E2E273B207768656E20626FA7
S31533D262446F74696E672061204C696E7578206B657D
S31533D26254726E656C2C0A0927617267272063616E65
S31533D2626420626520746865206164647265737320B1
S31533D262746F6620616E20696E6974726420696D614A
S31533D2628467650A00202020496D616765204E616DAA
S31533D26294653A202020252E2A730A00002020204353
S31533D262A47265617465643A202020202020253464B3
S31533D262B42D253032642D2530326420202532643A6A
S31533D262C4253032643A25303264205554430A000099
S31533D262D4202020496D61676520547970653A202030
S31533D262E420000000496E76616C6964204F530000F6
S31533D262F44E657442534400004C696E75780000007F
S31533D263045678576F726B7300514E5800552D426F70
S31533D263146F7400005254454D53000000556E6B6E64
S31533D263246F776E204F530000496E76616C69642061
S31533D2633443505500416C70686100000041524D00A0
S31533D263444156523332000000496E74656C20783824
S31533D263543600000049413634000000004D495053CB
S31533D26364000000004D49505320363420426974001C
S31533D26374506F77657250430049424D205333393087
S31533D263840000000053757065724800005350415271
S31533D263944300000053504152432036342042697469
S31533D263A4000000004D36384B000000004D6963724D
S31533D263B46F626C617A6500004E696F7300000000B8
S31533D263C44E696F732D494900556E6B6E6F776E2056
S31533D263D441726368697465637475726500000000CB
S31533D263E4496E76616C696420496D616765000000D4
S31533D263F45374616E64616C6F6E652050726F67725B
S31533D26404616D00004B65726E656C20496D6167654B
S31533D264140000000052414D4469736B20496D616764
S31533D26424650000004D756C74692D46696C652049D7
S31533D264346D616765000000004669726D7761726576
S31533D26444000000005363726970740000466C617441
S31533D26454204465766963652054726565000000000D
S31533D26464556E6B6E6F776E20496D6167650000002A
S31533D26474677A697020636F6D7072657373656400FE
S31533D26484756E636F6D7072657373656400000000E5
S31533D26494627A69703220636F6D70726573736564B1
S31533D264A400000000756E6B6E6F776E20636F6D70FE
S31533D264B472657373696F6E002573202573202573C2
S31533D264C420282573290000000A20202044617461D0
S31533D264D42053697A653A2020202025642042797460
S31533D264E46573203D200000002020204C6F61642048
S31533D264F4416464726573733A20253038780A20201E
S31533D2650420456E74727920506F696E743A20202581
S31533D265143038780A00000000202020436F6E746529
S31533D265246E74733A0A000000202020496D61676580
S31533D265342025643A2025386C6420427974657320D5
S31533D265443D200000496D616765206174202530385A
S31533D265546C583A0A000000002020205665726966C8
S31533D2656479696E6720436865636B73756D202E2E96
S31533D265742E2000002020204261642044617461209D
S31533D265844352430A000000004F4B0A000A23232006
S31533D26594436865636B696E6720496D61676520614C
S31533D265A474202530386C78202E2E2E0A0000000023
S31533D265B4202020426164204D61676963204E756D14
S31533D265C46265720A000000002020204261642048AA
S31533D265D4656164657220436865636B73756D0A004E
S31533D265E44572726F723A2042616420677A697070E7
S31533D265F4656420646174610A000000004572726F67
S31533D26604723A2067756E7A6970206F7574206F66A5
S31533D26614206461746120696E206865616465720A27
S31533D26624000000004572726F723A20696E666C61ED
S31533D266347465496E69743228292072657475726E9B
S31533D2664465642025640A00004572726F723A2069F2
S31533D266546E666C61746528292072657475726E653B
S31533D26664642025640A000000232320426F6F7469A1
S31533D266746E6720696D616765206174202530386C05
S31533D2668478202E2E2E0A0000426164204D6167692A
S31533D2669463204E756D6265720A00000042616420CE
S31533D266A448656164657220436865636B73756D0A35
S31533D266B40000000042616420446174612043524332
S31533D266C40A000000556E737570706F7274656420E8
S31533D266D441726368697465637475726520307825DB
S31533D266E4780A00005374616E64616C6F6E652041AF
S31533D266F470706C69636174696F6E000057726F6EB2
S31533D267046720496D616765205479706520666F72E7
S31533D2671420257320636F6D6D616E640A00000000A9
S31533D26724202020584950202573202E2E2E20000087
S31533D26734202020556E636F6D7072657373696E677D
S31533D26744202573202E2E2E200000000047554E5A74
S31533D267544950204552524F52202D206D7573742091
S31533D26764524553455420626F61726420746F2072DA
S31533D2677465636F7665720A00556E696D706C656D35
S31533D26784656E74656420636F6D7072657373696F86
S31533D267946E20747970652025640A00006175746F2E
S31533D267A4737461727400000043616E277420626F0E
S31533D267B46F7420696D616765207479706520256439
S31533D267C40A000000626F6F7461726773000000004F
S31533D267D464636163686500006463616368652020BA
S31533D267E42D20656E61626C65206F72206469736124
S31533D267F4626C6520646174612063616368650A007F
S31533D268045B6F6E2C206F66665D0A202020202D2086
S31533D26814656E61626C65206F722064697361626C72
S31533D268246520646174612028777269746574687279
S31533D268346F756768292063616368650A000000004F
S31533D26844696361636865000069636163686520203F
S31533D268542D20656E61626C65206F722064697361B3
S31533D26864626C6520696E737472756374696F6E20E4
S31533D2687463616368650A00005B6F6E2C206F66664C
S31533D268845D0A202020202D20656E61626C65206FCF
S31533D26894722064697361626C6520696E73747275BE
S31533D268A46374696F6E2063616368650A000000009E
S31533D268B44F4E00004F4646004461746120287772A6
S31533D268C46974657468726F756768292043616368BE
S31533D268D4652069732025730A00000000496E7374E8
S31533D268E472756374696F6E204361636865206973A5
S31533D268F42025730A00000000636F6E696E666F00DB
S31533D26904636F6E696E666F202D207072696E7420D2
S31533D26914636F6E736F6C6520646576696365732052
S31533D26924616E6420696E666F726D6174696F6E0A55
S31533D26934000000004C697374206F662061766169F6
S31533D269446C61626C6520646576696365733A0A00F1
S31533D26954252D38732025303878202563256325634E
S31533D2696420000000257320006461746500000000A2
S31533D2697464617465202020202D206765742F736556
S31533D26984742F72657365742064617465202620749A
S31533D26994696D650A000000005B4D4D444468686DE9
S31533D269A46D5B5B43435D59595D5B2E73735D5D0A90
S31533D269B4646174652072657365740A20202D2077D9
S31533D269C46974686F757420617267756D656E747325
S31533D269D43A207072696E7420646174652026207489
S31533D269E4696D650A20202D2077697468206E756D9A
S31533D269F46572696320617267756D656E743A207395
S31533D26A046574207468652073797374656D20646193
S31533D26A14746520262074696D650A20202D20776902
S31533D26A247468202772657365742720617267756DAE
S31533D26A34656E743A207265736574207468652052B0
S31533D26A4454430A0053756E004D6F6E005475657395
S31533D26A54000000005765646E65730000546875721E
S31533D26A647300000046726900536174757200000074
S31533D26A745265736574205254432E2E2E0A00000067
S31533D26A84232320426164206461746520666F726DF8
S31533D26A9461740A00756E6B6E6F776E2000000000D8
S31533D26AA4446174653A202534642D253032642D25D8
S31533D26AB430326420282573646179292020202054E6
S31533D26AC4696D653A202532643A253032643A2530B3
S31533D26AD432640A00626F6F7476780000626F6F74B1
S31533D26AE4767820202D20426F6F74207678576F7242
S31533D26AF46B732066726F6D20616E20454C46206966
S31533D26B046D6167650A000000205B616464726573E4
S31533D26B14735D202D206C6F616420616464726573F6
S31533D26B2473206F66207678576F726B7320454C46D3
S31533D26B3420696D6167652E0A00000000626F6F7437
S31533D26B44656C6600626F6F74656C66202D20426FF6
S31533D26B546F742066726F6D20616E20454C46206900
S31533D26B646D61676520696E206D656D6F72790A00C2
S31533D26B74205B616464726573735D202D206C6F619F
S31533D26B84642061646472657373206F6620454C46A0
S31533D26B9420696D6167652E0A000000002323204ED7
S31533D26BA46F20656C6620696D616765206174206177
S31533D26BB46464726573732030782530386C780A00FE
S31533D26BC42323204E6F7420612033322D626974208D
S31533D26BD4656C6620696D616765206174206164640E
S31533D26BE4726573732030782530386C780A00000096
S31533D26BF42573696E67202573204020307825303843
S31533D26C046C782028256C64206279746573290A00DA
S31533D26C144C6F616400000000436C656172000000FE
S31533D26C244E6F206C6F6164206164647265737320B2
S31533D26C3470726F76696465640A0000007466747020
S31533D26C44000000004175746F6D6174696320626F9D
S31533D26C546F74206F66205678576F726B7320696D53
S31533D26C64616765206174206164647265737320309D
S31533D26C74782530386C78202E2E2E200A0000000048
S31533D26C8423232045746865726E6574204D4143203F
S31533D26C9461646472657373206E6F7420636F7069C3
S31533D26CA4656420746F204E562052414D0A0000003B
S31533D26CB4626F6F7461646472000000004E6F206237
S31533D26CC46F6F746172677320646566696E65640ABD
S31533D26CD4000000002323204E6F7420616E20454C6E
S31533D26CE44620696D6167652C20617373756D696EE0
S31533D26CF4672062696E6172790A00000023232055B4
S31533D26D0473696E6720626F6F746C696E65202840BF
S31533D26D14203078256C78293A2025730A000000006E
S31533D26D242323205374617274696E67207678576FCE
S31533D26D34726B732061742030782530386C78202E78
S31533D26D442E2E0A002323207678576F726B732074D0
S31533D26D5465726D696E617465640A000023232053A8
S31533D26D6474617274696E67206170706C69636174AD
S31533D26D74696F6E2061742030782530386C78202E42
S31533D26D842E2E0A002323204170706C696361746991
S31533D26D946F6E207465726D696E617465642C2072FC
S31533D26DA463203D203078256C780A000025735072DF
S31533D26DB46F74656374656420256420736563746FF5
S31533D26DC472730A0070726F746563740070726F74FF
S31533D26DD4656374202D20656E61626C65206F722073
S31533D26DE464697361626C6520464C41534820777229
S31533D26DF46974652070726F74656374696F6E0A00D1
S31533D26E046F6E2020737461727420656E640A202087
S31533D26E1420202D2070726F7465637420464C41538F
S31533D26E24482066726F6D20616464722027737461ED
S31533D26E3472742720746F20616464722027656E64FA
S31533D26E44270A70726F74656374206F6E207374619C
S31533D26E547274202B6C656E0A202020202D207072FA
S31533D26E646F7465637420464C4153482066726F6D92
S31533D26E742061646472202773746172742720746FA9
S31533D26E8420656E64206F66207365637420772F61B1
S31533D26E9464647220277374617274272B276C656E7C
S31533D26EA4272D310A70726F74656374206F6E202006
S31533D26EB44E3A53465B2D534C5D0A202020202D2047
S31533D26EC470726F7465637420736563746F7273206F
S31533D26ED453462D534C20696E20464C415348206237
S31533D26EE4616E6B2023204E0A70726F74656374207D
S31533D26EF46F6E202062616E6B204E0A202020202DA5
S31533D26F042070726F7465637420464C415348206241
S31533D26F14616E6B2023204E0A70726F74656374204C
S31533D26F246F6E203C706172742D69643E0A202020C0
S31533D26F34202D2070726F7465637420706172746994
S31533D26F4474696F6E0A70726F74656374206F6E2050
S31533D26F5420616C6C0A202020202D2070726F7465C8
S31533D26F64637420616C6C20464C4153482062616E03
S31533D26F746B730A70726F74656374206F666620732B
S31533D26F847461727420656E640A202020202D206D9C
S31533D26F94616B6520464C4153482066726F6D2061CE
S31533D26FA4646472202773746172742720746F206178
S31533D26FB46464722027656E6427207772697461623A
S31533D26FC46C650A70726F74656374206F66662073E8
S31533D26FD474617274202B6C656E0A202020202D2086
S31533D26FE46D616B6520464C4153482066726F6D2072
S31533D26FF461646472202773746172742720746F2028
S31533D27004656E64206F66207365637420772F6164EB
S31533D27014647220277374617274272B276C656E2737
S31533D270242D312077727461626C650A70726F7465AE
S31533D270346374206F6666204E3A53465B2D534C5D4A
S31533D270440A202020202D206D616B652073656374ED
S31533D270546F72732053462D534C207772697461629F
S31533D270646C6520696E20464C4153482062616E6BFF
S31533D270742023204E0A70726F74656374206F6666EA
S31533D270842062616E6B204E0A202020202D206D6122
S31533D270946B6520464C4153482062616E6B20232064
S31533D270A44E207772697461626C650A70726F7465D5
S31533D270B46374206F6666203C706172742D69643E44
S31533D270C40A202020202D206D616B65207061727465
S31533D270D46974696F6E207772697461626C650A708A
S31533D270E4726F74656374206F666620616C6C0A2022
S31533D270F42020202D206D616B6520616C6C20464C2B
S31533D271044153482062616E6B7320777269746162BC
S31533D271146C650A00657261736500000065726173CA
S31533D27124652020202D20657261736520464C4153E8
S31533D2713448206D656D6F72790A000000737461727B
S31533D271447420656E640A202020202D2065726173E3
S31533D271546520464C4153482066726F6D2061646410
S31533D2716472202773746172742720746F20616464B6
S31533D27174722027656E64270A6572617365207374C8
S31533D27184617274202B6C656E0A202020202D2065E3
S31533D271947261736520464C4153482066726F6D20B3
S31533D271A461646472202773746172742720746F2076
S31533D271B474686520656E64206F6620736563742044
S31533D271C4772F6164647220277374617274272B2781
S31533D271D46C656E272D310A6572617365204E3A53C7
S31533D271E4465B2D534C5D0A202020202D20657261B7
S31533D271F4736520736563746F72732053462D534C00
S31533D2720420696E20464C4153482062616E6B2023EB
S31533D27214204E0A65726173652062616E6B204E0AA3
S31533D27224202020202D20657261736520464C41532C
S31533D27234482062616E6B2023204E0A657261736570
S31533D27244203C706172742D69643E0A202020202D2D
S31533D2725420657261736520706172746974696F6EF5
S31533D272640A657261736520616C6C0A202020202DE5
S31533D2727420657261736520616C6C20464C415348E8
S31533D272842062616E6B730A00666C696E666F000038
S31533D27294666C696E666F20202D207072696E742087
S31533D272A4464C415348206D656D6F727920696E664B
S31533D272B46F726D6174696F6E0A0000000A202020E2
S31533D272C4202D207072696E7420696E666F726D6109
S31533D272D474696F6E20666F7220616C6C20464C4132
S31533D272E45348206D656D6F72792062616E6B730A02
S31533D272F4666C696E666F204E0A202020202D20704C
S31533D2730472696E7420696E666F726D6174696F6EEB
S31533D2731420666F7220464C415348206D656D6F7229
S31533D27324792062616E6B2023204E0A004572726FC6
S31533D27334723A20656E6420616464726573732028ED
S31533D2734430782530386C7829206E6F7420696E2064
S31533D27354666C617368210A004572726F723A20651C
S31533D273646E642061646472657373206E6F74206F36
S31533D273746E20736563746F7220626F756E646172D5
S31533D27384790A00004572726F723A20656E6420733D
S31533D273946563746F722070726563656465732073C3
S31533D273A47461727420736563746F720A0000000059
S31533D273B44572726F723A20737461727420616464E3
S31533D273C472657373206E6F74206F6E2073656374B4
S31533D273D46F7220626F756E646172790A000000002F
S31533D273E44572726F723A2063616E6E6F74207370A4
S31533D273F4616E206163726F73732062616E6B7320B5
S31533D274047768656E207468657920617265206D619B
S31533D274147070656420696E20726576657273652081
S31533D274246F726465720A00000A42616E6B2023203E
S31533D27434256C643A200000004F6E6C7920464C4159
S31533D2744453482042616E6B7320232031202E2E2E45
S31533D27454202320256420737570706F727465640A21
S31533D274640000000045726173656420256420736518
S31533D2747463746F72730A00004572726F723A2073F1
S31533D274847461727420616E642F6F7220656E642058
S31533D2749461646472657373206E6F74206F6E2073F6
S31533D274A46563746F7220626F756E646172790A0022
S31533D274B4616C6C00457261736520466C6173682066
S31533D274C442616E6B202320256C6420004261642092
S31533D274D4736563746F722073706563696669636146
S31533D274E474696F6E0A000000457261736520466C07
S31533D274F461736820536563746F72732025642D2543
S31533D275046420696E2042616E6B2023202564200069
S31533D2751463616E6E6F742065726173652C206E6F80
S31533D27524742061204E4F52206465766963650A00AE
S31533D27534457261736520466C617368205061726992
S31533D2754474696F6E2025732C2062616E6B20256429
S31533D275542C2030782530386C78202D20307825304D
S31533D27564386C78200000000062616E6B0000000034
S31533D27574426164206164647265737320666F726D1B
S31533D2758461740A00556E2D00257350726F74656318
S31533D275947420466C6173682042616E6B2023202536
S31533D275A46C640A00257350726F7465637420466CA7
S31533D275B461736820536563746F72732025642D2582
S31533D275C46420696E2042616E6B20232025640A00BF
S31533D275D4556E0000257350726F7465637420466C8E
S31533D275E4617368205061726974696F6E2025732C06
S31533D275F42062616E6B2025642C2030782530386C2A
S31533D2760478202D2030782530386C780A0000000063
S31533D27614756E000063616E6E6F7420257370726FEC
S31533D27624746563742C206E6F742061204E4F52204E
S31533D276346465766963650A006D697373696E6720A7
S31533D276446F7220756E6B6E6F776E20464C4153488C
S31533D2765420747970650A0000697465737400000006
S31533D276646974657374092D2072657475726E207458
S31533D276747275652F66616C7365206F6E20696E740D
S31533D276846567657220636F6D706172650A00000037
S31533D276945B2E622C202E772C202E6C2C202E735DCF
S31533D276A4205B2A5D76616C756531203C6F703E20E2
S31533D276B45B2A5D76616C7565320A00002D6C740073
S31533D276C43C0000002D6774003E0000002D65710026
S31533D276D43D3D00002D6E6500213D00003C3E000049
S31533D276E42D6765003E3D00002D6C65003C3D0000A0
S31533D276F4556E6B6E6F776E206F70657261746F72FF
S31533D2770420272573270A0000496E76616C69642073
S31533D27714646174612077696474682073706563694C
S31533D27724666965720A00000025733A257328257370
S31533D277342925730067656E657261746564206D74C9
S31533D2774464706172747320746F6F206C6F6E672C2E
S31533D27754207265736574696E6720746F206E756C27
S31533D277646C0A000064656C0063757272656E74203C
S31533D27774706172746974696F6E2064656C6574658D
S31533D27784642C20726573657474696E6720637572FB
S31533D2779472656E7420746F20300A0000706172740D
S31533D277A46974696F6E202573206E6F7420666F7514
S31533D277B46E640A006D746470617274732D20646559
S31533D277C466696E6520666C6173682F6E616E6420EA
S31533D277D4706172746974696F6E730A000A202020D9
S31533D277E4202D206C69737420706172746974696FD5
S31533D277F46E207461626C650A6D746470617274736B
S31533D278042064656C616C6C0A202020202D2064653B
S31533D278146C65746520616C6C207061727469746939
S31533D278246F6E730A6D746470617274732064656C2B
S31533D2783420706172742D69640A202020202D20642D
S31533D27844656C65746520706172746974696F6E2000
S31533D2785428652E672E20706172742D6964203D207B
S31533D278646E616E64302C31290A6D746470617274AC
S31533D278747320616464203C6D74642D6465763E20D2
S31533D278843C73697A653E5B403C6F66667365743E18
S31533D278945D205B3C6E616D653E5D205B726F5D0AC6
S31533D278A4202020202D20616464207061727469741F
S31533D278B4696F6E0A6D7464706172747320646566AB
S31533D278C461756C740A202020202D207265736574F9
S31533D278D420706172746974696F6E207461626C6577
S31533D278E420746F2064656661756C74730A0A2D2DA0
S31533D278F42D2D2D0A0A7468697320636F6D6D616E8B
S31533D2790464207573657320746872656520656E7683
S31533D2791469726F6E6D656E74207661726961626CEB
S31533D2792465733A0A0A27706172746974696F6E27FA
S31533D27934202D206B656570732063757272656E7490
S31533D2794420706172746974696F6E206964656E74FA
S31533D2795469666965720A0A706172746974696F6E1B
S31533D2796420203A3D203C706172742D69643E0A3CC0
S31533D27974706172742D69643E20203A3D203C64652D
S31533D27984762D69643E2C706172745F6E756D0A0A94
S31533D27994276D746469647327202D206C696E757868
S31533D279A4206B65726E656C206D74642064657669FA
S31533D279B46365206964203C2D3E20752D626F6F74C6
S31533D279C420646576696365206964206D61707069F4
S31533D279D46E670A0A6D74646964733D3C69646D6116
S31533D279E4703E5B2C3C69646D61703E2C2E2E2E5DBB
S31533D279F40A0A3C69646D61703E202020203A3D20C8
S31533D27A043C6465762D69643E3D3C6D74642D6964FC
S31533D27A143E0A3C6465762D69643E2020203A3D2065
S31533D27A24276E616E64277C276E6F72273C646576C4
S31533D27A342D6E756D3E0A3C6465762D6E756D3E201C
S31533D27A44203A3D206D746420646576696365206E0D
S31533D27A54756D6265722C20302E2E2E0A3C6D74646B
S31533D27A642D69643E2020203A3D20756E6971756541
S31533D27A74206465766963652074616720757365643A
S31533D27A84206279206C696E7578206B65726E656CFB
S31533D27A9420746F2066696E64206D7464206465764F
S31533D27AA469636520286D74642D3E6E616D65290ACA
S31533D27AB40A276D7464706172747327202D207061B2
S31533D27AC472746974696F6E206C6973740A0A6D74CD
S31533D27AD46470617274733D6D746470617274733D20
S31533D27AE43C6D74642D6465663E5B3B3C6D74642D28
S31533D27AF46465663E2E2E2E5D0A0A3C6D74642D64FD
S31533D27B0465663E20203A3D203C6D74642D69643ECD
S31533D27B143A3C706172742D6465663E5B2C3C7061FB
S31533D27B2472742D6465663E2E2E2E5D0A3C6D746454
S31533D27B342D69643E2020203A3D20756E6971756570
S31533D27B442064657669636520746167207573656469
S31533D27B54206279206C696E7578206B65726E656C2A
S31533D27B6420746F2066696E64206D7464206465767E
S31533D27B7469636520286D74642D3E6E616D65290AF9
S31533D27B843C706172742D6465663E203A3D203C73F3
S31533D27B94697A653E5B403C6F66667365743E5D5BFC
S31533D27BA43C6E616D653E5D5B3C726F2D666C61670F
S31533D27BB43E5D0A3C73697A653E20202020203A3DC5
S31533D27BC4207374616E64617264206C696E757820C5
S31533D27BD46D656D73697A65204F5220272D272074AC
S31533D27BE46F2064656E6F746520616C6C2072656DBB
S31533D27BF461696E696E672073706163650A3C6F66B9
S31533D27C04667365743E2020203A3D2070617274695E
S31533D27C1474696F6E207374617274206F666673651A
S31533D27C24742077697468696E20746865206465765E
S31533D27C346963650A3C6E616D653E20202020203A05
S31533D27C443D20272827204E414D45202729270A3C34
S31533D27C54726F2D666C61673E20203A3D2077686514
S31533D27C646E2073657420746F2027726F27206D61EB
S31533D27C746B657320706172746974696F6E207265C1
S31533D27C8461642D6F6E6C7920286E6F74207573652B
S31533D27C94642C2070617373656420746F206B657240
S31533D27CA46E656C290A0000006368706172740000D1
S31533D27CB4636870617274092D206368616E67652057
S31533D27CC461637469766520706172746974696F6E2F
S31533D27CD40A000000706172742D69640A2020202050
S31533D27CE42D206368616E6765206163746976652016
S31533D27CF4706172746974696F6E2028652E672E200B
S31533D27D04706172742D6964203D206E616E64302C39
S31533D27D1431290A006673696E666F00006673696EBB
S31533D27D24666F092D207072696E7420696E666F72AE
S31533D27D346D6174696F6E2061626F75742066696C16
S31533D27D446573797374656D730A000000202020201D
S31533D27D542D207072696E7420696E666F726D61741A
S31533D27D64696F6E2061626F75742066696C657379D7
S31533D27D747374656D730A00006C7300006C73092DCA
S31533D27D84206C6973742066696C657320696E20615D
S31533D27D94206469726563746F727920286465666107
S31533D27DA4756C74202F290A005B20646972656374F7
S31533D27DB46F7279205D0A202020202D206C6973744A
S31533D27DC42066696C657320696E2061206469726535
S31533D27DD463746F72792E0A0066736C6F61640000B2
S31533D27DE466736C6F6164092D206C6F61642062692A
S31533D27DF46E6172792066696C652066726F6D2061A5
S31533D27E042066696C6573797374656D20696D616740
S31533D27E14650A00005B206F6666205D205B20666947
S31533D27E246C656E616D65205D0A202020202D206C11
S31533D27E346F61642062696E6172792066696C65207A
S31533D27E4466726F6D20666C6173682062616E6B0A7B
S31533D27E5420202020202077697468206F6666736564
S31533D27E647420276F6666270A00000000256C75676F
S31533D27E7400000000256C756D00000000256C756B0F
S31533D27E8400000000256C75006E6F72006E616E64ED
S31533D27E9400000000696E76616C6964207061727415
S31533D27EA46974696F6E206E756D626572202564202E
S31533D27EB4666F72206465766963652025732564207B
S31533D27EC4282573290A0000006D74646465766E7549
S31533D27ED46D0000006D74646465766E616D65000001
S31533D27EE4257325642C256400706172746974696F41
S31533D27EF46E00000025733A206F6666736574202547
S31533D27F0430386C78206265796F6E6420666C6173AF
S31533D27F14682073697A65202530386C780A00000074
S31533D27F24257325643A20706172746974696F6E20CD
S31533D27F34282573292073697A6520746F6F20626911
S31533D27F44670A000025733A20706172746974696F53
S31533D27F546E696E67206578636565647320666C6112
S31533D27F6473682073697A650A000000002573256421
S31533D27F743A20706172746974696F6E2028257329B5
S31533D27F84207374617274206F666673657420616C00
S31533D27F9469676E6D656E7420696E636F727265636B
S31533D27FA4740A0000257325643A2070617274697435
S31533D27FB4696F6E20282573292073697A6520616C9B
S31533D27FC469676E6D656E7420696E636F727265633B
S31533D27FD4740A000063616E6E6F74206164642073B5
S31533D27FE465636F6E6420706172746974696F6E205F
S31533D27FF46174206F666673657420300A000000009C
S31533D28004696E76616C6964206D746420646576694D
S31533D2801463652027252E2A73270A0000706172746A
S31533D280246974696F6E2073697A6520746F6F20733E
S31533D280346D616C6C2028256C78290A006E6F2063A7
S31533D280446C6F73696E67202920666F756E64206987
S31533D280546E20706172746974696F6E206E616D65E8
S31533D280640A000000656D7074792070617274697414
S31533D28074696F6E206E616D650A000000726F0000FF
S31533D280846E6F20706172746974696F6E7320616CAA
S31533D280946C6F776564206166746572206120666914
S31533D280A46C6C2D757020706172746974696F6E0AD3
S31533D280B400000000756E65787065637465642063F9
S31533D280C4686172616374657220272563272061746C
S31533D280D42074686520656E64206F6620706172740D
S31533D280E46974696F6E0A00006F7574206F66206D7A
S31533D280F4656D6F72790A000030782530386C7840E2
S31533D2810430782530386C78006E6F2070617274692A
S31533D2811474696F6E7320666F72206465766963652C
S31533D28124202573256420282573290A00756E65782C
S31533D2813470656374656420636861726163746572EE
S31533D2814420272563272061742074686520656E647D
S31533D28154206F66206465766963650A00696E636FD8
S31533D2816472726563742064657669636520747970D3
S31533D281746520696E2025730A00000000696E636F29
S31533D28184727265637420646576696365206E756DC0
S31533D2819462657220696E2025730A00006D74647029
S31533D281A4617274733D0000006E6F207061727469AC
S31533D281B474696F6E206E756D626572207370656382
S31533D281C469666965640A0000756E65787065637429
S31533D281D4656420747261696C696E6720636861728F
S31533D281E4616374657220272563270A006E6F207301
S31533D281F47563682064657669636520257325640A55
S31533D28204000000006E6F20737563682070617274D8
S31533D282146974696F6E0A00006D746469647300009D
S31533D282246E616E64303D6E616E64666C6173683052
S31533D28234000000006D746469647320746F6F206CAC
S31533D282446F6E6720283E202564290A006D746470C4
S31533D2825461727473207661726961626C65206E6FF2
S31533D2826474207365742C20736565202768656C70A6
S31533D28274206D74647061727473270A006D7464707A
S31533D282846172747320746F6F206C6F6E6720283E5D
S31533D28294202564290A0000006D74646964733A2014
S31533D282A4696E636F7272656374203C6465762D6EC0
S31533D282B4756D3E0A000000006D74646964733A20A6
S31533D282C46E6F203C6D74642D69643E206964656E29
S31533D282D47469666965720A006E6F20737563682032
S31533D282E4464C415348206465766963653A2025738F
S31533D282F42564202876616C69642072616E67652041
S31533D2830430202E2E2E2025640A0000006E6F207361
S31533D28314756368204E414E44206465766963653A03
S31533D283242025732564202876616C69642072616E44
S31533D2833467652030202E2E2E202564290A0000008C
S31533D2834464657669636520696420257325642072EE
S31533D2835465646566696E65642C20706C6561736514
S31533D2836420636F7272656374206D74646964732027
S31533D283747661726961626C650A000000636F756CEB
S31533D2838464206E6F7420696E697469616C697365BE
S31533D2839420646576696365206C6973740A00000058
S31533D283A46D74647061727473207661726961626C4E
S31533D283B46520646F65736E27742073746172742007
S31533D283C47769746820276D746470617274733D27C8
S31533D283D40A000000646576696365202573256420B3
S31533D283E47265646566696E65642C20706C65617377
S31533D283F46520636F7272656374206D74647061724F
S31533D284047473207661726961626C650A0000000006
S31533D284146D746470617274735F696E69743A206E03
S31533D284246F2076616C696420706172746974696F12
S31533D284346E730A0075496D61676500004A464653C1
S31533D28444320000004352414D4653000023232320A6
S31533D284542573206C6F6164696E6720272573272051
S31533D28464746F203078256C780A00000023232320B6
S31533D284742573206C6F616420636F6D706C6574651C
S31533D284843A202564206279746573206C6F6164658E
S31533D284946420746F203078256C780A002323232002
S31533D284A42573204C4F4144204552524F523C257862
S31533D284B43E20666F72202573210A0000232323209C
S31533D284C466696C6573797374656D20747970652056
S31533D284D469732025730A00006E6F207061727469D2
S31533D284E474696F6E2069642073706563696669656E
S31533D284F4640A0000706172746974696F6E2063683A
S31533D28504616E67656420746F20257325642C256464
S31533D285140A00000064656661756C74006D746470A8
S31533D28524617274733D6E616E64666C617368303A2C
S31533D285343235366B40302862696F73292C313238EF
S31533D285446B28706172616D73292C3132386B28740E
S31533D285546F63292C3531326B2865626F6F74292C4C
S31533D28564313032346B286C6F676F292C336D286B69
S31533D2857465726E656C292C2D28726F6F742900003F
S31533D2858464656C616C6C00000A64657669636520D4
S31533D2859425732564203C25733E2C202320706172A7
S31533D285A47473203D2025640A0000000020233A2028
S31533D285B46E616D6509090973697A6509096F6666E8
S31533D285C473657409096D61736B5F666C6167730A1C
S31533D285D4000000002532643A20252D3230733078A8
S31533D285E425303878093078253038780925640A0025
S31533D285F46E6F20706172746974696F6E7320646539
S31533D2860466696E65640A00000A61637469766520A5
S31533D28614706172746974696F6E3A20257325642CCA
S31533D286242564202D20282573292030782530386C9B
S31533D286347820402030782530386C780A0000000010
S31533D28644636F756C64206E6F74206765742063753B
S31533D286547272656E7420706172746974696F6E20C6
S31533D28664696E666F0A0A00000A64656661756C744C
S31533D28674733A0A006D746469647320203A2025737D
S31533D286840A0000006D746470617274733A20257370
S31533D286940A000000616464006E6F207375636820C8
S31533D286A464657669636520257320646566696E6508
S31533D286B46420696E206D74646964732076617269D9
S31533D286C461626C650A000000746F6F206C6F6E67DB
S31533D286D420706172746974696F6E20646573637260
S31533D286E4697074696F6E0A006C6F616479000000C5
S31533D286F46C6F6164792020202D206C6F6164206283
S31533D28704696E6172792066696C65206F766572207B
S31533D2871473657269616C206C696E652028796D6F65
S31533D2872464656D206D6F6465290A00005B206F66BC
S31533D2873466205D205B2062617564205D0A20202029
S31533D28744202D206C6F61642062696E6172792066E2
S31533D28754696C65206F7665722073657269616C2034
S31533D287646C696E652077697468206F6666736574CF
S31533D2877420276F66662720616E64206261756472C0
S31533D28784617465202762617564270A006C6F6164EC
S31533D28794620000006C6F6164622020202D206C6FDE
S31533D287A461642062696E6172792066696C65206F01
S31533D287B47665722073657269616C206C696E6520D5
S31533D287C4286B65726D6974206D6F6465290A0000EE
S31533D287D46C6F6164730000006C6F61647320202004
S31533D287E42D206C6F616420532D5265636F7264206E
S31533D287F466696C65206F7665722073657269616C4E
S31533D28804206C696E650A00005B206F6666205D0A4A
S31533D28814202020202D206C6F616420532D52656322
S31533D288246F72642066696C65206F76657220736560
S31533D288347269616C206C696E652077697468206F4E
S31533D28844666673657420276F6666270A000000004E
S31533D288546C6F6164735F6563686F00002323205240
S31533D288646561647920666F7220532D5265636F7254
S31533D288746420646F776E6C6F6164202E2E2E0A0059
S31533D288840A2323204669727374204C6F6164204160
S31533D28894646472203D2030782530386C580A2323C9
S31533D288A4204C61737420204C6F61642041646472AA
S31533D288B4203D2030782530386C580A232320546F00
S31533D288C474616C2053697A652020202020203D2080
S31533D288D430782530386C58203D20256C6420427943
S31533D288E47465730A00000000232320532D52656323
S31533D288F46F726420646F776E6C6F61642061626F5A
S31533D28904727465640A00000023232053746172742B
S31533D2891420416464722020202020203D20307825C3
S31533D2892430386C580A000000232320537769746392
S31533D289346820626175647261746520746F202564AC
S31533D289442062707320616E642070726573732045AE
S31533D289544E544552202E2E2E0A0000002323205263
S31533D289646561647920666F722062696E6172792029
S31533D2897428796D6F64656D2920646F776E6C6F61F8
S31533D289846420746F2030782530386C582061742043
S31533D289942564206270732E2E2E0A0000232320548C
S31533D289A46F74616C2053697A652020202020203D50
S31533D289B420307825303878203D2025642042797486
S31533D289C465730A00255800002323205265616479DE
S31533D289D420666F722062696E61727920286B6572F2
S31533D289E46D69742920646F776E6C6F616420746F8A
S31533D289F42030782530386C5820617420256420622F
S31533D28A0470732E2E2E0A000023232042696E61728E
S31533D28A147920286B65726D69742920646F776E6C8D
S31533D28A246F61642061626F727465640A00000000F8
S31533D28A3423232053776974636820626175647261C0
S31533D28A44746520746F2025642062707320616E64DA
S31533D28A5420707265737320455343202E2E2E0A000B
S31533D28A64546F74616C206F6620256C64202573250C
S31533D28A74732077657265207468652073616D650A70
S31533D28A84000000006D746573740000006D746573F1
S31533D28A94742020202D2073696D706C652052414D1C
S31533D28AA420746573740A00005B7374617274205BC9
S31533D28AB4656E64205B7061747465726E5D5D5D0AD6
S31533D28AC4202020202D2073696D706C652052414D40
S31533D28AD420726561642F7772697465207465737491
S31533D28AE40A0000006C6F6F70000000006C6F6F70F9
S31533D28AF4202020202D20696E66696E697465206CB8
S31533D28B046F6F70206F6E2061646472657373207273
S31533D28B14616E67650A0000005B2E622C202E772C99
S31533D28B24202E6C5D2061646472657373206E756DA9
S31533D28B346265725F6F665F6F626A656374730A2046
S31533D28B442020202D206C6F6F70206F6E206120739E
S31533D28B546574206F66206164647265737365730A50
S31533D28B6400000000626173650000000062617365C0
S31533D28B74202020202D207072696E74206F72207358
S31533D28B8465742061646472657373206F66667365C4
S31533D28B94740A00000A202020202D207072696E7444
S31533D28BA42061646472657373206F666673657420E9
S31533D28BB4666F72206D656D6F727920636F6D6D6179
S31533D28BC46E64730A62617365206F66660A202020E7
S31533D28BD4202D207365742061646472657373206F38
S31533D28BE4666673657420666F72206D656D6F72793E
S31533D28BF420636F6D6D616E647320746F20276F66D5
S31533D28C0466270A00637263333200000063726333B6
S31533D28C14322020202D20636865636B73756D206390
S31533D28C24616C63756C6174696F6E0A006164647264
S31533D28C3465737320636F756E74205B616464725D1E
S31533D28C440A202020202D20636F6D707574652043DE
S31533D28C545243333220636865636B73756D205B73AA
S31533D28C6461766520617420616464725D0A000000A2
S31533D28C74636D7000636D7020202020202D206D65A6
S31533D28C846D6F727920636F6D706172650A000000FD
S31533D28C945B2E622C202E772C202E6C5D206164645D
S31533D28CA4723120616464723220636F756E740A20B2
S31533D28CB42020202D20636F6D70617265206D656DB2
S31533D28CC46F72790A0000000063700000637020204B
S31533D28CD4202020202D206D656D6F727920636F70BD
S31533D28CE4790A00005B2E622C202E772C202E6C5DD3
S31533D28CF420736F757263652074617267657420638A
S31533D28D046F756E740A202020202D20636F707920DC
S31533D28D146D656D6F72790A006D7700006D77202099
S31533D28D24202020202D206D656D6F7279207772695C
S31533D28D347465202866696C6C290A00005B2E622C12
S31533D28D44202E772C202E6C5D206164647265737306
S31533D28D542076616C7565205B636F756E745D0A209C
S31533D28D642020202D207772697465206D656D6F72DC
S31533D28D74790A00006E6D00006E6D202020202020EB
S31533D28D842D206D656D6F7279206D6F646966792026
S31533D28D9428636F6E7374616E74206164647265739F
S31533D28DA473290A005B2E622C202E772C202E6C5DEF
S31533D28DB420616464726573730A202020202D206D5A
S31533D28DC4656D6F7279206D6F646966792C2072659D
S31533D28DD4616420616E64206B6565702061646472EC
S31533D28DE46573730A000000006D6D00006D6D20202B
S31533D28DF4202020202D206D656D6F7279206D6F649E
S31533D28E0469667920286175746F2D696E6372656D5F
S31533D28E14656E74696E67290A000000005B2E622C74
S31533D28E24202E772C202E6C5D206164647265737325
S31533D28E340A202020202D206D656D6F7279206D6FB7
S31533D28E44646966792C206175746F20696E63726531
S31533D28E546D656E7420616464726573730A0000003F
S31533D28E646D6400006D642020202020202D206D6572
S31533D28E746D6F727920646973706C61790A000000FC
S31533D28E845B2E622C202E772C202E6C5D206164646B
S31533D28E9472657373205B23206F66206F626A656350
S31533D28EA474735D0A202020202D206D656D6F7279FF
S31533D28EB420646973706C61790A0000002530386C8A
S31533D28EC4783A000020253038780000002025303413
S31533D28ED4780000002025303278000000202020206C
S31533D28EE40000000025630000627974652061742022
S31533D28EF430782530386C7820283078253032782932
S31533D28F0420213D20627974652061742030782530EE
S31533D28F14386C782028307825303278290A00000004
S31533D28F24776F72642061742030782530386C782028
S31533D28F342830782530386C782920213D20776F72C2
S31533D28F44642061742030782530386C782028307890
S31533D28F542530386C78290A0068616C66776F726407
S31533D28F642061742030782530386C782028307825AF
S31533D28F743034782920213D2068616C66776F7264E8
S31533D28F842061742030782530386C7820283078258F
S31533D28F94303478290A0000006279746500000000FF
S31533D28FA468616C66776F7264000000005A65726FBB
S31533D28FB4206C656E677468203F3F3F0A0000000019
S31533D28FC4436F707920746F20466C6173682E2E2E5C
S31533D28FD420000000646F6E650A0000004261736537
S31533D28FE420416464726573733A2030782530386C91
S31533D28FF4780A00000D5061747465726E2025303848
S31533D290046C58202057726974696E672E2E2E253189
S31533D29014327308080808080808080808000000004C
S31533D2902452656164696E672E2E2E00000A4D656DC4
S31533D29034206572726F722040203078253038583A90
S31533D2904420666F756E64202530386C582C2065783B
S31533D29054706563746564202530386C580A00000011
S31533D29064203F2000435243333220666F7220253059
S31533D29074386C78202E2E2E202530386C78203D3DF0
S31533D290843E202530386C780A00000000736C65654F
S31533D2909470000000736C6565702020202D206465C2
S31533D290A46C617920657865637574696F6E20666F82
S31533D290B47220736F6D652074696D650A0000000082
S31533D290C44E0A202020202D2064656C617920657860
S31533D290D465637574696F6E20666F72204E207365BD
S31533D290E4636F6E647320284E206973205F6465631D
S31533D290F4696D616C5F20212121290A004E4F542098
S31533D29104000000006465766963652069732025732C
S31533D2911477726974652070726F7465637465640A21
S31533D291240000000054494748542000004C4F434B67
S31533D2913420000000554E4C4F434B2000253038780F
S31533D29144202D20253038783A20253864207061672B
S31533D291546573202573257325730A00004572726F9E
S31533D2916472206C6F636B696E67204E414E442066B0
S31533D291746C6173680A0000004E414E4420666C61BA
S31533D291847368207375636365737366756C6C792090
S31533D291946C6F636B65640A004572726F7220756E37
S31533D291A46C6F636B696E67204E414E4420666C6135
S31533D291B473682C20777269746520616E6420657204
S31533D291C46173652077696C6C2070726F6261626C7D
S31533D291D479206661696C0A004E414E4420666C61CD
S31533D291E47368207375636365737366756C6C792030
S31533D291F4756E6C6F636B65640A0000006E626F6F53
S31533D29204740000006E626F6F742020202D20626F3B
S31533D292146F742066726F6D204E414E4420646576E8
S31533D292246963650A000000005B5B6C6F61644164F9
S31533D2923464725D20706172746974696F6E5D207CF9
S31533D29244205B5B5B6C6F6164416464725D2064657D
S31533D29254765D206F66667365745D0A006E616E647D
S31533D29264202020202D204E414E44207375622D73F7
S31533D29274797374656D0A0000696E666F2020202077
S31533D2928420202020202020202020202020202D20C2
S31533D2929473686F7720617661696C61626C65204ECF
S31533D292A4414E4420646576696365730A6E616E642E
S31533D292B420646576696365205B6465765D20202098
S31533D292C420202D2073686F77206F722073657420B4
S31533D292D463757272656E74206465766963650A6E74
S31533D292E4616E6420726561645B2E6A666673325DBF
S31533D292F420202020202D2061646472206F66667C00
S31533D29304706172746974696F6E2073697A650A6E21
S31533D29314616E642077726974655B2E6A666673325C
S31533D293245D202020202D2061646472206F66667C92
S31533D293347061727469746F6E2073697A65202D2065
S31533D29344726561642F7772697465206073697A65DD
S31533D2935427206279746573207374617274696E6704
S31533D293640A202020206174206F6666736574206068
S31533D293746F66662720746F2F66726F6D206D656D37
S31533D293846F727920616464726573732060616464C5
S31533D2939472270A6E616E642077726974652E6C6F26
S31533D293A4676F2020202D2061646472206F66667CB9
S31533D293B47061727469746F6E2073697A65202D20E5
S31533D293C47772697465206073697A65272062797492
S31533D293D4657320626D702070696374757265207398
S31533D293E474617274696E670A202020206174206F87
S31533D293F4666673657420606F66662720746F2F66CC
S31533D29404726F6D206D656D6F727920616464726526
S31533D294147373206061646472270A6E616E642072D8
S31533D294246561642E79616666732061646472206F72
S31533D2943466662073697A65202D20726561642074D9
S31533D294446865206073697A65272062797465207971
S31533D294546166667320696D616765207374617274EC
S31533D29464696E670A202020206174206F666673651D
S31533D294747420606F66662720746F206D656D6F7244
S31533D29484792061646472657373206061646472270C
S31533D294940A6E616E642077726974652E79616666F3
S31533D294A4732061646472206F66662073697A652029
S31533D294B42D20777269746520746865206073697AEE
S31533D294C46527206279746520796166667320696DFE
S31533D294D4616765207374617274696E670A2020205A
S31533D294E4206174206F666673657420606F666627EF
S31533D294F42066726F6D206D656D6F72792061646487
S31533D2950472657373206061646472270A6E616E64A2
S31533D2951420726561642E7261772061646472206FBE
S31533D2952466662073697A65202D20726561642074E8
S31533D295346865206073697A65272062797465732086
S31533D295447374617274696E670A2020202061742021
S31533D295546F666673657420606F66662720746F2070
S31533D295646D656D6F727920616464726573732060CD
S31533D2957461646472272C20776974686F7574206F2B
S31533D295846F6220616E64206563630A6E616E642092
S31533D2959477726974652E7261772061646472206FCF
S31533D295A466662073697A65202D207772697465204D
S31533D295B4746865206073697A6527206279746573B2
S31533D295C4207374617274696E670A202020206174A1
S31533D295D4206F666673657420606F666627206672FB
S31533D295E46F6D206D656D6F72792061646472657344
S31533D295F473206061646472272C20776974686F75BB
S31533D2960474206F6F6220616E64206563630A6E6100
S31533D296146E64206572617365205B636C65616E5D5E
S31533D29624205B6F66662073697A655D202D206572F9
S31533D29634617365206073697A652720627974657339
S31533D296442066726F6D0A202020206F666673657426
S31533D2965420606F6666272028656E746972652064C6
S31533D296646576696365206966206E6F742073706517
S31533D29674636966696564290A6E616E64206261645C
S31533D29684202D2073686F772062616420626C6F6396
S31533D296946B730A6E616E642064756D705B2E6F6FF5
S31533D296A4625D206F6666202D2064756D702070617D
S31533D296B467650A6E616E64207363727562202D2078
S31533D296C47265616C6C7920636C65616E204E414EE2
S31533D296D4442065726173696E672062616420626CF9
S31533D296E46F636B732028554E53414645290A6E61AF
S31533D296F46E64206D61726B626164206F6666202DEF
S31533D29704206D61726B2062616420626C6F636B20ED
S31533D297146174206F66667365742028554E534146F9
S31533D2972445290A6E616E6420626974657272206FDA
S31533D297346666202D206D616B652061206269742043
S31533D297446572726F72206174206F66667365742024
S31533D2975428554E53414645290A6E616E64206C6F41
S31533D29764636B205B74696768745D205B73746174ED
S31533D2977475735D202D206272696E67206E616E6455
S31533D2978420746F206C6F636B207374617465206F2E
S31533D297947220646973706C6179206C6F636B6564A0
S31533D297A42070616765730A6E616E6420756E6C6FF1
S31533D297B4636B205B6F66667365745D205B73697A9C
S31533D297C4655D202D20756E6C6F636B207365637400
S31533D297D4696F6E0A000000006E6F742061204E41A9
S31533D297E44E44206465766963650A00002725732758
S31533D297F4206973206E6F742061206E756D626572C3
S31533D298040A00000064657669636520256420000006
S31533D2981477686F6C6520636869700A006F6666739E
S31533D29824657420307825782C2073697A652030781C
S31533D2983425780A007175696574000000696E666F9E
S31533D29844000000004465766963652025643A202591
S31533D29854732C20736563746F722073697A6520258A
S31533D298646C75204B69420A000A6E6F206465766939
S31533D2987463657320617661696C61626C650A0000D3
S31533D298840A4465766963652025643A2025730A00CA
S31533D298944E6F2073756368206465766963650A008F
S31533D298A44465766963652025643A202573000000BE
S31533D298B42E2E2E206973206E6F772063757272655E
S31533D298C46E74206465766963650A000064756D7057
S31533D298D40000000072656164000000007772697417
S31533D298E46500000073637275620000006D61726B3A
S31533D298F46261640062697465727200006C6F636B01
S31533D2990400000000756E6C6F636B00000A44657693
S31533D299146963652025642062616420626C6F636BEC
S31533D29924733A0A002020253038780A00636C65618D
S31533D299346E0000000A4E414E442025733A2000006D
S31533D299445761726E696E673A207363727562206F2A
S31533D299547074696F6E2077696C6C206572617365C6
S31533D2996420616C6C20666163746F7279207365740B
S31533D299742062616420626C6F636B73210A20202068
S31533D299842020202020205468657265206973206E86
S31533D299946F2072656C6961626C65207761792074E4
S31533D299A46F207265636F766572207468656D2E0A1D
S31533D299B420202020202020202055736520746869E6
S31533D299C47320636F6D6D616E64206F6E6C792066AE
S31533D299D46F722074657374696E6720707572706F23
S31533D299E473657320696620796F750A202020202007
S31533D299F4202020206172652073757265206F6620AC
S31533D29A047768617420796F752061726520646F6962
S31533D29A146E67210A0A5265616C6C792073637275E7
S31533D29A24622074686973204E414E4420666C6173E6
S31533D29A34683F203C792F4E3E203A200073637275A9
S31533D29A44622061626F727465640A00004552524F62
S31533D29A54520000004F4B00002E6F6F62000000009D
S31533D29A644E6F206D656D6F727920666F7220706119
S31533D29A746765206275666665720A00004572726FCF
S31533D29A847220282564292072656164696E672070D1
S31533D29A9461676520253038780A00000050616765DE
S31533D29AA420253038782064756D703A0A0000000068
S31533D29AB40925303278202530327820253032782031
S31533D29AC42530327820253032782025303278202505
S31533D29AD430327820253032782020253032782025FA
S31533D29AE430327820253032782025303278202530DA
S31533D29AF432782025303278202530327820253032C8
S31533D29B04780A00004F4F423A0A0000000925303210
S31533D29B147820253032782025303278202530327861
S31533D29B2420253032782025303278202530327820A9
S31533D29B34253032780A0000002E6A66667332000004
S31533D29B442E6500002E6900002E7961666673000095
S31533D29B542E726177000000007772697474656E0071
S31533D29B642025642062797465732025733A2025734C
S31533D29B740A000000626C6F636B2030782530386C00
S31533D29B8478207375636365737366756C6C79206D7C
S31533D29B9461726B6564206173206261640A0000006A
S31533D29BA4626C6F636B2030782530386C78204E4FA5
S31533D29BB454206D61726B6564206173206261642152
S31533D29BC4204552524F522025640A0000746967687D
S31533D29BD47400000073746174757300000A4C6F6138
S31533D29BE464696E672066726F6D2025732C206F6617
S31533D29BF466736574203078256C780A000A2A2A204B
S31533D29C04426164204D61676963204E756D626572B4
S31533D29C142030782578202A2A0A0000002A2A20528C
S31533D29C24656164206572726F720A00007965730056
S31533D29C344175746F6D6174696320626F6F74206F0B
S31533D29C446620696D616765206174206164647220AC
S31533D29C5430782530386C78202E2E2E0A0000000028
S31533D29C644E6F742061204E414E44206465766963C7
S31533D29C74650A0000626F6F74646576696365000042
S31533D29C840A2A2A204E6F20626F6F742064657669EE
S31533D29C946365202A2A0A00000A2A2A204465766969
S31533D29CA46365202564206E6F7420617661696C6135
S31533D29CB4626C650A0000000070696E6700000000AA
S31533D29CC470696E67092D2073656E642049434D508E
S31533D29CD4204543484F5F5245515545535420746FAB
S31533D29CE4206E6574776F726B20686F73740A000053
S31533D29CF470696E67416464726573730A00000000D7
S31533D29D046E6673006E6673092D20626F6F74206923
S31533D29D146D61676520766961206E6574776F726B10
S31533D29D24207573696E67204E46532070726F746F83
S31533D29D34636F6C0A000000005B6C6F6164416464C8
S31533D29D44726573735D205B686F7374206970206137
S31533D29D546464723A626F6F7466696C656E616D658B
S31533D29D645D0A000072617270626F6F740000000014
S31533D29D7472617270626F6F742D20626F6F742069E1
S31533D29D846D61676520766961206E6574776F726BA0
S31533D29D94207573696E6720524152502F54465450AC
S31533D29DA42070726F746F636F6C0A00005B6C6F6171
S31533D29DB464416464726573735D205B626F6F746678
S31533D29DC4696C656E616D655D0A0000007466747084
S31533D29DD4626F6F740000000074667470626F6F744E
S31533D29DE42D20626F6F7420696D61676520766961E0
S31533D29DF4206E6574776F726B207573696E67205470
S31533D29E044654502070726F746F636F6C0A000000BD
S31533D29E14626F6F7470000000626F6F7470092D2095
S31533D29E24626F6F7420696D61676520766961206E5E
S31533D29E346574776F726B207573696E6720426F6FF1
S31533D29E4474502F544654502070726F746F636F6C40
S31533D29E540A000000686F73746E616D65000000008A
S31533D29E64726F6F747061746800000000646E7369C4
S31533D29E7470000000646F6D61696E00004175746F52
S31533D29E846D6174696320626F6F74206F6620696DF6
S31533D29E9461676520617420616464722030782530B9
S31533D29EA4386C58202E2E2E0A0000000070696E6745
S31533D29EB4206661696C65643B20686F73742025733D
S31533D29EC4206973206E6F7420616C6976650A0000DB
S31533D29ED4686F737420257320697320616C697665D0
S31533D29EE40A00000072756E0072756E20202020200F
S31533D29EF42D2072756E20636F6D6D616E64732069B6
S31533D29F046E20616E20656E7669726F6E6D656E7410
S31533D29F14207661726961626C650A00007661722059
S31533D29F245B2E2E2E5D0A202020202D2072756E2094
S31533D29F3474686520636F6D6D616E647320696E2048
S31533D29F4474686520656E7669726F6E6D656E7420CC
S31533D29F547661726961626C65287329202776617258
S31533D29F64270A000073617665656E7600736176650A
S31533D29F74656E76202D207361766520656E76697229
S31533D29F846F6E6D656E74207661726961626C657358
S31533D29F9420746F2070657273697374656E742073AB
S31533D29FA4746F726167650A00736574656E76000081
S31533D29FB4736574656E7620202D2073657420656E31
S31533D29FC47669726F6E6D656E74207661726961620B
S31533D29FD46C65730A000000006E616D652076616C20
S31533D29FE47565202E2E2E0A202020202D20736574BB
S31533D29FF420656E7669726F6E6D656E742076617214
S31533D2A0046961626C6520276E616D652720746F2012
S31533D2A0142776616C7565202E2E2E270A7365746561
S31533D2A0246E76206E616D650A202020202D206465DC
S31533D2A0346C65746520656E7669726F6E6D656E7492
S31533D2A044207661726961626C6520276E616D65278C
S31533D2A0540A0000007072696E74656E760000000071
S31533D2A0647072696E74656E762D207072696E7420D1
S31533D2A074656E7669726F6E6D656E7420766172694A
S31533D2A08461626C65730A00000A202020202D207069
S31533D2A09472696E742076616C756573206F662061CE
S31533D2A0A46C6C20656E7669726F6E6D656E7420765E
S31533D2A0B461726961626C65730A7072696E74656E44
S31533D2A0C476206E616D65202E2E2E0A202020202DE9
S31533D2A0D4207072696E742076616C7565206F6620D2
S31533D2A0E4656E7669726F6E6D656E742076617269DA
S31533D2A0F461626C6520276E616D65270A00000000A4
S31533D2A1040A456E7669726F6E6D656E742073697A2B
S31533D2A114653A2025642F25642062797465730A00DF
S31533D2A1240A202A2A2041626F72740A0023232045D5
S31533D2A13472726F723A20696C6C6567616C2063682C
S31533D2A1446172616374657220273D2720696E2076E6
S31533D2A15461726961626C65206E616D652022257385
S31533D2A164220A0000737464696E0000007374646FD8
S31533D2A17475740000737464657272000043616E271A
S31533D2A184742064656C65746520222573220A0000B3
S31533D2A19423232042617564726174652025642062F7
S31533D2A1A47073206E6F7420737570706F7274656446
S31533D2A1B40A0000002323204572726F723A20656EE9
S31533D2A1C47669726F6E6D656E74206F766572666CF0
S31533D2A1D46F772C20222573222064656C657465646B
S31533D2A1E40A000000536176696E6720456E766972CA
S31533D2A1F46F6E6D656E7420746F2025732E2E2E0A70
S31533D2A20400000000757362736C61766500000000DA
S31533D2A214757362736C617665202D20676574206697
S31533D2A224696C652066726F6D20686F737428504378
S31533D2A234290A00005B776169745D205B6C6F616454
S31533D2A244416464726573735D0A22776169742220B9
S31533D2A25469732030206F7220312C2030206D6561A2
S31533D2A2646E7320666F722072657475726E20696DE1
S31533D2A2746D6564696174656C792C206E6F742077DD
S31533D2A2846169747320666F72207468652066696EE9
S31533D2A294697368206F66207472616E73666572727F
S31533D2A2A4696E670A0000000066696C6573697A65FC
S31533D2A2B42B3100006D656E75202D20646973706CF5
S31533D2A2C461792061206D656E752C20746F20736528
S31533D2A2D46C65637420746865206974656D73207490
S31533D2A2E46F20646F20736F6D657468696E670A0005
S31533D2A2F4202D20646973706C61792061206D656E0B
S31533D2A304752C20746F2073656C6563742074686599
S31533D2A314206974656D7320746F20646F20736F6D87
S31533D2A324657468696E6700000D0A232323232320B9
S31533D2A334506172616D65746572204D656E75202375
S31533D2A344232323230D0A00005B315D205365742006
S31533D2A3544E465320626F6F7420706172616D657429
S31533D2A3646572200D0A0000005B325D20536574207A
S31533D2A374596166667320626F6F7420706172616DD0
S31533D2A38465746572200D0A005B335D205365742080
S31533D2A394706172616D65746572200D0A00000000B6
S31533D2A3A45B345D2056696577207468652070617233
S31533D2A3B4616D65746572730D0A0000005B645D204A
S31533D2A3C444656C65746520706172616D657465724A
S31533D2A3D4200D0A005B735D205361766520746865FC
S31533D2A3E420706172616D657465727320746F204E99
S31533D2A3F4616E6420466C617368200D0A00000000D6
S31533D2A4045B715D2052657475726E206D61696E208F
S31533D2A4144D656E75200D0A00456E74657220796F5B
S31533D2A42475722073656C656374696F6E3A200000F6
S31533D2A43425630A00736574656E7620626F6F7461B1
S31533D2A4447267732000000000456E74657220746897
S31533D2A4546520504320495020616464726573733ADC
S31533D2A464287878782E7878782E7878782E7878788B
S31533D2A474290A0000456E7465722074686520534B7D
S31533D2A48459323434302F5451323434302049502023
S31533D2A494616464726573733A287878782E78787867
S31533D2A4A42E7878782E787878290A0000456E7465B2
S31533D2A4B47220746865204D61736B20495020616470
S31533D2A4C464726573733A287878782E7878782E7856
S31533D2A4D478782E787878290A00000000456E746528
S31533D2A4E472204E4653206469726563746F72793AB5
S31533D2A4F42865673A202F6F70742F456D626564531E
S31533D2A5046B792F726F6F745F6E6673290A0000008C
S31533D2A514736574656E7620626F6F746172677320F6
S31533D2A524636F6E736F6C653D747479534143302064
S31533D2A534726F6F743D2F6465762F6E6673206E6633
S31533D2A54473726F6F743D25733A25732069703D25C3
S31533D2A554733A25733A25733A25733A534B5932346C
S31533D2A56434302E656D626564736B792E6E65743A47
S31533D2A574657468303A6F666600000000626F6F7432
S31533D2A584617267733A20636F6E736F6C653D74749D
S31533D2A594795341433020726F6F743D2F6465762F6E
S31533D2A5A46E6673206E6673726F6F743D25733A25F6
S31533D2A5B4732069703D25733A25733A25733A2573D5
S31533D2A5C43A534B59323434302E656D626564736B78
S31533D2A5D4792E6E65743A657468303A6F66660A0054
S31533D2A5E4736574656E7620626F6F74617267732026
S31533D2A5F46E6F696E6974726420726F6F743D2F6431
S31533D2A60465762F6D7464626C6F636B3220696E694F
S31533D2A614743D2F6C696E7578726320636F6E736F04
S31533D2A6246C653D747479534143300000626F6F74F1
S31533D2A634617267733A206E6F696E6974726420720B
S31533D2A6446F6F743D2F6465762F6D7464626C6F63EA
S31533D2A6546B3220696E69743D2F6C696E7578726309
S31533D2A66420636F6E736F6C653D7474795341433023
S31533D2A6740A000000736574656E7620004E616D658B
S31533D2A6843A2000007072696E74656E7620000000CB
S31533D2A6944E616D6528656E74657220746F207669E2
S31533D2A6A4657720616C6C20706172616D7465727377
S31533D2A6B4293A20000D0A2323232323204C4344202F
S31533D2A6C4506172616D6574657273204D656E752092
S31533D2A6D423232323230D0A005B315D205642504470
S31533D2A6E4202020202020202D2053657420564250FA
S31533D2A6F444200D0A000000005B325D205646504496
S31533D2A704202020202020202D2053657420564650D5
S31533D2A71444200D0A000000005B335D205653505754
S31533D2A724202020202020202D2053657420565350A8
S31533D2A73457200D0A000000005B345D204842504452
S31533D2A744202020202020202D2053657420484250A7
S31533D2A75444200D0A000000005B355D204846504440
S31533D2A764202020202020202D205365742048465083
S31533D2A77444200D0A000000005B365D2048535057FF
S31533D2A784202020202020202D205365742048535056
S31533D2A79457200D0A000000005B375D20434C4B56DD
S31533D2A7A4414C20202020202D2053657420434C4BFA
S31533D2A7B456414C200D0A0000736574656E76206457
S31533D2A7C47756425044000000506C656173652065F8
S31533D2A7D46E74657220564250442056616C75653A0E
S31533D2A7E420000000736574656E76206477564650BE
S31533D2A7F444000000506C6561736520656E7465726E
S31533D2A80420564650442056616C75653A2000000072
S31533D2A814736574656E762064775653505700000049
S31533D2A824506C6561736520656E7465722056535068
S31533D2A834572056616C75653A20000000736574658A
S31533D2A8446E7620647748425044000000506C65617A
S31533D2A854736520656E7465722048425044205661BE
S31533D2A8646C75653A20000000736574656E76206420
S31533D2A8747748465044000000506C65617365206551
S31533D2A8846E74657220484650442056616C75653A67
S31533D2A89420000000736574656E762064774853500E
S31533D2A8A457000000506C6561736520656E746572AA
S31533D2A8B420485350572056616C75653A20000000B0
S31533D2A8C4736574656E76206477434C4B56414C002C
S31533D2A8D4506C6561736520656E74657220434C4BD7
S31533D2A8E456414C2056616C75653A20000D0A2323A2
S31533D2A8F42323230920426F6F7420666F72204E6FDF
S31533D2A9047220466C617368204D61696E204D656ED3
S31533D2A914750923232323230D0A0000000D0A232387
S31533D2A9242323230920426F6F7420666F72204E61BC
S31533D2A9346E6420466C617368204D61696E204D65B1
S31533D2A9446E750923232323230D0A000023232323BA
S31533D2A954232020202020456D626564536B7920559C
S31533D2A964534220646F776E6C6F6164206D6F646506
S31533D2A974202020202023232323230D0A0A00000058
S31533D2A98423232323232020202020456D6265645339
S31533D2A9946B79205446545020646F776E6C6F6164EE
S31533D2A9A4206D6F6465202020202023232323230D77
S31533D2A9B40A0A00005B315D20446F776E6C6F616433
S31533D2A9C420752D626F6F74206F7220535445504C59
S31533D2A9D444522E6E6231206F72206F746865722040
S31533D2A9E4626F6F746C6F6164657220746F204E615B
S31533D2A9F46E6420466C6173680D0A00005B315D2048
S31533D2AA04446F776E6C6F616420752D626F6F742E5B
S31533D2AA1462696E20746F204E616E6420466C6173A4
S31533D2AA24680D0A005B325D20446F776E6C6F616456
S31533D2AA342045626F6F74202865626F6F742E6E628F
S31533D2AA44302920746F204E616E6420466C617368EC
S31533D2AA540D0A00005B335D20446F776E6C6F61648D
S31533D2AA64204C696E7578204B65726E656C20287A64
S31533D2AA74496D6167652E62696E2920746F204E6182
S31533D2AA846E6420466C6173680D0A00005B355D20B3
S31533D2AA94446F776E6C6F6164204352414D46532073
S31533D2AAA4696D61676520746F204E616E6420466C1E
S31533D2AAB46173680D0A0000005B345D20446F776E90
S31533D2AAC46C6F616420737465706C64722E6E62318A
S31533D2AAD420746F204E616E6420466C6173680D0A9E
S31533D2AAE4000000005B355D205365742054465450C0
S31533D2AAF420706172616D65746572732850432049CF
S31533D2AB04502C5451323434302049502C4D61736BDA
S31533D2AB142049502E2E2E290D0A0000005B365D2095
S31533D2AB24446F776E6C6F61642059414646532069BC
S31533D2AB346D6167652028726F6F742E62696E2920B0
S31533D2AB44746F204E616E6420466C6173680D0A004D
S31533D2AB545B375D20446F776E6C6F61642050726F4E
S31533D2AB646772616D202875434F532D4949206F72CD
S31533D2AB74205451323434305F546573742920746F0C
S31533D2AB8420534452414D20616E642052756E2069EE
S31533D2AB94740D0A005B385D20426F6F742074686516
S31533D2ABA42073797374656D0D0A0000005B395D20A9
S31533D2ABB4466F726D617420746865204E616E6420FB
S31533D2ABC4466C6173680D0A005B305D20536574201D
S31533D2ABD474686520626F6F7420706172616D657447
S31533D2ABE46572730D0A0000005B615D20446F776E24
S31533D2ABF46C6F616420557365722050726F6772615C
S31533D2AC046D202865673A2075434F532D4949206FB2
S31533D2AC1472205451323434305F54657374290D0AE5
S31533D2AC24000000005B625D20446F776E6C6F6164A3
S31533D2AC34204C4F474F205069637475726520282E42
S31533D2AC4462696E2920746F204E616E642020466CFD
S31533D2AC54617368200D0A00005B6C5D2053657420E2
S31533D2AC644C434420506172616D6574657273200DA1
S31533D2AC740A0000005B6E5D20456E746572205446BD
S31533D2AC84545020646F776E6C6F6164206D6F6465D4
S31533D2AC94206D656E75200D0A000000005B6F5D2052
S31533D2ACA4446F776E6C6F616420752D626F6F7420C7
S31533D2ACB4746F204E6F7220466C6173680D0A00002E
S31533D2ACC45B705D2054657374206E6574776F726B63
S31533D2ACD420285451323434302050696E672050434D
S31533D2ACE4277320495029200D0A0000005B725D2058
S31533D2ACF45265626F6F7420752D626F6F740D0A004D
S31533D2AD045B745D2054657374204C696E75782049AF
S31533D2AD146D61676520287A496D616765290D0A00A5
S31533D2AD245B715D20717569742066726F6D206D6542
S31533D2AD346E750D0A00000000746674702030783351
S31533D2AD443030303030303020752D626F6F742E629E
S31533D2AD54696E3B206E616E6420657261736520625F
S31533D2AD64696F733B206E616E642077726974652E14
S31533D2AD746A6666733220307833303030303030309E
S31533D2AD842062696F7320242866696C6573697A6520
S31533D2AD942900000074667470203078333030303002
S31533D2ADA43030302065626F6F742E6E62303B206ED4
S31533D2ADB4616E642065726173652065626F6F743BAD
S31533D2ADC4206E616E642077726974652E6A66667391
S31533D2ADD43220307833303030303030302065626F91
S31533D2ADE46F7420242866696C6573697A6529000081
S31533D2ADF4746674702030783330303030303030201B
S31533D2AE047A496D6167652E62696E3B206E616E6473
S31533D2AE14206572617365206B65726E656C3B206E89
S31533D2AE24616E642077726974652E6A66667332206C
S31533D2AE3430783330303030303030206B65726E65A3
S31533D2AE446C20242866696C6573697A652900000097
S31533D2AE5474667470203078333030303030303020BA
S31533D2AE64737465706C64722E6E62313B206E616E0E
S31533D2AE7464206572617365206B65726E656C3B2033
S31533D2AE846E616E642077726974652E6A66667332BE
S31533D2AE942030783330303030303030206B65726E88
S31533D2AEA4656C20242866696C6573697A65290000D2
S31533D2AEB4456E746572207468652054465450205353
S31533D2AEC46572766572285043292049502061646469
S31533D2AED4726573733A287878782E7878782E787828
S31533D2AEE4782E787878290A00736574656E762073EA
S31533D2AEF465727665726970202573000073657465DD
S31533D2AF046E76206970616464722025730000000002
S31533D2AF14736574656E76206E65746D61736B202535
S31533D2AF2473000000536176652054465450204950F9
S31533D2AF3420706172616D65746572733F28792F6E31
S31533D2AF44290A00004E6F74205361766520697421C1
S31533D2AF5421210A007466747020307833303030301D
S31533D2AF6430303020726F6F742E62696E3B206E61CD
S31533D2AF746E6420657261736520726F6F743B206E13
S31533D2AF84616E642077726974652E796166667320CD
S31533D2AF943078333030303030303020726F6F742073
S31533D2AFA4242866696C6573697A652900456E746536
S31533D2AFB47220646F776E6C6F61647320746F2053AF
S31533D2AFC44452414D20616464726573733A0A000004
S31533D2AFD4456E7465722070726F6772616D206E615D
S31533D2AFE46D653A0A000000007466747020257320A6
S31533D2AFF425730000746674702025732025730A0072
S31533D2B004676F2025730000005374617274204C69C0
S31533D2B0146E7578202E2E2E0A000000006E616E6471
S31533D2B02420736372756220007466747020307833F9
S31533D2B034303030303030302025733B206E616E64FD
S31533D2B0442065726173652030783020242866696C22
S31533D2B0546573697A652B31293B206E616E642077A9
S31533D2B064726974652E6A66667332203078333030B9
S31533D2B07430303030302030783020242866696C65CD
S31533D2B08473697A652B3129007466747020307833B8
S31533D2B09430303030303030206C6F676F2E62696E19
S31533D2B0A43B206E616E64206572617365206C6F6703
S31533D2B0B46F3B206E616E642077726974652E6A66CD
S31533D2B0C46673322030783330303030303030206C8F
S31533D2B0D46F676F20242866696C6573697A6529002C
S31533D2B0E47466747020307833303030303030302028
S31533D2B0F475626F6F742E62696E3B2070726F74652C
S31533D2B1046374206F666620616C6C3B20657261739F
S31533D2B114652030202B242866696C6573697A652950
S31533D2B1243B2063702E622030783330303030303037
S31533D2B13430203020242866696C6573697A65290090
S31533D2B1445451323434302070696E67205043204997
S31533D2B154503A70696E672025730A000070696E6738
S31533D2B1642025730074667470203078333030303897
S31533D2B174303030207A496D6167652E62696E3B20F1
S31533D2B184746573745F7A496D616765007573627377
S31533D2B1946C6176652031203078333030303030308C
S31533D2B1A4303B206E616E6420657261736520626949
S31533D2B1B46F733B206E616E642077726974652E6ABF
S31533D2B1C46666733220307833303030303030302094
S31533D2B1D462696F7320242866696C6573697A6529C3
S31533D2B1E400000000757362736C617665203120304A
S31533D2B1F47833303030303030303B206E616E642029
S31533D2B20465726173652065626F6F743B206E616E4E
S31533D2B214642077726974652E6A666673322030789F
S31533D2B22433303030303030302065626F6F7420240F
S31533D2B2342866696C6573697A652900007573627396
S31533D2B2446C617665203120307833303030303030DB
S31533D2B254303B206E616E64206572617365206B6593
S31533D2B264726E656C3B206E616E64207772697465D7
S31533D2B2742E6A66667332203078333030303030309B
S31533D2B28430206B65726E656C20242866696C65735F
S31533D2B294697A652900000000757362736C617665C9
S31533D2B2A4203120307833303030303030303B206E2A
S31533D2B2B4616E6420657261736520726F6F743B20DD
S31533D2B2C46E616E642077726974652E6A666673327A
S31533D2B2D4203078333030303030303020726F6F7430
S31533D2B2E420242866696C6573697A6529000000005F
S31533D2B2F4757362736C61766520312030783330302E
S31533D2B30430303030303B206E616E64206572617377
S31533D2B3146520726F6F743B206E616E642077726967
S31533D2B32474652E7961666673203078333030303033
S31533D2B33430303020726F6F7420242866696C65730B
S31533D2B344697A652900000000757362736C61766518
S31533D2B35420310000676F202578000000757362733D
S31533D2B3646C617665203120307833303030303030BA
S31533D2B374303B206E616E642065726173652030789A
S31533D2B3843020242866696C6573697A652B31293BF7
S31533D2B394206E616E642077726974652E6A666673BB
S31533D2B3A43220307833303030303030302030783019
S31533D2B3B420242866696C6573697A652B3129000032
S31533D2B3C4757362736C61766520312030783330305D
S31533D2B3D430303030303B206E616E642065726173A7
S31533D2B3E465206C6F676F3B206E616E6420777269AA
S31533D2B3F474652E6A666673322030783330303030A1
S31533D2B404303030206C6F676F20242866696C65734D
S31533D2B414697A652900000000757362736C61766547
S31533D2B424203120307833303030303030303B2070A6
S31533D2B434726F74656374206F666620616C6C3B205D
S31533D2B44465726173652030202B242866696C6573E3
S31533D2B454697A65293B2063702E6220307833303053
S31533D2B4643030303030203020242866696C657369A5
S31533D2B4747A652900757362736C61766520312030AF
S31533D2B4847833303030383030303B20746573745F30
S31533D2B4947A496D61676500003F0000003F20202062
S31533D2B4A4202020202D20616C69617320666F72202F
S31533D2B4B42768656C70270A0068656C7000000000D3
S31533D2B4C468656C70202020202D207072696E7420AA
S31533D2B4D46F6E6C696E652068656C700A0000000005
S31533D2B4E45B636F6D6D616E64202E2E2E5D0A2020C2
S31533D2B4F420202D2073686F772068656C7020696E2F
S31533D2B504666F726D6174696F6E2028666F72202787
S31533D2B514636F6D6D616E6427290A2768656C7027EC
S31533D2B524207072696E7473206F6E6C696E6520681F
S31533D2B534656C7020666F7220746865206D6F6E6920
S31533D2B544746F7220636F6D6D616E64732E0A0A578C
S31533D2B5546974686F757420617267756D656E747349
S31533D2B5642C206974207072696E7473206120736867
S31533D2B5746F7274207573616765206D657373616792
S31533D2B5846520666F7220616C6C20636F6D6D616EEC
S31533D2B59464732E0A0A546F206765742064657461A2
S31533D2B5A4696C65642068656C7020696E666F726D7A
S31533D2B5B46174696F6E20666F722073706563696660
S31533D2B5C4696320636F6D6D616E647320796F752091
S31533D2B5D463616E20747970650A2768656C70272027
S31533D2B5E477697468206F6E65206F72206D6F72655A
S31533D2B5F420636F6D6D616E64206E616D6573206188
S31533D2B6047320617267756D656E74732E0A0000008A
S31533D2B6146563686F000000006563686F202020205D
S31533D2B6242D206563686F206172677320746F2063CC
S31533D2B6346F6E736F6C650A005B617267732E2E5DA0
S31533D2B6440A202020202D206563686F2061726773A8
S31533D2B65420746F20636F6E736F6C653B205C63208B
S31533D2B66473757070726573736573206E65776C692F
S31533D2B6746E650A0076657273696F6E007665727318
S31533D2B684696F6E202D207072696E74206D6F6E69F8
S31533D2B694746F722076657273696F6E0A0000000016
S31533D2B6A40A25730A00000000556E6B6E6F776E20CF
S31533D2B6B4636F6D6D616E642027257327202D2074B5
S31533D2B6C47279202768656C702720776974686F75A9
S31533D2B6D47420617267756D656E747320666F72206A
S31533D2B6E46C697374206F6620616C6C206B6E6F7762
S31533D2B6F46E20636F6D6D616E64730A0A0000000047
S31533D2B7042D204E6F2068656C7020617661696C61C9
S31533D2B714626C652E0A000000496E3A20202020003E
S31533D2B7244E6F20696E7075742064657669636573FA
S31533D2B73420617661696C61626C65210A000000000E
S31533D2B7444F75743A202020004E6F206F75747075FE
S31533D2B75474206465766963657320617661696C61D5
S31533D2B764626C65210A0000004572723A20202000A9
S31533D2B7744E6F206572726F722064657669636573B0
S31533D2B78420617661696C61626C65210A00000000BE
S31533D2B79443616E6E6F7420696E697469616C697A4A
S31533D2B7A46520746865206C697374206F662064650A
S31533D2B7B47669636573210A0073657269616C0000B5
S31533D2B7C42A2A2A205761726E696E67202D206261C6
S31533D2B7D464204352432C207573696E67206465663D
S31533D2B7E461756C7420656E7669726F6E6D656E74BF
S31533D2B7F40A0A00004E414E4400000000457261737A
S31533D2B804696E67204E616E642E2E2E00577269741A
S31533D2B814696E6720746F204E616E642E2E2E20008D
S31533D2B8242A2A2A205761726E696E67202D20626165
S31533D2B8346420435243206F72204E414E442C20759A
S31533D2B84473696E672064656661756C7420656E76CA
S31533D2B85469726F6E6D656E740A0A00002A2A2A20BB
S31533D2B8644572726F72202D2064656661756C74204D
S31533D2B874656E7669726F6E6D656E74206973207474
S31533D2B8846F6F206C617267650A0A000054696D65FD
S31533D2B8946F75742077726974696E6720746F2046B4
S31533D2B8A46C6173680A000000466C617368206E6FEC
S31533D2B8B474204572617365640A00000043616E274E
S31533D2B8C47420777269746520746F2070726F74655D
S31533D2B8D46374656420466C61736820736563746F6D
S31533D2B8E472730A004F7574736964652061766169BC
S31533D2B8F46C61626C6520466C6173680A0000000021
S31533D2B904537461727420616E642F6F7220656E6460
S31533D2B9142061646472657373206E6F74206F6E2084
S31533D2B924736563746F7220626F756E646172790AEA
S31533D2B93400000000556E6B6E6F776E2056656E645B
S31533D2B9446F72206F6620466C6173680A00000000FA
S31533D2B954556E6B6E6F776E2054797065206F662011
S31533D2B964466C6173680A000047656E6572616C20F2
S31533D2B974466C6173682050726F6772616D6D696E8E
S31533D2B98467204572726F720A00000000666C617367
S31533D2B994682E630025735B25645D204649584D452D
S31533D2B9A43A2072633D25640A00000000436B7375F3
S31533D2B9B46D0000004352430078797A4D6F64656DD6
S31533D2B9C4202D202573206D6F64652C20256428534E
S31533D2B9D44F48292F256428535458292F256428436D
S31533D2B9E4414E29207061636B6574732C2025642090
S31533D2B9F4726574726965730A0000000043616E27F7
S31533D2BA0474206163636573732066696C6500000061
S31533D2BA14536F7272792C207A4D6F64656D206E6F43
S31533D2BA247420617661696C61626C65207965740060
S31533D2BA3454696D6564206F7574000000456E642055
S31533D2BA446F662066696C650043616E63656C6C653B
S31533D2BA5464000000496E76616C6964206672616DE6
S31533D2BA64696E67004352432F636865636B73756D2F
S31533D2BA74206572726F720000426C6F636B2073658A
S31533D2BA847175656E6365206572726F7200000000DC
S31533D2BA94556E6B6E6F776E206572726F720000005D
S31533D2BAA46477564250440000647756465044000075
S31533D2BAB46477565350570000647748425044000053
S31533D2BAC4647748465044000064774853505700004D
S31533D2BAD46477434C4B56414C000000000A426164AE
S31533D2BAE420626C6F636B206174203078256C782036
S31533D2BAF42C77696C6C20626520736B69707065645C
S31533D2BB040A0000003C333A25785D00003C45525254
S31533D2BB144F523E005B5354414C4C5D005B524356B9
S31533D2BB243A00000025782C003C303A25785D000063
S31533D2BB345B5345545550454E445D00005B474444AC
S31533D2BB445D0000005B4744435D0000005B474453CA
S31533D2BB545D0000005B55453A535452493F5D00006C
S31533D2BB645B4744495D0000005B4744455D000000B2
S31533D2BB745B55453A4744453F5D0000005B55453AEC
S31533D2BB8447443F5D000000005B53413A25645D0070
S31533D2BB945B53435D000000005B55453A53455455D8
S31533D2BBA4503D25785D0000005B474444305D000048
S31533D2BBB45B474444315D00005B474444325D000005
S31533D2BBC45B474443305D00005B474443315D0000F9
S31533D2BBD45B474443325D00005B474443335D0000E5
S31533D2BBE45B474443345D00005B4744434F305D0087
S31533D2BBF45B4744434F315D005B474449305D000074
S31533D2BC045B474449315D00005B47444530305D0080
S31533D2BC145B47444531305D005B474453305F305DD7
S31533D2BC24000000005B474453315F25645D00000056
S31533D2BC345B474453325F25645D0000005B455D0048
S31533D2BC4455453A473F44000055534220686F73747F
S31533D2BC54206973206E6F7420636F6E6E65637465F9
S31533D2BC6464207965742E0A0055534220686F7374EF
S31533D2BC7420697320636F6E6E65637465642E205741
S31533D2BC84616974696E67206120646F776E6C6F6194
S31533D2BC94642E0A004C656E677468206F66206669B3
S31533D2BCA46C6520697320746F6F20626967203A207A
S31533D2BCB42564203E2025640A0000000043616E6366
S31533D2BCC4656C6C656420627920757365720A00007B
S31533D2BCD40A4E6F772C20446F776E6C6F6164696EBC
S31533D2BCE467205B414444524553533A2578682C549E
S31533D2BCF44F54414C3A25645D0A00000052454345BC
S31533D2BD04495645442046494C452053495A453A2502
S31533D2BD143864000008080808080808082538640077
S31533D2BD2408080808080808082538642000000000E3
S31533D2BD342825644B422F532C20256453290A0000D9
S31533D2BD44556E646566696E656420696E737472758D
S31533D2BD546374696F6E20657863657074696F6E21A7
S31533D2BD6421210A0053574920657863657074696F04
S31533D2BD746E2121210A0000005061626F72742065EC
S31533D2BD847863657074696F6E2121210A00000000CD
S31533D2BD944461626F727420657863657074696F6E49
S31533D2BDA42121210A0000000025326C6400000000F0
S31533D2BDB42E256C64000000002025634225730000CF
S31533D2BDC430313233343536373839414243444546C2
S31533D2BDD44748494A4B4C4D4E4F505152535455566C
S31533D2BDE45758595A00000000303132333435363746
S31533D2BDF438396162636465666768696A6B6C6D6E1A
S31533D2BE046F707172737475767778797A00000000AD
S31533D2BE143C4E554C4C3E000066696C652065727255
S31533D2BE246F72000073747265616D206572726F724C
S31533D2BE340000000064617461206572726F7200000F
S31533D2BE44696E73756666696369656E74206D656D7D
S31533D2BE546F727900627566666572206572726F72B5
S31533D2BE640000000073747265616D20656E640000E0
S31533D2BE74302E393550000000756E6B6E6F776E2067
S31533D2BE84636F6D7072657373696F6E206D65746823
S31533D2BE946F640000696E76616C69642077696E6407
S31533D2BEA46F772073697A6500696E76616C696420BB
S31533D2BEB472657365727665642062697400000000B4
S31533D2BEC4696E636F72726563742068656164657211
S31533D2BED420636865636B0000696E76616C6964202E
S31533D2BEE473746F72656420626C6F636B206C656E28
S31533D2BEF46774687300000000696E76616C69642076
S31533D2BF04626C6F636B20747970650000746F6F20C3
S31533D2BF146D616E79206C656E677468206F72206436
S31533D2BF24697374616E63652073796D626F6C7300F2
S31533D2BF346F7665727375627363726962656420648C
S31533D2BF44796E616D696320626974206C656E6774C8
S31533D2BF546873207472656500696E636F6D706C65D0
S31533D2BF6474652064796E616D696320626974206CF9
S31533D2BF74656E67746873207472656500696E7661AB
S31533D2BF846C696420626974206C656E6774682072D6
S31533D2BF9465706561740000006F766572737562730A
S31533D2BFA4637269626564206C69746572616C2F6C71
S31533D2BFB4656E67746820747265650000696E636FE3
S31533D2BFC46D706C657465206C69746572616C2F6C33
S31533D2BFD4656E67746820747265650000696E7661BE
S31533D2BFE46C6964206C69746572616C2F6C656E6727
S31533D2BFF4746820636F646500696E76616C69642094
S31533D2C00464697374616E636520636F64650000001B
S31533D2C014696E636F7272656374206461746120630B
S31533D2C0246865636B00000000636F6E666967757209
S31533D2C034656420746F6F206D616E7920666C61731B
S31533D2C044682062616E6B73210A000000414D443A13
S31533D2C05420000000556E6B6E6F776E2056656E6414
S31533D2C0646F722000317820416D6432394C56343074
S31533D2C0743042422028344D626974290A00000000C2
S31533D2C084317820416D6432394C563830304242207D
S31533D2C09428384D626974290A00000000556E6B6ED6
S31533D2C0A46F776E204368697020547970650A0000BD
S31533D2C0B4202053697A653A20256C64204D4220690F
S31533D2C0C46E20256420536563746F72730A0000003D
S31533D2C0D42020536563746F72205374617274204112
S31533D2C0E464647265737365733A0000000A20202040
S31533D2C0F40000000020202020200000002028524FA8
S31533D2C10429000000202530386C58257300000000EE
S31533D2C11445726173696E6720736563746F72202552
S31533D2C1243264202E2E2E20006F6B2E0A000000008E
S31533D2C13470726F746563746564210A00557365725C
S31533D2C14420496E74657272757074210A00000000C8
S31533D2C15425733A2063616C6C656420666F72204EA4
S31533D2C16443450A002323204C6F6164696E67205298
S31533D2C174616D6469736B20496D616765206174201F
S31533D2C1842530386C78202E2E2E0A00004E6F204C52
S31533D2C194696E75782041524D2052616D6469736BE1
S31533D2C1A420496D6167650A000A5374617274696E84
S31533D2C1B467206B65726E656C202E2E2E0A0A0000AA
S31533D2C1C46372616D66733A2077726F6E67206D616F
S31533D2C1D46769630A000000006372616D66733A203D
S31533D2C1E4756E737570706F727465642066696C65B7
S31533D2C1F473797374656D2066656174757265730A02
S31533D2C204000000006372616D66733A20726F6F7485
S31533D2C214206973206E6F7420612064697265637486
S31533D2C2246F72790A000000006372616D66733A20C5
S31533D2C234656D7074792066696C6573797374656D5B
S31533D2C244000000006372616D66733A2062616420C2
S31533D2C254726F6F74206F666673657420256C750A34
S31533D2C26400000000252A2E2A733A20756E73757010
S31533D2C274706F727465642066696C6520747970657F
S31533D2C28420282578290A000063616E2774206669CB
S31533D2C2946E6420636F72726573706F6E64696E6720
S31533D2C2A420656E7472790A0020257320253864206A
S31533D2C2B4252A2E2A73000000202D3E20252A2E2A03
S31533D2C2C4730A0000205B4572726F722072656164A1
S31533D2C2D4696E67206C696E6B5D0A000073697A6521
S31533D2C2E43A203078257820282575290A000000008B
S31533D2C2F4666C6167733A0A000946534944207665B4
S31533D2C3047273696F6E20320A0000000009736F723A
S31533D2C31474656420646972730A00000009686F6CA9
S31533D2C32465730A00097368696674656420726F6FBC
S31533D2C33474206F66667365740A0000006673696423
S31533D2C3443A0A096372633A20307825780A096564DE
S31533D2C3546974696F6E3A20307825780A0000000002
S31533D2C3646E616D653A20253136730A004E4F4E458A
S31533D2C374000000005A45524F000000005254494D32
S31533D2C38445000000525542494E4D495053000000A0
S31533D2C394434F50590000000044594E525542494EE8
S31533D2C3A4000000005A4C4942000000006765745FAE
S31533D2C3B4666C5F6D656D5F6E616E643A2063616E72
S31533D2C3C4277420616C6C6F6320256420627974651B
S31533D2C3D4730A0000726561645F6E616E645F636112
S31533D2C3E4636865643A2063616E277420616C6C6FBB
S31533D2C3F4632063616368652073697A652025642013
S31533D2C40462797465730A0000726561645F6E616EB4
S31533D2C414645F6361636865643A206572726F72204E
S31533D2C42472656164696E67206E616E64206F666607
S31533D2C434202523782073697A65202564206279741A
S31533D2C44465730A006F6666203D20252378206D6195
S31533D2C45467696320252378207479706520252378F8
S31533D2C464206E6F64652E746F746C656E203D202591
S31533D2C474640A00006164645F6E6F64653A206D61E9
S31533D2C4846C6C6F63206661696C65640A0000000064
S31533D2C4946164645F6E6F6465206661696C656421B9
S31533D2C4A40D0A00006765745F6E6F64655F6D656D83
S31533D2C4B43A20756E6B6E6F776E2064657669636573
S31533D2C4C420747970652C207573696E67207261779F
S31533D2C4D4206F6666736574210A000000257320259E
S31533D2C4E43038780A00000000554E4B4F574E20430E
S31533D2C4F44F4D5052455353494F4E204D4554484F81
S31533D2C50444203D2000000000202A2A204552524F8F
S31533D2C51452202A2A20000000206861732064757061
S31533D2C5242076657273696F6E203D00007877720018
S31533D2C53466696E645F696E6F6465206661696C65BC
S31533D2C5446420666F72206E616D653D006765745F74
S31533D2C554666C5F6D656D3A20756E6B6E6F776E20D2
S31533D2C56464657669636520747970652C20757369CD
S31533D2C5746E6720726177206F6666736574210A009B
S31533D2C5845363616E6E696E67204A4646533220468A
S31533D2C594533A2020200000000808256320000000E7
S31533D2C5A408082E20200000004F4F505320436C6589
S31533D2C5B4616E6D61726B6572206861732062616478
S31533D2C5C42073697A6520256420213D2025640A00A7
S31533D2C5D44F4F50532050616464696E6720686173D8
S31533D2C5E4206261642073697A65202564203C2025D0
S31533D2C5F4640A0000556E6B6E6F776E206E6F646508
S31533D2C60420747970653A202578206C656E2025643A
S31533D2C614206F666673657420307825780A000000F5
S31533D2C624080820646F6E652E0D0A000025733A20EE
S31533D2C6344661696C656420746F207363616E204A74
S31533D2C64446465376322066696C6520737472756343
S31533D2C654747572650A000000252E337320252E3362
S31533D2C6647320252E326420252E32643A252E326413
S31533D2C6743A252E32642025640A00000020257320FD
S31533D2C68425386C642025732025730000202D3E2053
S31533D2C694000000006C733A204661696C6564207479
S31533D2C6A46F207363616E206A666673322066696CF1
S31533D2C6B465207374727563747572650D0A000000DE
S31533D2C6C46C6F61643A204661696C656420746F20F9
S31533D2C6D466696E6420696E6F64650D0A0000000064
S31533D2C6E420686173206475702076657273696F6E50
S31533D2C6F420287265736F6C766529203D200000003D
S31533D2C7046C6F61643A204661696C656420746F20B8
S31533D2C7147265736F6C766520696E6F6465207374D4
S31533D2C724727563747572650D0A0000006C6F616439
S31533D2C7343A204661696C656420746F20726561648C
S31533D2C74420696E6F64650D0A00000000436F6D7005
S31533D2C75472657373696F6E3A2025730A0966726189
S31533D2C7646720636F756E743A2025640A09636F6DD5
S31533D2C774707265737365642073756D3A2025640A52
S31533D2C78409756E636F6D7072657373656420737571
S31533D2C7946D3A2025640A000020456565702E204102
S31533D2C7A475746F706C6163656D656E742073656C05
S31533D2C7B4656374656420616E64206E6F20656D70B3
S31533D2C7C4747920737061636520696E206F6F620AE0
S31533D2C7D4000000000A25733A204D54442067657409
S31533D2C7E42062616420626C6F636B206661696C65A7
S31533D2C7F4643A2025640A00000D536B697070696EEE
S31533D2C804672062616420626C6F636B20617420200B
S31533D2C814307825303878202020202020202020201C
S31533D2C82420202020202020202020202020202020F9
S31533D2C83420202020202020202020202020202020E9
S31533D2C84420200A000A25733A204D54442045726176
S31533D2C8547365206661696C7572653A2025640A00FC
S31533D2C8640A25733A204D54442077726974656F6FAF
S31533D2C87462206661696C7572653A2025640A000052
S31533D2C8840A25733A20746869732065726173652095
S31533D2C894726F7574696E65206F6E6C792073757029
S31533D2C8A4706F727473204E414E44206465766963D5
S31533D2C8B46573210A000000000D45726173696E6790
S31533D2C8C42061742030782578202D2D202533642584
S31533D2C8D42520636F6D706C6574652E0020436C6549
S31533D2C8E4616E6D61726B6572207772697474656EBB
S31533D2C8F420617420307825782E00000043616E2768
S31533D2C9047420706164207768656E206F6F62206499
S31533D2C9146174612069732070726573656E742E0A7D
S31533D2C92400000000556E6B6E6F776E20666C617342
S31533D2C9346820286E6F74206E6F726D616C204E418F
S31533D2C9444E44290A000000005941465353206361A9
S31533D2C9546E6E6F74206F706572617465206F6E20DC
S31533D2C96432353620427974652070616765207369AE
S31533D2C9747A650A00496E70757420626C6F636B2064
S31533D2C9846C656E677468206973206E6F74207061B8
S31533D2C994676520616C69676E65640A00496D616740
S31533D2C9A4652025642062797465732C204E414E44B6
S31533D2C9B420706167652025642062797465732C206F
S31533D2C9C44F4F422061726561202575206279746531
S31533D2C9D4732C206465766963652073697A652025F9
S31533D2C9E4752062797465730A00000000496E7075D6
S31533D2C9F47420626C6F636B20646F6573206E6F744D
S31533D2CA042066697420696E746F206465766963654A
S31533D2CA140A00000042616420626C6F636B206368E0
S31533D2CA2465636B206661696C65640A000A4D544446
S31533D2CA342077726974656F6F62206661696C7572B9
S31533D2CA44653A2025640A000077726974696E672061
S31533D2CA544E414E442070616765206174206F666699
S31533D2CA64736574203078256C78206661696C656415
S31533D2CA740A0000000D42616420626C6F636B2061DD
S31533D2CA8474203078256C7820696E2065726173652B
S31533D2CA9420626C6F636B2066726F6D203078257823
S31533D2CAA42077696C6C20626520736B6970706564A8
S31533D2CAB40A0000000D57726974696E672064617413
S31533D2CAC4612061742030782578202D2D2025336446
S31533D2CAD4252520636F6D706C6574652E0000000056
S31533D2CAE44461746120646964206E6F742066697498
S31533D2CAF420696E746F206465766963652C20647598
S31533D2CB046520746F2062616420626C6F636B730ABF
S31533D2CB1400000000496E70757420626C6F636B20AB
S31533D2CB246973206C6172676572207468616E20642E
S31533D2CB3465766963650A000072656164696E6720D6
S31533D2CB444E414E442070616765206174206F6666A8
S31533D2CB54736574203078256C78206661696C656424
S31533D2CB640A0000000A4D544420726561646F6F62C1
S31533D2CB74206661696C7572653A2025640A000000B1
S31533D2CB840D52656164696E6720646174612066721D
S31533D2CB946F6D2030782578202D2D202533642525A5
S31533D2CBA420636F6D706C6574652E0000436F756C3C
S31533D2CBB464206E6F74207265616420656E74697293
S31533D2CBC46520696D6167652064756520746F2062EB
S31533D2CBD4616420626C6F636B730A00006E616E6438
S31533D2CBE45F6765745F6C6F636B5F7374617475738C
S31533D2CBF43A20537461727420616464726573732098
S31533D2CC046D75737420626520626567696E6E696EFB
S31533D2CC1467206F66206E616E642070616765210A00
S31533D2CC24000000006E616E645F756E6C6F636B3A2F
S31533D2CC342073746172743A20253038782C206C651B
S31533D2CC446E6774683A202564210A00006E616E6475
S31533D2CC545F756E6C6F636B3A204465766963652010
S31533D2CC6469732077726974652070726F746563746D
S31533D2CC746564210A000000006E616E645F756E6C62
S31533D2CC846F636B3A205374617274206164647265D0
S31533D2CC947373206D75737420626520626567696EAA
S31533D2CCA46E696E67206F66206E616E6420706167BB
S31533D2CCB465210A006E616E645F756E6C6F636B3A0F
S31533D2CCC4204C656E677468206D75737420626520E3
S31533D2CCD461206D756C7469706C65206F66206E6174
S31433D2CCE46E6420706167652073697A65210A00A1
S30633D2CCF3FF36
S31533D2CCF458D7D13308CFD133E80BD033E054D133E9
S31533D2CD044C13D033BCD8D1339840D133A013D03388
S31533D2CD14E4CFD133C013D03300000000FFFFFFFF7B
S31533D2CD24FFFFFFFFFFFF0000FFFFFFFF08000000F6
S31533D2CD34FFFFFFFF020000001800000002000000CC
S31533D2CD4426000000000000000000000000000000AE
S31533D2CD5400000000000000000000000000000000C4
S31533D2CD6400000000000000000000000000000000B4
S31533D2CD74000000000000000000000000280000007C
S31533D2CD84290000002A0000002B0000002C000000EA
S31533D2CD942D0000002E0000002F00000030000000CA
S31533D2CDA431000000320000003300000034000000AA
S31533D2CDB4350000003600000037000000380000008A
S31533D2CDC4390000003A0000003B0000003C0000006A
S31533D2CDD43D0000003E0000003F000000000000008A
S31533D2CDE40000000000000000000000000000000034
S31533D2CDF40000000000000000000000000200000022
S31533D2CE0406000000080000000800000000000000FD
S31533D2CE140000000000000000000000000000000003
S31533D2CE2400000000000000000000000000000000F3
S31533D2CE3400000000000000000000000000000000E3
S31533D2CE4400000000000000000100000002000000D0
S31533D2CE5403000000060000000700000000000000B3
S31533D2CE6400000000000000000000000000000000B3
S31533D2CE7400000000000000000000000000000000A3
S31533D2CE840000000000000000000000000000000093
S31533D2CE940000000000000000000000000000000083
S31533D2CEA40000000000000000000000000000000073
S31533D2CEB40000000000000000000000000000000063
S31533D2CEC4000000000200000003000000030000004B
S31533D2CED40200000006000000020000000000000039
S31533D2CEE40000000000000000000000000000000033
S31533D2CEF40000000000000000000000000000000023
S31533D2CF040000000000000000000000000000000012
S31533D2CF1401000000020000000000000000000000FF
S31533D2CF2400000000000000000000000000000000F2
S31533D2CF3400000000000000000000000000000000E2
S31533D2CF4400000000000000000000000000000000D2
S31533D2CF5400000000000000000000000000000000C2
S31533D2CF6400000000000000000000000000000000B2
S31533D2CF7400000000000000000000000000000000A2
S31533D2CF84000000000000000000000000FFFFFFFF96
S31533D2CF94FFFFFFFFFFFFFFFFFFFFFFFFFFFFFFFF92
S31533D2CFA4FFFFFFFFFFFFFFFFFFFFFFFFFFFFFFFF82
S31533D2CFB4FFFFFFFFFFFFFFFFFFFFFFFFFFFFFFFF72
S31533D2CFC4FFFFFFFFFFFFFFFFFFFFFFFF98000000C6
S31533D2CFD4C853D233EC000000D053D233040000000A
S31533D2CFE4D853D2338F000000E053D2330700000034
S31533D2CFF4EC53D23320000000F453D2330000000072
S31533D2D0040054D2330854D2336E00000000010000E8
S31533D2D0140100000000100000000000001C54D2337B
S31533D2D024640000000001000002000000001000007A
S31533D2D034000000003054D2336B00000000020000EB
S31533D2D0440400000000200000000000004454D23310
S31533D2D054E8000000000100000100000000100000C7
S31533D2D064000000004454D233EC0000000001000027
S31533D2D0740100000000100000000000005C54D233DB
S31533D2D084EA00000000010000020000000010000094
S31533D2D094000000007454D233D500000000020000DD
S31533D2D0A40400000000200000000000007454D23380
S31533D2D0B4E300000000020000040000000020000058
S31533D2D0C4000000007454D233E5000000000200009D
S31533D2D0D40400000000200000000000008C54D23338
S31533D2D0E4D600000000020000080000000020000031
S31533D2D0F400000000A454D2333900000000020000E9
S31533D2D1040800000000200000000000008C54D23303
S31533D2D114E6000000000200000800000000200000F0
S31533D2D12400000000BC54D233490000000002000090
S31533D2D134080000000020000002000000D454D23389
S31533D2D144590000000002000008000000002000004D
S31533D2D15402000000EC54D233330000000002000044
S31533D2D1641000000000400000000000000455D23302
S31533D2D17473000000000200001000000000400000DB
S31533D2D184000000001C55D2334300000000020000D5
S31533D2D1941000000000400000020000003455D233A0
S31533D2D1A453000000000200001000000000400000CB
S31533D2D1B4020000004C55D233350000000002000081
S31533D2D1C42000000000400000000000006455D23332
S31533D2D1D47500000000020000200000000040000069
S31533D2D1E4000000007C55D233450000000002000013
S31533D2D1F42000000000400000020000009455D233D0
S31533D2D2045500000000020000200000000040000058
S31533D2D21402000000AC55D2333600000000020000BF
S31533D2D224400000000040000000000000C455D23351
S31533D2D23476000000000200004000000000400000E7
S31533D2D24400000000DC55D233460000000002000051
S31533D2D254400000000040000002000000F455D233EF
S31533D2D26456000000000200004000000000400000D7
S31533D2D274020000000C56D2337800000000020000BC
S31533D2D2848000000000400000000000002456D23350
S31533D2D2947900000000020000800000000040000044
S31533D2D2A4000000003C56D233720000000002000064
S31533D2D2B48000000000400000020000005456D233EE
S31533D2D2C47400000000020000800000000040000019
S31533D2D2D4020000006C56D233710000000002000003
S31533D2D2E40001000000400000000000008456D2330F
S31533D2D2F4DC00000000000000000200000000000041
S31533D2D304000000000C56D233A10000000000000006
S31533D2D31480000000000000001D0000002456D233E2
S31533D2D324F10000000000000080000000000000007D
S31533D2D3341D0000003C56D233B10000000000000079
S31533D2D34480000000000000001F0000005456D23380
S31533D2D354C10000000000000080000000000000007D
S31533D2D3641F0000009C56D233AA00000000000000EE
S31533D2D37400010000000000001D0000006C56D233B9
S31533D2D384DA000000000000000001000000000000B3
S31533D2D3941D000000B456D233BA0000000000000098
S31533D2D3A400010000000000001F000000CC56D23327
S31533D2D3B4CA00000000000000000100000000000093
S31533D2D3C41F000000E456D233AC0000000000000044
S31533D2D3D400020000000000001D0000008456D23340
S31533D2D3E4DC00000000000000000200000000000050
S31533D2D3F41D000000FC56D233BC00000000000000EE
S31533D2D40400020000000000001F0000001457D2337C
S31533D2D414CC0000000000000000020000000000002F
S31533D2D4241F0000002C57D233A300000000000000A3
S31533D2D43400040000000000001D0000004457D2331C
S31533D2D444D3000000000000000004000000000000F6
S31533D2D4541D0000005C57D233B30000000000000035
S31533D2D46400040000000000001F0000007457D233BA
S31533D2D474C3000000000000000004000000000000D6
S31533D2D4841F0000008C57D233A500000000000000E1
S31533D2D49400080000000000001D000000A457D23358
S31533D2D4A4D500000000000000000800000000000090
S31533D2D4B41D000000BC57D233B50000000000000073
S31533D2D4C400080000000000001F000000D457D233F6
S31533D2D4D4C500000000000000000800000000000070
S31533D2D4E41F000000EC57D2330100000000080000BD
S31533D2D4F480000000004000006100000000000000FC
S31533D2D504000000000000000000000000000000000C
S31533D2D51400000000000000000000000005000000F7
S31533D2D52400000000000000000100000000000000EB
S31533D2D534000000003CD5D233FFFF000000000000C8
S31533D2D54400000000000000000000000000000000CC
S31533D2D5540200000000000000000000003CD5D233A4
S31533D2D564000C00000000000005000000000000009B
S31533D2D574000000000100000000000000000000009B
S31533D2D5843CD5D233000C000000000000000000006A
S31533D2D594000000000000000002000000000000007A
S31533D2D5A4000000003CD5D233000C0000000000004A
S31533D2D5B42000000000000000000000000600000036
S31533D2D5C40000000000000000D0D5D2331C71C71C32
S31533D2D5D471C7000092130000000000000800000057
S31533D2D5E40C00000000000000040000000400000018
S31533D2D5F400000000FCD5D233317462429213000058
S31533D2D60400000000080000000C00000000000000F7
S31533D2D61404000000040000000000000024D6D233F4
S31533D2D62442627430202020202020202000000000A3
S31533D2D6340820080000000037486AD2334C6AD23302
S31533D2D644506AD233586AD233606AD233686AD2339F
S31533D2D6546C6AD233C076D23302000000C476D23364
S31533D2D66402000000C876D23303000000CC76D2331C
S31533D2D67403000000D076D23300000000D476D233FE
S31533D2D68400000000D876D23301000000DC76D233E0
S31533D2D69401000000E076D23301000000E476D233BF
S31533D2D6A405000000E876D23305000000EC76D23397
S31533D2D6B404000000F076D2330400000001000000E7
S31533D2D6C4400000000100000068A1D23370A1D233E6
S31533D2D6D478A1D2330000020000000200FFFFFFFF1D
S31533D2D6E40000000000000000E4D6D233E4D6D233AD
S31533D2D6F4ECD6D233ECD6D233F4D6D233F4D6D233EF
S31533D2D704FCD6D233FCD6D23304D7D23304D7D2339C
S31533D2D7140CD7D2330CD7D23314D7D23314D7D2334A
S31533D2D7241CD7D2331CD7D23324D7D23324D7D233FA
S31533D2D7342CD7D2332CD7D23334D7D23334D7D233AA
S31533D2D7443CD7D2333CD7D23344D7D23344D7D2335A
S31533D2D7544CD7D2334CD7D23354D7D23354D7D2330A
S31533D2D7645CD7D2335CD7D23364D7D23364D7D233BA
S31533D2D7746CD7D2336CD7D23374D7D23374D7D2336A
S31533D2D7847CD7D2337CD7D23384D7D23384D7D2331A
S31533D2D7948CD7D2338CD7D23394D7D23394D7D233CA
S31533D2D7A49CD7D2339CD7D233A4D7D233A4D7D2337A
S31533D2D7B4ACD7D233ACD7D233B4D7D233B4D7D2332A
S31533D2D7C4BCD7D233BCD7D233C4D7D233C4D7D233DA
S31533D2D7D4CCD7D233CCD7D233D4D7D233D4D7D2338A
S31533D2D7E4DCD7D233DCD7D233E4D7D233E4D7D2333A
S31533D2D7F4ECD7D233ECD7D233F4D7D233F4D7D233EA
S31533D2D804FCD7D233FCD7D23304D8D23304D8D23397
S31533D2D8140CD8D2330CD8D23314D8D23314D8D23345
S31533D2D8241CD8D2331CD8D23324D8D23324D8D233F5
S31533D2D8342CD8D2332CD8D23334D8D23334D8D233A5
S31533D2D8443CD8D2333CD8D23344D8D23344D8D23355
S31533D2D8544CD8D2334CD8D23354D8D23354D8D23305
S31533D2D8645CD8D2335CD8D23364D8D23364D8D233B5
S31533D2D8746CD8D2336CD8D23374D8D23374D8D23365
S31533D2D8847CD8D2337CD8D23384D8D23384D8D23315
S31533D2D8948CD8D2338CD8D23394D8D23394D8D233C5
S31533D2D8A49CD8D2339CD8D233A4D8D233A4D8D23375
S31533D2D8B4ACD8D233ACD8D233B4D8D233B4D8D23325
S31533D2D8C4BCD8D233BCD8D233C4D8D233C4D8D233D5
S31533D2D8D4CCD8D233CCD8D233D4D8D233D4D8D23385
S31533D2D8E4DCD8D233DCD8D233E4D8D233E4D8D23335
S31533D2D8F4ECD8D233ECD8D233F4D8D233F4D8D233E5
S31533D2D904FCD8D233FCD8D23304D9D23304D9D23392
S31533D2D9140CD9D2330CD9D23314D9D23314D9D23340
S31533D2D9241CD9D2331CD9D23324D9D23324D9D233F0
S31533D2D9342CD9D2332CD9D23334D9D23334D9D233A0
S31533D2D9443CD9D2333CD9D23344D9D23344D9D23350
S31533D2D9544CD9D2334CD9D23354D9D23354D9D23300
S31533D2D9645CD9D2335CD9D23364D9D23364D9D233B0
S31533D2D9746CD9D2336CD9D23374D9D23374D9D23360
S31533D2D9847CD9D2337CD9D23384D9D23384D9D23310
S31533D2D9948CD9D2338CD9D23394D9D23394D9D233C0
S31533D2D9A49CD9D2339CD9D233A4D9D233A4D9D23370
S31533D2D9B4ACD9D233ACD9D233B4D9D233B4D9D23320
S31533D2D9C4BCD9D233BCD9D233C4D9D233C4D9D233D0
S31533D2D9D4CCD9D233CCD9D233D4D9D233D4D9D23380
S31533D2D9E4DCD9D233DCD9D233E4D9D233E4D9D23330
S31533D2D9F4ECD9D233ECD9D233F4D9D233F4D9D233E0
S31533D2DA04FCD9D233FCD9D23304DAD23304DAD2338D
S31533D2DA140CDAD2330CDAD23314DAD23314DAD2333B
S31533D2DA241CDAD2331CDAD23324DAD23324DAD233EB
S31533D2DA342CDAD2332CDAD23334DAD23334DAD2339B
S31533D2DA443CDAD2333CDAD23344DAD23344DAD2334B
S31533D2DA544CDAD2334CDAD23354DAD23354DAD233FB
S31533D2DA645CDAD2335CDAD23364DAD23364DAD233AB
S31533D2DA746CDAD2336CDAD23374DAD23374DAD2335B
S31533D2DA847CDAD2337CDAD23384DAD23384DAD2330B
S31533D2DA948CDAD2338CDAD23394DAD23394DAD233BB
S31533D2DAA49CDAD2339CDAD233A4DAD233A4DAD2336B
S31533D2DAB4ACDAD233ACDAD233B4DAD233B4DAD2331B
S31533D2DAC4BCDAD233BCDAD233C4DAD233C4DAD233CB
S31533D2DAD4CCDAD233CCDAD233D4DAD233D4DAD2337B
S31533D2DAE4DCDAD233DCDAD233CE000000626F6F742F
S31533D2DAF4617267733D6E6F696E6974726420726FC5
S31533D2DB046F743D2F6465762F6D7464626C6F636BF9
S31533D2DB143220696E69743D2F6C696E75787263205F
S31533D2DB24636F6E736F6C653D74747953414330004E
S31533D2DB34626F6F74636D643D626F6F745F7A496D6E
S31533D2DB4461676500626F6F7464656C61793D300069
S31533D2DB5462617564726174653D3131353230300008
S31533D2DB64657468616464723D30613A31623A326360
S31533D2DB743A33643A34653A356600697061646472A9
S31533D2DB843D3139322E3136382E312E3600736572D3
S31533D2DB9476657269703D3139322E3136382E312E1D
S31533D2DBA438006E65746D61736B3D3235352E3235CD
S31533D2DBB4352E3235352E300000000000DC53D133C6
S31533D2DBC4F8B7D2330101010101010100000000008B
S31533D2DBD40000000000000000000000000000000036
S31533D2DBE40000000000000000000000000000000026
S31533D2DBF40000000000000000000000000000000016
S31533D2DC040000000000000000000000000000000005
S31533D2DC1400000000000000000000000000000000F5
S31533D2DC2400000000000000000000000000000000E5
S31533D2DC3400000000000000000000000000000000D5
S31533D2DC4400000000000000000000000000000000C5
S31533D2DC5400000000000000000000000000000000B5
S31533D2DC6400000000000000000000000000000000A5
S31533D2DC740000000000000000000000000000000095
S31533D2DC840000000000000000000000000000000085
S31533D2DC940000000000000000000000000000000075
S31533D2DCA40000000000000000000000000000000065
S31533D2DCB40000000000000000000000000000000055
S31533D2DCC40000000000000000000000000000000045
S31533D2DCD40000000000000000000000000000000035
S31533D2DCE40000000000000000000000000000000025
S31533D2DCF40000000000000000000000000000000015
S31533D2DD040000000000000000000000000000000004
S31533D2DD1400000000000000000000000000000000F4
S31533D2DD2400000000000000000000000000000000E4
S31533D2DD3400000000000000000000000000000000D4
S31533D2DD4400000000000000000000000000000000C4
S31533D2DD5400000000000000000000000000000000B4
S31533D2DD6400000000000000000000000000000000A4
S31533D2DD740000000000000000000000000000000094
S31533D2DD840000000000000000000000000000000084
S31533D2DD940000000000000000000000000000000074
S31533D2DDA40000000000000000000000000000000064
S31533D2DDB40000000000000000000000000000000054
S31533D2DDC40000000000000000000000000000000044
S31533D2DDD40000000000000000000000000000000034
S31533D2DDE40000000000000000000000000000000024
S31533D2DDF40000000000000000000000000000000014
S31533D2DE040000000000000000000000000000000003
S31533D2DE1400000000000000000000000000000000F3
S31533D2DE2400000000000000000000000000000000E3
S31533D2DE3400000000000000000000000000000000D3
S31533D2DE4400000000000000000000000000000000C3
S31533D2DE5400000000000000000000000000000000B3
S31533D2DE6400000000000000000000000000000000A3
S31533D2DE740000000000000000000000000000000093
S31533D2DE840000000000000000000000000000000083
S31533D2DE940000000000000000000000000000000073
S31533D2DEA40000000000000000000000000000000063
S31533D2DEB40000000000000000000000000000000053
S31533D2DEC40000000000000000000000000000000043
S31533D2DED40000000000000000000000000000000033
S31533D2DEE40000000000000000000000000000000023
S31533D2DEF40000000000000000000000000000000013
S31533D2DF040000000000000000000000000000000002
S31533D2DF1400000000000000000000000000000000F2
S31533D2DF2400000000000000000000000000000000E2
S31533D2DF3400000000000000000000000000000000D2
S31533D2DF4400000000000000000000000000000000C2
S31533D2DF5400000000000000000000000000000000B2
S31533D2DF6400000000000000000000000000000000A2
S31533D2DF740000000000000000000000000000000092
S31533D2DF840000000000000000000000000000000082
S31533D2DF940000000000000000000000000000000072
S31533D2DFA40000000000000000000000000000000062
S31533D2DFB40000000000000000000000000000000052
S31533D2DFC40000000000000000000000000000000042
S31533D2DFD40000000000000000000000000000000032
S31533D2DFE40000000000000000000000000000000022
S31533D2DFF40000000000000000000000000000000012
S31533D2E0040000000000000000000000000000000001
S31533D2E01400000000000000000000000000000000F1
S31533D2E02400000000000000000000000000000000E1
S31533D2E03400000000000000000000000000000000D1
S31533D2E04400000000000000000000000000000000C1
S31533D2E05400000000000000000000000000000000B1
S31533D2E06400000000000000000000000000000000A1
S31533D2E0740000000000000000000000000000000091
S31533D2E0840000000000000000000000000000000081
S31533D2E0940000000000000000000000000000000071
S31533D2E0A40000000000000000000000000000000061
S31533D2E0B40000000000000000000000000000000051
S31533D2E0C40000000000000000000000000000000041
S31533D2E0D40000000000000000000000000000000031
S31533D2E0E40000000000000000000000000000000021
S31533D2E0F40000000000000000000000000000000011
S31533D2E1040000000000000000000000000000000000
S31533D2E11400000000000000000000000000000000F0
S31533D2E12400000000000000000000000000000000E0
S31533D2E13400000000000000000000000000000000D0
S31533D2E14400000000000000000000000000000000C0
S31533D2E15400000000000000000000000000000000B0
S31533D2E16400000000000000000000000000000000A0
S31533D2E174000000000000000000B882E8A2886100E3
S31533D2E1840000000000000000000000000000000080
S31533D2E1940000000000000000000000000000000070
S31533D2E1A40000000000000000000000000000000060
S31533D2E1B400000000000000000000000000C882D82E
S31533D2E1C482000000000000000000000000000000BE
S31533D2E1D40000000000000000000000000000000030
S31533D2E1E400000000000000000000000000C882D8FE
S31533D2E1F4820000000000000000000000000000008E
S31533D2E20400000000008861F8A2F8A2F8A28861104F
S31533D2E21400000000000000000000000000000000EF
S31533D2E22400000000000000000000000000000000DF
S31533D2E23400000000000000000000000000000000CF
S31533D2E24400000000000000000000000000000000BF
S31533D2E25400000000000000000000000000000000AF
S31533D2E264000000000000000000000000000000009F
S31533D2E274000000000000000000000000000000008F
S31533D2E284000000000000000000000000000000007F
S31533D2E294000000000000000000000000008861F88E
S31533D2E2A4A23020000000000000000000000000006D
S31533D2E2B400000000000000000000000000000088C7
S31533D2E2C461F8A230200000000000000000000000F4
S31533D2E2D4000000000000000000000000000000101F
S31533D2E2E400F8A2F8A2F8A2F8A2B88230200000002D
S31533D2E2F4000000000000000000000000000000000F
S31533D2E30400000000000000000000000000000000FE
S31533D2E31400000000000000000000000000000000EE
S31533D2E3240000000000E8A2F8A210000000000000AA
S31533D2E33400000000000000000000000000000000CE
S31533D2E34400000000000000000000000000000000BE
S31533D2E3540000000000E8A2F8A2100000000000007A
S31533D2E3640000000000000000001000C882F8A2F8B2
S31533D2E374A2F8A2F8A2F8A2502000000000000000AE
S31533D2E384000000000000000000000000000000007E
S31533D2E394000000000000000000000000000000006E
S31533D2E3A4000000000000000000000000000000005E
S31533D2E3B4000000000000000000000000000000004E
S31533D2E3C4000000000000000000000000000000003E
S31533D2E3D4000000000000000000000000000000002E
S31533D2E3E4000000000000000000000000000000001E
S31533D2E3F4000000000000000000000000000000000E
S31533D2E4040000000000B882F8A250200000000000B9
S31533D2E41400000000000000000000000000000000ED
S31533D2E42400000000000000A861F8A25020000000CA
S31533D2E43400000000000000000000000000000000CD
S31533D2E444000000000000001000F8A2F8A24020A871
S31533D2E45461F8A2F8A2704100000000000000000067
S31533D2E464000000000000000000000000000000009D
S31533D2E474000000000000000000000000000000008D
S31533D2E48400000000000000000000000000E8A2F8FB
S31533D2E494A2100000000000000000000000000000BB
S31533D2E4A4000000000000000000000000000000005D
S31533D2E4B400000000000000000000001000F8A2E8BB
S31533D2E4C4A20000000000000000000000000000009B
S31533D2E4D400A861F8A2A86110000000000000000071
S31533D2E4E4000000000000000000000000000000001D
S31533D2E4F4000000000000000000000000000000000D
S31533D2E504000000A861E8A210000000000000000059
S31533D2E51400000000000000000000000000000000EC
S31533D2E52400000000000000000000000000000000DC
S31533D2E53400000000000000000000000000000000CC
S31533D2E54400000000000000000000000000000000BC
S31533D2E55400000000000000000000000000000000AC
S31533D2E56400000000000000000000000000C882F85A
S31533D2E574A24020000000000000000000000000008A
S31533D2E584000000000000000000000000000000A8D4
S31533D2E59461F8A25020000000000000000000000001
S31533D2E5A4000000000000000000000000000000005C
S31533D2E5B400E8A2F8A2100000002000B882F8A2889C
S31533D2E5C461000000000000000000000000000000DB
S31533D2E5D4000000000000000000000000000000002C
S31533D2E5E4000000000000000000000000000000001C
S31533D2E5F40000000000E8A2F8A210000000000000D8
S31533D2E60400000000000000000000000000000000FB
S31533D2E61400000000000000000000000000000000EB
S31533D2E6240000001000F8A2E8A200000000000000A7
S31533D2E634000000000000000000E8A2E8A220000097
S31533D2E64400000000000000000000000000000000BB
S31533D2E65400000000000000000000000000000000AB
S31533D2E6640000000000000000000000C882F8A25067
S31533D2E674200000000000000000000000000000006B
S31533D2E684000000000000000000000000000000007B
S31533D2E694000000000000000000000000000000006B
S31533D2E6A4000000000000000000000000000000005B
S31533D2E6B4000000000000000000000000000000004B
S31533D2E6C4000000000000000000000000000000003B
S31533D2E6D40000000000C882F8A230200000000000F7
S31533D2E6E4000000000000000000000000000000001B
S31533D2E6F400000000000000A861F8A25020000000F8
S31533D2E70400000000000000000000000000000000FA
S31533D2E714000000000000000000E8A2F8A2100000B6
S31533D2E7240000000000C882F8A2302000003020B89E
S31533D2E73482F8A2F8A2A86100003020F8A288610038
S31533D2E744007041F8A230200000D882D8825020F803
S31533D2E754A28861B882F8A2D88220000000E8A2F84F
S31533D2E764A2100000001000A861F8A2F8A2B8822041
S31533D2E77400000000005020B882F8A2F8A2A8612083
S31533D2E78400000010009861F8A2F8A2E8A2F8A2C851
S31533D2E79482000000000000000000000000000000E8
S31533D2E7A400D882F8A2F8A2F8A2F8A2F8A288610015
S31533D2E7B4009861E8A22000000000001000D882B885
S31533D2E7C48200007041E8A2F8A2F8A2E8A21000B8F7
S31533D2E7D482F8A2F8A2F8A2F8A2F8A25020000070C6
S31533D2E7E441E8A2F8A2F8A2704100000000D882D838
S31533D2E7F4827041F8A2D8828861F8A2F8A2986100CD
S31533D2E804000000000000000000000000000000D821
S31533D2E81482D8827041F8A2D8828861F8A2F8A298B3
S31533D2E82461000000001000A861F8A2F8A2B88220D1
S31533D2E83400000000007041E8A2F8A2E8A2E8A2F8E8
S31533D2E844A2100000005020C882F8A2F8A2A8611000
S31533D2E854000000000000000000000000000000A801
S31533D2E86461F8A2502000000000000000000000002E
S31533D2E8740000000000000000000000000000000089
S31533D2E88400E8A2F8A210000000000000006041F8AC
S31533D2E894A298611000E8A2F8A2F8A2F8A2F8A28844
S31533D2E8A4614020F8A2D8820000D882F8A2704140BF
S31533D2E8B420F8A2D8827041F8A2F8A2F8A2F8A2F824
S31533D2E8C4A298610000E8A2F8A210000000C882F828
S31533D2E8D4A2F8A2F8A2F8A2C88200006041F8A2F83C
S31533D2E8E4A2F8A2F8A2F8A270410000C882F8A2F81C
S31533D2E8F4A2F8A2F8A2F8A2C882000000000000004F
S31533D2E90400000000000000000010009861F8A2F85D
S31533D2E914A2F8A2F8A2F8A2A8618861F8A2C88200A2
S31533D2E9240000008861F8A2A8616041F8A2F8A2F87F
S31533D2E934A2F8A2F8A22000B882F8A2F8A2F8A2F8D2
S31533D2E944A2F8A250207041F8A2F8A2F8A2F8A2F8FB
S31533D2E954A260413020F8A2F8A2F8A2F8A2F8A2F81B
S31533D2E964A2F8A2F8A2F8A2402000000000000000C8
S31533D2E97400000000003020F8A2F8A2F8A2F8A2F8D8
S31533D2E984A2F8A2F8A2F8A2F8A240200000C882F8CC
S31533D2E994A2F8A2F8A2F8A2C88200009861F8A2F823
S31533D2E9A4A2F8A2F8A2F8A2F8A210004020F8A2F84C
S31533D2E9B4A2F8A2F8A2F8A2986100000000000000DF
S31533D2E9C400000000000000A861F8A2502000000025
S31533D2E9D40000000000000000000000000000000028
S31533D2E9E4000000000000000000E8A2F8A2100000E4
S31533D2E9F400000000005020F8A2A8618861F8A2B8BA
S31533D2EA048200004020F8A2D8822000F8A2E8A2508D
S31533D2EA1420F8A2F8A2A8617041F8A288617041F8AD
S31533D2EA24A2F8A2A8613020F8A2C8820000E8A2F8DC
S31533D2EA34A210005020F8A2D88220001000D882F82F
S31533D2EA44A22000D882F8A2986100009861F8A25025
S31533D2EA54206041F8A2C882100000007041F8A2A8FF
S31533D2EA646100000000000000000000000000000036
S31533D2EA7400000000000000000000003020E8A2F8B5
S31533D2EA84A22000D882F8A260411000E8A2F8A2509C
S31533D2EA94203020F8A2B88220000000000000000003
S31533D2EAA4000000B882F8A2502000000000E8A2F891
S31533D2EAB4A270410000B882F8A270413020F8A2F88D
S31533D2EAC4A2B8827041F8A2B8822000B882F8A26082
S31533D2EAD4410000000000000000000000003020F89E
S31533D2EAE4A2F8A2B8827041F8A2B8822000B882F8CA
S31533D2EAF4A260415020F8A2D88220001000D882F8DE
S31533D2EB04A22000F8A2E8A2302000004020F8A2E8DE
S31533D2EB14A20000B882F8A2B88200008861F8A2B8FB
S31533D2EB24820000000000000000000000000000A8AC
S31533D2EB3461F8A2502000000000000000000000005B
S31533D2EB4400000000000000000000000000000010A6
S31533D2EB5400F8A2F8A21000000000000000A861F861
S31533D2EB64A29861B882F8A2402000001000F8A2E835
S31533D2EB74A20000E8A2F8A2B882F8A2E8A2D882C840
S31533D2EB8482F8A240208861F8A2D88200003020F8D5
S31533D2EB94A2C8820000E8A2F8A210007041F8A2708B
S31533D2EBA44100000000C882F8A23020F8A2D88200ED
S31533D2EBB40000009861F8A250207041F8A270410047
S31533D2EBC40000005020F8A2A8610000000000000023
S31533D2EBD40000000000000000000000000000000026
S31533D2EBE40000000000D882F8A230207041F8A2D8AF
S31533D2EBF4828861F8A2C882000000005020B882F815
S31533D2EC04A2B8825020000000000000A861F8A250B6
S31533D2EC142000003020F8A2D8827041E8A2F8A2D8D4
S31533D2EC248210003020F8A2D88200007041F8A2882C
S31533D2EC346100007041F8A270410000000000000068
S31533D2EC4400000000003020F8A2D88200007041F8C8
S31533D2EC54A2886100007041F8A270417041F8A27063
S31533D2EC644100000000C882F8A27041F8A2B88200EB
S31533D2EC740000001000F8A2E8A20000E8A2F8A288A5
S31533D2EC8461C882F8A2F8A240200000000000000036
S31533D2EC94000000000000008861F8A2302000000092
S31533D2ECA40000000000000000000000000000000055
S31533D2ECB4000000000000001000F8A2F8A2200000E1
S31533D2ECC40000008861F8A2F8A230209861F8A270C5
S31533D2ECD44100007041F8A2C8820000B882F8A2F883
S31533D2ECE4A2A861B882F8A2F8A2D88200009861F8B1
S31533D2ECF4A2986100003020F8A2D8820000E8A2F8A4
S31533D2ED04A210006041F8A2B88200003020E8A2E80B
S31533D2ED14A23020F8A2E8A220000000A861F8A260AB
S31533D2ED24416041F8A2C882100000008861F8A2B8C3
S31533D2ED34820000000000000000000000000000C87A
S31533D2ED4482E8A23020000000005020B882F8A2E82C
S31533D2ED54A200000000C882F8A2F8A2F8A25020007A
S31533D2ED64000000000000001000C882F8A230200050
S31533D2ED74000000A861F8A2502000003020F8A2F88F
S31533D2ED84A2F8A2F8A29861000000003020F8A2C8F3
S31533D2ED948200005020F8A2A86100006041F8A2A8EC
S31533D2EDA4610000000000000000000000003020F8AB
S31533D2EDB4A2C88200005020F8A2A86100006041F8AC
S31533D2EDC4A2A8616041F8A2B88200003020E8A2E852
S31533D2EDD4A23020F8A2E8A2302000005020F8A2E8CC
S31533D2EDE4A20000E8A2F8A2F8A2F8A2B882200000C0
S31533D2EDF40000000000000000000000000000000004
S31533D2EE0400000000000000000000000000000000F3
S31533D2EE1400000000000000000000000000000010D3
S31533D2EE2400F8A2F8A2F8A2F8A2F8A2F8A2F8A2702D
S31533D2EE344100005020F8A2F8A2F8A2F8A2F8A260B0
S31533D2EE444100007041F8A2F8A250207041F8A2F8DA
S31533D2EE54A2886100009861F8A2886100002000F884
S31533D2EE64A2E8A20000E8A2F8A210001000E8A2F8A1
S31533D2EE74A2F8A2F8A2F8A298610000C882F8A2F83E
S31533D2EE84A2F8A2F8A2F8A2C8821000D882F8A2F8BD
S31533D2EE94A2F8A2F8A2F8A2C88200000000000000A9
S31533D2EEA400000000000000C882F8A2F8A2F8A2F843
S31533D2EEB4A2F8A2F8A2F8A25020000000005020F8FB
S31533D2EEC4A2F8A2C882000000009861F8A2F8A2F888
S31533D2EED4A2F8A2F8A2402000000000A861F8A260EA
S31533D2EEE44100000000C882F8A2F8A2F8A2F8A2F828
S31533D2EEF4A2C8823020F8A2C88200003020F8A2C831
S31533D2EF048200004020F8A2C882000000000000002C
S31533D2EF1400000000003020F8A2C88200003020F866
S31533D2EF24A2C88200004020F8A2C8821000E8A2F810
S31533D2EF34A2F8A2F8A2F8A298610000B882F8A2F88D
S31533D2EF44A2F8A2F8A2F8A2F8A210008861F8A2F81D
S31533D2EF54A2F8A2F8A2F8A2F8A21000000000000088
S31533D2EF64000000000000008861E8A210000000000F
S31533D2EF740000000000000000000000000000000082
S31533D2EF840000000000000000006041A861F8A2F836
S31533D2EF94A2F8A2B88250200000000000006041D803
S31533D2EFA482F8A2E8A26041000000001000D882B8E9
S31533D2EFB48200001000D882C882100000007041F853
S31533D2EFC4A2502000000000D882D8820000C882D84A
S31533D2EFD482000000003020B882F8A2F8A2886100F9
S31533D2EFE40000002000B882F8A2F8A2A861B882D869
S31533D2EFF48200002000B882F8A2F8A2D882D882A896
S31533D2F0046100000000000000000000000000001080
S31533D2F014009861F8A2F8A2F8A2D8828861100000C7
S31533D2F02400000000000000E8A2F8A250200000003D
S31533D2F034005020C882F8A2F8A2D8827041000000C8
S31533D2F0440000008861F8A230200000000000008856
S31533D2F05461F8A2F8A2F8A2B88250201000E8A2A886
S31533D2F0646100001000E8A2B88200001000E8A2C8FA
S31533D2F074820000000000000000000000001000E807
S31533D2F084A2A86100001000E8A2B88200001000E8FA
S31533D2F094A2C88200003020B882F8A2F8A2886100CE
S31533D2F0A400000000009861F8A2F8A2F8A2C882D868
S31533D2F0B482000000007041D882F8A2F8A2C88270C6
S31533D2F0C44100000000000000000000000000006090
S31533D2F0D441F8A230200000000000000000000000F6
S31533D2F0E40000000000000000000000000000000011
S31533D2F0F40000000000000000000000000000000001
S31533D2F10400000000000000000000000000000000F0
S31533D2F11400000000000000000000000000000000E0
S31533D2F12400000000000000000000000000000000D0
S31533D2F13400000000000000000000000000000000C0
S31533D2F14400000000000000000000000000000000B0
S31533D2F15400000000000000000000000000000000A0
S31533D2F1640000000000000000000000000000000090
S31533D2F1740000000000000000000000000000000080
S31533D2F184000000000000000000000000007041F8C7
S31533D2F194A2C8820000000000000000000000000074
S31533D2F1A40000000000000000000000000000000050
S31533D2F1B40000000000000000000000000000000040
S31533D2F1C40000000000000000000000000000000030
S31533D2F1D40000000000000000000000000000000020
S31533D2F1E40000000000000000000000000000000010
S31533D2F1F40000000000000000000000000000000000
S31533D2F20400000000000000000000000000000000EF
S31533D2F21400000000000000000000000000000000DF
S31533D2F22400000000000000000000000000000000CF
S31533D2F23400000000000000000000000000000000BF
S31533D2F24400000000000000000000000000000000AF
S31533D2F254000000000000000000000000000000009F
S31533D2F264000000000000000000000000000000008F
S31533D2F274000000000000000000000000000000007F
S31533D2F284000000000000000000000000000000006F
S31533D2F294000000000000000000000000000000005F
S31533D2F2A4000000000000000000000000000000004F
S31533D2F2B4000000000000000000000000000000003F
S31533D2F2C4000000000000000000000000000000002F
S31533D2F2D4000000000000000000000000000000001F
S31533D2F2E4000000000000000000000000000000000F
S31533D2F2F40000000000C882F8A2604100000000007A
S31533D2F30400000000000000000000000000000000EE
S31533D2F31400000000000000000000000000000000DE
S31533D2F32400000000000000000000000000000000CE
S31533D2F33400000000000000000000000000000000BE
S31533D2F34400000000000000000000000000000000AE
S31533D2F354000000000000000000000000000000009E
S31533D2F364000000000000000000000000000000008E
S31533D2F374000000000000000000000000000000007E
S31533D2F384000000000000000000000000000000006E
S31533D2F394000000000000000000000000000000005E
S31533D2F3A4000000000000000000000000000000004E
S31533D2F3B4000000000000000000000000000000003E
S31533D2F3C4000000000000000000000000000000002E
S31533D2F3D4000000000000000000000000000000001E
S31533D2F3E4000000000000000000000000000000000E
S31533D2F3F400000000000000000000000000000000FE
S31533D2F40400000000000000000000000000000000ED
S31533D2F41400000000000000000000000000000000DD
S31533D2F42400000000000000000000000000000000CD
S31533D2F43400000000000000000000000000000000BD
S31533D2F44400000000000000000000000000000000AD
S31533D2F45400000000000000000000003020F8A2E8CB
S31533D2F464A2000000000000000000000000000000EB
S31533D2F474000000000000000000000000000000007D
S31533D2F484000000000000000000000000000000006D
S31533D2F494000000000000000000000000000000005D
S31533D2F4A4000000000000000000000000000000004D
S31533D2F4B4000000000000000000000000000000003D
S31533D2F4C4000000000000000000000000000000002D
S31533D2F4D4000000000000000000000000000000001D
S31533D2F4E4000000000000000000000000000000000D
S31533D2F4F400000000000000000000000000000000FD
S31533D2F50400000000000000000000000000000000EC
S31533D2F51400000000000000000000000000000000DC
S31533D2F52400000000000000000000000000000000CC
S31533D2F53400000000000000000000000000000000BC
S31533D2F54400000000000000000000000000000000AC
S31533D2F554000000000000000000000000000000009C
S31533D2F564000000000000000000000000000000008C
S31533D2F574000000000000000000000000000000007C
S31533D2F584000000000000000000000000000000006C
S31533D2F594000000000000000000000000000000005C
S31533D2F5A4000000000000000000000000000000004C
S31533D2F5B4000000000000000000000000000000003C
S31533D2F5C40000003020F8A288610000000000000059
S31533D2F5D4000000000000000000000000000000001C
S31533D2F5E4000000000000000000000000000000000C
S31533D2F5F400000000000000000000000000000000FC
S31533D2F60400000000000000000000000000000000EB
S31533D2F61400000000000000000000000000000000DB
S31533D2F62400000000000000000000000000000000CB
S31533D2F63400000000000000000000000000000000BB
S31533D2F64400000000000000000000000000000000AB
S31533D2F654000000000000000000000000000000009B
S31533D2F664000000000000000000000000000000008B
S31533D2F674000000000000000000000000000000007B
S31533D2F684000000000000000000000000000000006B
S31533D2F694000000000000000000000000000000005B
S31533D2F6A4000000000000000000000000000000004B
S31533D2F6B4000000000000000000000000000000003B
S31533D2F6C4000000000000000000000000000000002B
S31533D2F6D4000000000000000000000000000000001B
S31533D2F6E4000000000000000000000000000000000B
S31533D2F6F400000000000000000000000000000000FB
S31533D2F70400000000000000000000000000000000EA
S31533D2F71400000000000000000000000000000000DA
S31533D2F72400000000000000000000000000000000CA
S31533D2F73400000000000000000000000000000000BA
S31533D2F74400000000000000000000000000000000AA
S31533D2F754000000000000000000000000000000009A
S31533D2F764000000000000000000000000000000008A
S31533D2F774000000000000000000000000000000007A
S31533D2F784000000000000000000000000000000006A
S31533D2F794000000000000000000000000000000005A
S31533D2F7A4000000000000000000000000000000004A
S31533D2F7B4000000000000000000000000000000003A
S31533D2F7C4000000000000000000000000000000002A
S31533D2F7D4000000000000000000000000000000001A
S31533D2F7E4000000000000000000000000000000000A
S31533D2F7F400000000000000000000000000000000FA
S31533D2F80400000000000000000000000000000000E9
S31533D2F81400000000000000000000000000000000D9
S31533D2F82400000000000000000000000000000000C9
S31533D2F83400000000000000000000000000000000B9
S31533D2F84400000000000000000000000000000000A9
S31533D2F8540000000000000000000000000000000099
S31533D2F8640000000000000000000000000000000089
S31533D2F8740000000000000000000000000000000079
S31533D2F8840000000000000000000000000000000069
S31533D2F8940000000000000000000000000000000059
S31533D2F8A40000000000000000000000000000000049
S31533D2F8B40000000000000000000000000000000039
S31533D2F8C40000000000000000000000000000000029
S31533D2F8D40000000000000000000000000000000019
S31533D2F8E40000000000000000000000000000000009
S31533D2F8F400000000000000000000000000000000F9
S31533D2F90400000000000000000000000000000000E8
S31533D2F91400000000000000000000000000000000D8
S31533D2F92400000000000000000000000000000000C8
S31533D2F93400000000000000000000000000000000B8
S31533D2F94400000000000000000000000000000000A8
S31533D2F9540000000000000000000000000000000098
S31533D2F9640000000000000000000000000000000088
S31533D2F9740000000000000000000000000000000078
S31533D2F9840000000000000000000000000000000068
S31533D2F9940000000000000000000000000000000058
S31533D2F9A40000000000000000000000000000000048
S31533D2F9B40000000000000000000000000000000038
S31533D2F9C40000000000000000000000000000000028
S31533D2F9D40000000000000000000000000000000018
S31533D2F9E40000000000000000000000000000000008
S31533D2F9F400000000000000000000000000000000F8
S31533D2FA0400000000000000000000000000000000E7
S31533D2FA1400000000000000000000000000000000D7
S31533D2FA2400000000000000000000000000000000C7
S31533D2FA3400000000000000000000000000000000B7
S31533D2FA4400000000000000000000000000000000A7
S31533D2FA540000000000000000000000000000000097
S31533D2FA640000000000000000000000000000000087
S31533D2FA740000000000000000000000000000000077
S31533D2FA840000000000000000000000000000000067
S31533D2FA940000000000000000000000000000000057
S31533D2FAA40000000000000000000000000000000047
S31533D2FAB40000000000000000000000000000000037
S31533D2FAC40000000000000000000000000000000027
S31533D2FAD40000000000000000000000000000000017
S31533D2FAE40000000000000000000000000000000007
S31533D2FAF400000000000000000000000000000000F7
S31533D2FB0400000000000000000000000000000000E6
S31533D2FB1400000000000000000000000000000000D6
S31533D2FB2400000000000000000000000000000000C6
S31533D2FB3400000000000000000000000000000000B6
S31533D2FB4400000000000000000000000000000000A6
S31533D2FB540000000000000000000000000000000096
S31533D2FB640000000000000000000000000000000086
S31533D2FB740000000000000000000000000000000076
S31533D2FB840000000000000000000000000000000066
S31533D2FB940000000000000000000000000000000056
S31533D2FBA40000000000000000000000000000000046
S31533D2FBB40000000000000000000000000000000036
S31533D2FBC40000000000000000000000000000000026
S31533D2FBD40000000000000000000000000000000016
S31533D2FBE40000000000000000000000000000000006
S31533D2FBF400000000000000000000000000000000F6
S31533D2FC0400000000000000000000000000000000E5
S31533D2FC1400000000000000000000000000000000D5
S31533D2FC2400000000000000000000000000000000C5
S31533D2FC3400000000000000000000000000000000B5
S31533D2FC4400000000000000000000000000000000A5
S31533D2FC540000000000000000000000000000000095
S31533D2FC640000000000000000000000000000000085
S31533D2FC740000000000000000000000000000000075
S31533D2FC840000000000000000000000000000000065
S31533D2FC940000000000000000000000000000000055
S31533D2FCA40000000000000000000000000000000045
S31533D2FCB40000000000000000000000000000000035
S31533D2FCC40000000000000000000000000000000025
S31533D2FCD40000000000000000000000000000000015
S31533D2FCE40000000000000000000000000000000005
S31533D2FCF400000000000000000000000000000000F5
S31533D2FD0400000000000000000000000000000000E4
S31533D2FD1400000000000000000000000000000000D4
S31533D2FD2400000000000000000000000000000000C4
S31533D2FD3400000000000000000000000000000000B4
S31533D2FD4400000000000000000000000000000000A4
S31533D2FD540000000000000000000000000000000094
S31533D2FD640000000000000000000000000000000084
S31533D2FD740000000000000000000000000000000074
S31533D2FD840000000000000000000000000000000064
S31533D2FD940000000000000000000000000000000054
S31533D2FDA40000000000000000000000000000000044
S31533D2FDB40000000000000000000000000000000034
S31533D2FDC40000000000000000000000000000000024
S31533D2FDD40000000000000000000000000000000014
S31533D2FDE40000000000000000000000000000000004
S31533D2FDF400000000000000000000000000000000F4
S31533D2FE0400000000000000000000000000000000E3
S31533D2FE1400000000000000000000000000000000D3
S31533D2FE2400000000000000000000000000000000C3
S31533D2FE3400000000000000000000000000000000B3
S31533D2FE4400000000000000000000000000000000A3
S31533D2FE540000000000000000000000000000000093
S31533D2FE640000000000000000000000000000000083
S31533D2FE740000000000000000000000000000000073
S31533D2FE840000000000000000000000000000000063
S31533D2FE940000000000000000000000000000000053
S31533D2FEA40000000000000000000000000000000043
S31533D2FEB40000000000000000000000000000000033
S31533D2FEC40000000000000000000000000000000023
S31533D2FED40000000000000000000000000000000013
S31533D2FEE40000000000000000000000000000000003
S31533D2FEF400000000000000000000000000000000F3
S31533D2FF0400000000000000000000000000000000E2
S31533D2FF1400000000000000000000000000000000D2
S31533D2FF2400000000000000000000000000000000C2
S31533D2FF3400000000000000000000000000000000B2
S31533D2FF4400000000000000000000000000000000A2
S31533D2FF540000000000000000000000000000000092
S31533D2FF640000000000000000000000000000000082
S31533D2FF740000000000000000000000000000000072
S31533D2FF840000000000000000000000000000000062
S31533D2FF940000000000000000000000000000000052
S31533D2FFA40000000000000000000000000000000042
S31533D2FFB40000000000000000000000000000000032
S31533D2FFC40000000000000000000000000000000022
S31533D2FFD40000000000000000000000000000000012
S31533D2FFE40000000000000000000000000000000002
S31533D2FFF400000000000000000000000000000000F2
S31533D3000400000000000000000000000000000000E0
S31533D3001400000000000000000000000000000000D0
S31533D3002400000000000000000000000000000000C0
S31533D3003400000000000000000000000000000000B0
S31533D3004400000000000000000000000000000000A0
S31533D300540000000000000000000000000000000090
S31533D300640000000000000000000000000000000080
S31533D300740000000000000000000000000000000070
S31533D300840000000000000000000000000000000060
S31533D300940000000000000000000000000000000050
S31533D300A40000000000000000000000000000000040
S31533D300B40000000000000000000000000000000030
S31533D300C40000000000000000000000000000000020
S31533D300D40000000000000000000000000000000010
S31533D300E40000000000000000000000000000000000
S31533D300F400000000000000000000000000000000F0
S31533D3010400000000000000000000000000000000DF
S31533D3011400000000000000000000000000000000CF
S31533D3012400000000000000000000000000000000BF
S31533D3013400000000000000000000000000000000AF
S31533D30144000000000000000000000000000000009F
S31533D30154000000000000000000000000000000008F
S31533D30164000000000000000000000000000000007F
S31533D30174000000000000000000000000000000006F
S31533D30184000000000000000000000000000000005F
S31533D30194000000000000000000000000000000004F
S31533D301A4000000000000000000000000000000003F
S31533D301B4000000000000000000000000000000002F
S31533D301C4000000000000000000000000000000001F
S31533D301D4000000000000000000000000000000000F
S31533D301E400000000000000000000000000000000FF
S31533D301F400000000000000000000000000000000EF
S31533D3020400000000000000000000000000000000DE
S31533D3021400000000000000000000000000000000CE
S31533D3022400000000000000000000000000000000BE
S31533D3023400000000000000000000000000000000AE
S31533D30244000000000000000000000000000000009E
S31533D30254000000000000000000000000000000008E
S31533D30264000000000000000000000000000000007E
S31533D30274000000000000000000000000000000006E
S31533D30284000000000000000000000000000000005E
S31533D30294000000000000000000000000000000004E
S31533D302A4000000000000000000000000000000003E
S31533D302B4000000000000000000000000000000002E
S31533D302C4000000000000000000000000000000001E
S31533D302D4000000000000000000000000000000000E
S31533D302E400000000000000000000000000000000FE
S31533D302F400000000000000000000000000000000EE
S31533D3030400000000000000000000000000000000DD
S31533D3031400000000000000000000000000000000CD
S31533D3032400000000000000000000000000000000BD
S31533D3033400000000000000000000000000000000AD
S31533D30344000000000000000000000000000000009D
S31533D30354000000000000000000000000000000008D
S31533D30364000000000000000000000000000000007D
S31533D30374000000000000000000000000000000006D
S31533D30384000000000000000000000000000000005D
S31533D30394000000000000000000000000000000004D
S31533D303A4000000000000000000000000000000003D
S31533D303B4000000000000000000000000000000002D
S31533D303C4000000000000000000000000000000001D
S31533D303D4000000000000000000000000000000000D
S31533D303E400000000000000000000000000000000FD
S31533D303F400000000000000000000000000000000ED
S31533D3040400000000000000000000000000000000DC
S31533D3041400000000000000000000000000000000CC
S31533D3042400000000000000000000000000000000BC
S31533D3043400000000000000000000000000000000AC
S31533D30444000000000000000000000000000000009C
S31533D30454000000000000000000000010A131A442C4
S31533D304642631A518C2002000000000000000000086
S31533D30474000000000000000000000000000000006C
S31533D30484000000000000000000000000000000005C
S31533D30494000000000000000000000000000000004C
S31533D304A4000000000000000000000000000000003C
S31533D304B4000000000000000000000000000000002C
S31533D304C42018E2296418E20020000000000000005B
S31533D304D4000000000000000000000000000000000C
S31533D304E400000000000000000000000000002018C4
S31533D304F4E231A431A418E200200000000000000046
S31533D30504000000000000000020108118C2108100BF
S31533D3051420000000000000000000000000000000AB
S31533D3052400000000000000000000000000000000BB
S31533D3053400000000000000000000000000000000AB
S31533D30544000000000000000000000000000000009B
S31533D30554001081210318E208610000000000000073
S31533D30564000000000000000000000000000000007B
S31533D30574000000000000000000000000000000006B
S31533D30584000000000000000000000000000000005B
S31533D30594000000000000000000000000000000004B
S31533D305A42008610020000000000000108142269405
S31533D305B4AEE735FFF7EF55A50F4A67108100000031
S31533D305C4000000000000000000000000000000001B
S31533D305D4000000000000000000000000000000000B
S31533D305E400000000000000000000000000000000FB
S31533D305F4000000000000001081318452A86B6A6B6B
S31533D30604494A4721030020000000000000000008B4
S31533D306144029436B4AB5B0DED4BDD17BCB31A508A0
S31533D306246100000000000000000000000000000059
S31533D306340000000000000000000000000008613110
S31533D30644A57BCBBDD1E735E735B5B06B4A2943085B
S31533D3065440000000000000084031846B4A9CEEB559
S31533D30664909CEE6B4A3184084000000000000000AE
S31533D30674000000000000000000000000000000006A
S31533D30684000000000000000000000000000000005A
S31533D30694000000000000000000000000000000004A
S31533D306A420210352A794ADC611BDD1948D738A63D6
S31533D306B4095AE85AE85AE85AE85AE85AE85AE85AF9
S31533D306C4E85AE85AE85AE85AE852A84A4639E53949
S31533D306D4C531A418E2002000000000000000000056
S31533D306E400000000000000000000000000000008F2
S31533D306F46131A573AB94AE73AB31A508610841525B
S31533D30704A8EF76FFF7FFF7FFF7FFF7FFF7FFF77395
S31533D30714AA18C200000000084129645AE8738A5AD6
S31533D30724E8296408410000000000000000000000FB
S31533D30734000000000000000000002018E2296429D9
S31533D307444321032103294339E563099CCEE714FFB4
S31533D30754F7FFF7FFF7FFF7AD704206084000000003
S31533D307640000002944AD4FFFF7FFF7FFF7FFF7FF39
S31533D30774F7E7356B4918C2000000000000000000C8
S31533D307840000000000000000000000000000000059
S31533D30794204226D693FFF7FFF7FFF7FFF7FFF7FF8B
S31533D307A4F7AD4F29430000000008404226CE52FF0B
S31533D307B4F7FFF7FFF7FFF7FFF7CE524A4708610040
S31533D307C40000000000000000000000000000000019
S31533D307D40000000000000000000000000000000009
S31533D307E400000000000000000000000000000000F9
S31533D307F40008614226AD70FFF7FFF7FFF7FFF7FF24
S31533D30804F7FFF7FFF7FFF7FFF7FFF7FFF7FFF7FF28
S31533D30814F7FFF7FFF7FFF7FFF7FFF7FFF7FFF7FF18
S31533D30824F7FFD7F7B6E735BDD17BCB31A50861000F
S31533D3083400000000000000000000000000000000A8
S31533D308440008414A67D6B4FFF7FFF7FFF7E71563D3
S31533D30854294226CE73FFF7FFF7FFF7FFF7FFF7FFE9
S31533D30864F7FFF7FFF76B49086110A15AE8D693FF1D
S31533D30874F7FFF7FFF7D693630910A20000000000FE
S31533D30884000000000000000000084029436B4AB53A
S31533D30894B0DED4CE73C612C612CE73FFD7FFF7FFE9
S31533D308A4F7FFF7FFF7FFF7FFF7FFF7FFF7CE52421B
S31533D308B4062103210321037BEBFFF7FFF7FFF7FF6F
S31533D308C4F7FFF7FFF7FFF7FFF76B4908610000002C
S31533D308D40000000000000000000000000000000008
S31533D308E40000002103AD70FFF7FFF7FFF7FFF7FFE0
S31533D308F4F7FFF7FFF7FFF7738A086100002964C656
S31533D3090412FFF7FFF7FFF7FFF7FFF7FFF7FFF7D635
S31533D30914B331A5000000000000000000000000003E
S31533D3092400000000000000000000000000000000B7
S31533D3093400000000000000000000000000000000A7
S31533D3094400000000204226DEF4FFF7FFF7FFF7FF5C
S31533D30954F7FFF7FFF7FFF7FFF7FFF7FFF7FFF7FFD7
S31533D30964F7FFF7FFF7FFF7FFF7FFF7FFF7FFF7FFC7
S31533D30974F7FFF7FFF7FFF7FFF7FFF7FFF7FFF7D6E0
S31533D30984934226002000000000000000000000003C
S31533D3099400000000003184CE73FFF7FFF7FFF7FF70
S31533D309A4F7FFF7FFF7BDF1FFF7FFF7FFF7FEB5FD14
S31533D309B432FE13FFF7FFF7FFF7D6B431A552A8FFA9
S31533D309C4F7FFF7FFF7FFF7FFF7FFF7FFF7630808E9
S31533D309D4400000000000000000000000002943ADAE
S31533D309E44FFFF7FFF7FFF7FFF7FFF7FFF7FFF7FFEF
S31533D309F4F7FFF7FFF7FFF7FFF7FFF7FFF7FFF7FF37
S31533D30A04F7FFF7E715C632C632B590FFF7FFF7FFCD
S31533D30A14F7FFB7FDF3FF15FFF7FFF7FFF7E73531E6
S31533D30A24A500000000000000000000000000000011
S31533D30A34000000000000004A47FFF7FFF7FFF7FF34
S31533D30A4436FDF3FDB2FF96FFF7FFF7DED429640001
S31533D30A54006309FFF7FFF7FFF7FF76FED5FF56FF9C
S31533D30A64F7FFF7FFF77BCB0020000000000000002D
S31533D30A740000000000000000000000000000000066
S31533D30A840000000000000000000000000000000056
S31533D30A94000000000000002103AD70FFF7FFF7FF1A
S31533D30AA4F7FFF7FE94FED5FFB7FFF7FFF7FFF7FF4D
S31533D30AB4F7FFF7FFF7FFF7FFF7FFF7FFF7FFF7FF76
S31533D30AC4F7FFF7FFF7FFF7FFF7FFF7FFF7FFF7FF66
S31533D30AD4F7FFF7FFF7AD70210300000000000000E2
S31533D30AE40000000000000000206B6AFFF7FFF7FF16
S31533D30AF4F7FF15FFF7FFF7FFF7FFF7FFF7FFF7FF18
S31533D30B04F7FC51FBEFFB0CFC4DFFF7FFF7FFF794E1
S31533D30B148DC612FFF7FFF7FFF7FFF7FFF7FFF7FF9D
S31533D30B24F7BDF121230000000000000000000000CC
S31533D30B34006309FFF7FFF7FFF7FFF7FFF7FFF7FF76
S31533D30B44F7FFF7FFF7FFF7FFF7FE95FD11FA89FAA8
S31533D30B5427FF15FFF7FFF7FFF7FFF7FFF7FFF7FF87
S31533D30B64F7FFF7FFF7FD72FBCFFAEBFC4DFFF7FF36
S31533D30B74F7FFF773AB00200000000000000000003A
S31533D30B8400000000000000002018E28C6DFFF7FF4D
S31533D30B94F7FFF7FC91FBCFFACBFC2DFFF7FFF7FF28
S31533D30BA4F763092103A52FFFF7FFF7FFB7FC91FBB0
S31533D30BB4AEFB0BFEB4FFF7FFF7C61231A5210318E9
S31533D30BC4C20841000000000000000000000000000A
S31533D30BD40000000000000000000000000000000005
S31533D30BE400000000000000000000005287FFF7FF27
S31533D30BF4F7FFF7FF15FBEEFB0CFACBFA69FB4BFB8B
S31533D30C04CDFC2EFC8FFCD1FD12FD12FCF1FCB0FCD2
S31533D30C146FFC2EFC0EFBEDFBEDFBEDFCEFFD30FC55
S31533D30C24EFFCAEFE93FFF7FFF7FFF74A4700000017
S31533D30C3400000000000000000000002123C632FF69
S31533D30C44F7FFF7FFB7FBCFFD51FFF7FFF7FFF7FFF8
S31533D30C54F7FFF7FFF7FC30FBAEFAAAF945FFF7FFF5
S31533D30C64F7FFF7FFF7FFF7FFF7FFF7FE34FB4DFC39
S31533D30C74EFFFF7FFF7FFF74206000000000000004B
S31533D30C8400000008418C6DFFF7FFF7FF96FD92FE04
S31533D30C94B4FED5FEF5FEF5FE54FD93FC70FB6DFA27
S31533D30CA449F904F0A2F309FFF7FFF7FFF7FFF7FF89
S31533D30CB4F7FFF7FFF7FFF7FFF7FD52FB6DFA69F942
S31533D30CC404FE93FFF7FFF7AD4F10A20000000000E5
S31533D30CD400000000000000086131A57BCBBDD1FFF2
S31533D30CE4F7FFF7FFF7FFF7FCB1FBAEFA8AF924FF25
S31533D30CF4F7FFF7FFF7DED4BDD1FFF7FFF7FFF7FFE0
S31533D30D0416FC51FB8EFA69FCEFFFF7FFF7FFF7D6E1
S31533D30D14B4C612B5B0840C39E508610000000000BB
S31533D30D2400000000000000000000000000000000B3
S31533D30D340000000000000000000000000008418CCE
S31533D30D444CFFF7FFF7FFF7FB2BFA28F9C7F924F848
S31533D30D54A2F0A2F8A2F945FA08FACBFB4DFB6DFB05
S31533D30D640CFA69F9A6F924F8C3F8C3F8C3F8E3F844
S31533D30D74A2F0A2E8A2D882D985FFF7FFF7FFF75AB1
S31533D30D84E800000000000000000000000010A18436
S31533D30D940CFFF7FFF7FFF7FE74FBAEFAAAFFF7FFA1
S31533D30DA4F7FFF7FFF7FFF7FFF7FBAEFAEBF9C7F81E
S31533D30DB4A2FFF7FFF7FFF7FFF7FFF7FFF7FFF7FCCB
S31533D30DC470FACBFB2AFFF7FFF7FFF75AE800000095
S31533D30DD40000000000000008619CEEFFF7FFF7FE26
S31533D30DE4F5FC0EFB2CFB6DFBAEFBEFFC10FBEFFBE1
S31533D30DF46DFA69FA06EA88EC8DFF14FFF7FFF7FF2A
S31533D30E04F7FE53FE54FFF7FFF7FFF7FFF7FDD3FA96
S31533D30E14EBF9A6E8A2EE12FFF7FFF7B59018C200A3
S31533D30E2400000000000000000008614A67DED4FFE7
S31533D30E34F7FFF7FFF7FFF7FFF7FFF7FD12FB6DFA6C
S31533D30E4428F9A5FFF7FFF7FFF7FFF7FFF7FFF7FF09
S31533D30E54F7FFF7FEF5FBEFFB2CF9E7FCAEFFF7FF12
S31533D30E64F7FFF7FFF7FFF7FFF7FFF7F7966B6A1833
S31533D30E74C2000000000000000000000000000000A0
S31533D30E840000000000000000000000000000000052
S31533D30E94001081A52FFFF7FFF7FE53F9C7F945F9A9
S31533D30EA424EA88EC0CEC8DF48DFC8DFCEFFD50FCED
S31533D30EB4D0FACBFA28F945F288EC8DEC8DEC8DE266
S31533D30EC488E288E288DA88D287D309F673FFF7FFC1
S31533D30ED4F7FFF74A47000000000000000000000084
S31533D30EE42052A8FFF7FFF7FFF7FFF7FC4FFB2CFA94
S31533D30EF428FFF7FFF7FFF7FFF7FFF7FFF7FB8CF976
S31533D30F04C7F8A2D882FFF7FFF7FFF7FFF7FFF7FF49
S31533D30F14F7FEF5FB0CF9C7F1A5FFF7FFF7FFF78414
S31533D30F240C0020000000000000000008619CCEFFB3
S31533D30F34F7FFF7FFF7FFF7FEB4FDB2FDB2FDD2FDEC
S31533D30F44D3FB4DFA8AF965F48DFFF7FFF7FFF7FF32
S31533D30F54F7FFF7FEF5FAEBFACBFBCDFEF5FFF7FF47
S31533D30F64F7FD91FA28F8C3C882FFF7FFF7FFF7944F
S31533D30F74AD08410000000000000000000039E5DE6F
S31533D30F84D4FFF7FFF7FFF7FFF7FFF7FFF7FFF7FCC7
S31533D30F94D1FAEBF986F288FFF7FFF7FFF7FFF7FFBB
S31533D30FA4F7FFF7FFF7FFF7FEF5FB8EFAAAF986FCBD
S31533D30FB48DFFF7FFF7FFF7FFF7FFF7FFF7FFF7FFDB
S31533D30FC4F7FFF76B49086100000000000000000007
S31533D30FD40000000000000000000000000000000001
S31533D30FE400000000000841840CFFF7FFF7FFF7FE38
S31533D30FF453FEB4FFF7FFF7FFF7FFF7FFF7FFF7FF19
S31533D31004F7FFF7FE94FA8AF9C7F8A2EC8DFFF7FF05
S31533D31014F7FFF7FFF7FFF7FFF7FFF7FFF7FFF7FF10
S31533D31024F7FFF7FFF7CE7329430000000000000020
S31533D3103400000018E2AD70FFF7FFF7FFF7FD31FB7E
S31533D310440CFA49F945FBCBFE53FE94FEB4FED5FED7
S31533D31054B4FB0AF0A2D082C082F612FE12FE73FE1A
S31533D31064B4FED5FE94FC0EF9E7F0A2C082EE73FF39
S31533D31074F7FFF7BDD118E2000000000000000029C2
S31533D3108443CE73FFF7FFF7FFF7FFF7FFF7FFF7FF09
S31533D31094F7FFF7FFF7FAAAF9C7F8A2EC8DFFF7FFF1
S31533D310A4F7FFF7FFF7FFF7FEF5FA8AFA28FA08FAC2
S31533D310B428FD50FFF7FE73F965E8A2B061FFF7FF56
S31533D310C4F7FFF7840C000000000000000000001083
S31533D310D4A2948DFFF7FFF7FFF7FF15FDF3FF76FFE3
S31533D310E4F7FFF7FC6FFA49F924EA88FFF7FFF7FFDB
S31533D310F4F7FFF7FF56FE13FE14FEF5FDF3FB2CFA77
S31533D3110449F945FB8BFE12FE12FE32FE53FE53FED2
S31533D3111432FFF7FFF7FFF7CE7329430000000000FE
S31533D3112400000000000000000000000000000000AF
S31533D31134000000000000000000000052A7FFF7FFB1
S31533D31144F7FFF7FFF7FFF7FFF7FFF7FFF7FFF7FFDF
S31533D31154F7FFF7FFF7FFF7FD91FA28F945E8A2F638
S31533D3116412FFF7FFF7FFF7FFF7FFF7FFF7FFF7FFA4
S31533D31174F7FFF7FFF7FFF7FFF7D6B3318400000052
S31533D31184000000000000002964DED4FFF7FFF7FD27
S31533D31194B2FAAAF9E7F8A2E082D882F0A2F965FAC9
S31533D311A449FA69F9A6F0A2B882A061A061C082F8DC
S31533D311B4A2F9E7FACBFB0CFAAAF9A6F0A2C082A01A
S31533D311C461D46DFFF7FFF7DED42964000000000042
S31533D311D40000206B4AFFF7FFF7FFF7FFF7FEB4FEA2
S31533D311E4B4FFB7FFF7FFF7FFF7FA49F945E8A2DBBD
S31533D311F48AEDF2F612FF14FFF7FFF7FFF7FE73FB0D
S31533D31204ABF985F904F945FB2AFE32F8C3D082A068
S31533D3121461FFF7FFF7FFF77BEB0000000000000015
S31533D3122400000039C5F796FFF7FFF7FEF5FB2CFA23
S31533D31234EBFAEBFBEEFC2EFACAF9C7F8A2D903DAE7
S31533D3124488EA88FD90FF35FB0BFB2CFB2CFB2CFA5E
S31533D31254CBFA49F986F8A2E0A2E0A2E8A2F8A2F837
S31533D31264A2F8A2E8A2EB8BFFF7FFF7FFD739E50052
S31533D31274000000000000000000000000000000005E
S31533D312840000000000000000000000000008417392
S31533D312948AFFF7FFF7FFF7FFF7FF96FFF7FFF7FF5C
S31533D312A4F7FFF7FFF7FFF7FFF7FFF7FCCFFA08F8A4
S31533D312B4E3D882F6F4FFF7FFF7FFF7FFF7FFF7FF2A
S31533D312C4F7FFF7FFF7FFF7FFF7FFF7FFF7FFF76BF2
S31533D312D44A002000000000000000002964D693FF9F
S31533D312E4F7FFF7FEF5FA28F904D903D38AE48DEC59
S31533D312F48DFCAEFD0FFBCCFCAEEC8DD46DCC6DD463
S31533D313046DE48DF48DFC0CFB8BFB6BFA88E8A2C0AE
S31533D3131482A861A8E3EDF1FFF7FFF7FFF7842C3106
S31533D31324840841000018E2B5B0FFF7FFF7FF96FB05
S31533D313348CFA49FA28FA28FA49FA69FA69F9E7F8A9
S31533D31344E3D882B882B082C882E8A2FB8BFFF7FF95
S31533D31354F7FFF7FFF7FFF7FF14FE12FE93FE12F8E8
S31533D31364A2D082A8E3FFF7FFF7FFF7738A0000000F
S31533D31374000000000000005AC8FFF7FFF7FFF7FB5E
S31533D313846BF986F965F965F986F9A6F986F904E825
S31533D31394A2C882B882C082E206FC8EF965FA89FC86
S31533D313A44DFD0FFCEFF8C3E8A2D082D287E48DE4A4
S31533D313B48DEC8DEC8DE48DDB8AED90FFF7FFF7DE81
S31533D313C4D4296400000000000000000000000000AC
S31533D313D400000000000000000000000000000000FD
S31533D313E4003184D6B4FFF7FFF7FFF7FCD0FA8AFA82
S31533D313F428F9C7FB4BFBCCFD51FDB2FDD2FDD2FB52
S31533D31404ADFA28F904E0A2EC8DEC8DFC8DFCCEFD3C
S31533D314140FFD30FD10FD70FE32FE12FE12FF76FF42
S31533D31424F7FFF7B5B018E20000084029436309A59B
S31533D314340FFFF7FFF7FFF7FFF7FE94FCCFFF76FFE4
S31533D31444F7FFF7FFF7FFF7FED4FA08F985FE93FFD1
S31533D31454F7FFF7FFF7FFF7FFF7FFF7FD30FE32FF5B
S31533D31464F7FFF7FF76EDF1FFF7FFF7FFF7FFF7FF55
S31533D31474F7FFF7D6935287086131A4E735FFF7FFDE
S31533D31484F7FD0FF965F904F8E3F924F965F9C7F9DF
S31533D31494E7F986F8A2D082CA67DC6DE48DF48DFD81
S31533D314A4B1FEB4FEB4FFF7FFF7FFF7FFF7FFF7FF4A
S31533D314B4F7FE32F8A2D882C267FFF7FFF7FFF76393
S31533D314C409000000000000000000005AE8FFF7FFCC
S31533D314D4F7FFF7FA68F9A5FC8EFE12FF96FF15FAD2
S31533D314E4A9F8E3E0A2CA06EDF1EDF1FFF7FF14FF52
S31533D314F415FFF7FFF7FFF7FFF7E8A2D082C082E4ED
S31533D315048DFFF7FFF7FFF7FFF7FFF7FFF7FFF7FF85
S31533D31514F7FFF7948D10810000000000000000001C
S31533D3152400000000000000000000000000000000AB
S31533D3153400000000006329FFF7FFF7FFF7FCEFFA48
S31533D3154408F986F904F8A2F8A2F8E3F9C7FA69FADB
S31533D31554EBFB0CFACBFA08F8E3E082C882D082E009
S31533D31564A2F8A2F904F945F924F8C3F8A2E8A2D820
S31533D3157482EC8DFFF7FFF7DEF43184002039C5B51A
S31533D31584B0FFF7FFF7FFF7FFF7FFF7FE94FB0CFA3A
S31533D3159428FF15FFF7FFF7FFF7FFF7FE73FA08F9BB
S31533D315A404F48DFFF7FFF7FFF7FFF7FFF7FE33FAAD
S31533D315B428F9C6FFF7FFF7FFF7FFF7FFF7FFF7FF71
S31533D315C4F7FFF7FFF7FFF7FFF7E71539E531A4E766
S31533D315D435FFF7FFF7FC8EF124F288FC0CFCAEFD12
S31533D315E4D1FE53FD30F9A6F8C3D082DC6DFFF7FFB2
S31533D315F4F7FFF7FD2FF986F986FA07FC8DFF15FF27
S31533D31604F7FFF7FFF7FDF2F945E8A2D287FFF7FFE2
S31533D31614F7FFF773AB21032103210318E20861429E
S31533D3162426FFF7FFF7FFF7FFF7FFF7FFF7FFF7FFCB
S31533D31634F7FFF7FB6BF945E8A2D287FFF7FFF7FF3B
S31533D31644F7FFF7FFF7FFF7FDF2FB6BFB09D882C03E
S31533D3165482C082D287E309EC8DFF76FFF7FFF7FF98
S31533D31664F7FFF7FFF7E73542260000000000000003
S31533D31674000000000000000000000000000000005A
S31533D316840000000000000000207BEBFFF7FFF7FFD9
S31533D3169496F904F0A2D882C082B061B061C082E82D
S31533D316A4A2F904F9C7FA08F9C7F904E0A2C082A8A0
S31533D316B461A861B882C082C882C882C082B882B074
S31533D316C482A861B0E3E570FFF7FFF7CE732123180E
S31533D316D4E29CEEFFF7FFF7FFF7FFF7FFF7FFF7FDCD
S31533D316E4F3FAEBF9A6FC8DFFF7FFF7FFF7FFF7FE14
S31533D316F473FA08F904FC8DFFF7FFF7FFF7FFF7FF08
S31533D31704F7FC0EFA08F924FC8DF48DFE12FE32FF60
S31533D31714F7FFF7FF96FE73FF35FFF7FFF7FFF78C24
S31533D317244C2944AD70FFF7FFF7FFF7FFF7FFF7FF06
S31533D31734F7FFF7FFF7FF96FB0AF9A6F8A2D082DCB5
S31533D317446DFFF7FFF7FFF7FCAEF945F945F904F81F
S31533D31754C3F904FA68FD30FFF7FD71FA08F8E3EAFF
S31533D3176488FFF7FFF7FFF7FFD7C612C612C612B5EC
S31533D31774B1948D7BEBDED4FFF7FFF7FFF7FFF7FF98
S31533D31784F7FFF7FFF7FFF7FB8CF945E8A2D287FFC9
S31533D31794F7FFF7FFF7FFF7FFF7FC8EF945F8A2D830
S31533D317A482C082B061B061B882C882C882C103F6BB
S31533D317B473FFF7FFF7FFF7A52F42261081000000F7
S31533D317C40000000000000000000000000000000009
S31533D317D4000000000000000000000000006329FF6E
S31533D317E4F7FFF7FFF7F48DE48DE570EE73FFF7FF69
S31533D317F4F7FFF7FFF7FFF7FFF7FD70F924F0A2C826
S31533D3180482DC6DFFF7FFF7FFF7FFF7FFF7E5F1E574
S31533D31814F1E5F1DDF1DDF1FF76FFF7FFF7FFF7946A
S31533D318248D10A14A67FFF7FFF7FFF7FFB7FE95FF8F
S31533D31834F7FFF7FDF3FAEBF9C7FAC9FFF7FF96FECA
S31533D3184473FE94FD91FA49F965FAA8FC8EFCCEFE60
S31533D31854D4FFF7FDF2FA8AF9A6F8A2E0A2E0A2F806
S31533D31864A2F965FA49FAAAFA69F9A6F8C3FE12FFB5
S31533D31874F7FFF7D6B3318452A8FFF7FFF7FFF7FF52
S31533D31884F7FFF7FFF7FFF7FFF7FC0DF9E7F945F062
S31533D31894A2C082B964E570FFF7FFF7FFF7FEB4FC52
S31533D318A4EFFB6BFAE9FC6DFD91FF96FFF7FD92FAE5
S31533D318B48AF986FAA8FFF7FFF7FFF7FFF7FFF7FFA0
S31533D318C4F7FFF7FFF7FFF7FFF7FFF7FFF7FFF7FF58
S31533D318D4F7FFF7FFF7FFF7FFF7FFF7FBCCF965E826
S31533D318E4A2C184D46DCAE9DB09FF76FFF7FAA9FA21
S31533D318F4E9FD0FFF76FFF7FFF7F612EC8DE288D0C7
S31533D3190482B882CB6AFFF7FFF7FFF74A6700000043
S31533D3191400000000000000000000000000000000B7
S31533D3192400000000000000000000000000000000A7
S31533D31934003184D6B3FFF7FFF7FFF7FFF7FFF7FF8C
S31533D31944F7FFF7FFF7FFF7FFF7FFF7FFF7FB2AF8AF
S31533D31954C3D882B882CB6AFF76FFF7FFF7FFF7FF95
S31533D31964F7FFF7FFF7FFF7FFF7FFF7FFF7FFF7FFB7
S31533D31974F7EF55422610A1948DFFF7FFF7FFF7FC04
S31533D319840EFB2CFB4DFB4DFB0CFA8AF9A6F904F962
S31533D3199404F9C7FA69FAAAFAAAFA28F904F0A2F027
S31533D319A4A2F8C3FB4BFF35FAEBFA28F9E7FD90F6E6
S31533D319B412F590F48DFC2DFB2AF965F904E8A2C804
S31533D319C482D38AFFF7FFF7FFF7420610A16329F7CA
S31533D319D4B7FFF7FFF7FFF7FFF7FFF7FC8FFA08F9EC
S31533D319E486F8C3D882B882A861B061DB09FF76FFA0
S31533D319F4F7FFF7FFF7FFF7FFF7FFF7FFF7FFF7FF27
S31533D31A04F7FDB2FACBF9E7FA07FFF7FFF7FFF7FF99
S31533D31A14F7FFF7FFF7FFF7FFF7FFF7FFF7FFF7FF06
S31533D31A24F7FFF7FF96FD91FD92FC4EFC2EFAAAFAF5
S31533D31A3408F904D882A0619061A061CA06FF14FF62
S31533D31A44F7FE53FE53FF15FFF7FFF7FFF7FFF7FF02
S31533D31A54F7FF15E0A2B882C267FFF7FFF7FFF75252
S31533D31A6487000000000000000000000000000000DF
S31533D31A740000000000000000000000000000000056
S31533D31A84000000000008415AE8FFF7FFF7FFF7FFDA
S31533D31A94F7FFF7FFF7FFF7FFF7FFF7FFF7FFF7FE87
S31533D31AA453F945E8A2B882A0619861B164EDF2FFE4
S31533D31AB4F7FFF7FFF7FFF7FFF7FFF7FFF7FFF7FF66
S31533D31AC4F7FFF7CE52528710812103C611FFF7FF9F
S31533D31AD4F7FDD2F9A6F986F9A6F9A6F9A6F965F8DF
S31533D31AE4C3F124F288FAC9FB4AFB6BFAEAF924E045
S31533D31AF4A2D185D287E288FD0FFA68F965F965FAF7
S31533D31B0407FAA8F50FFFF7FFF7FFF7FFF7F226D058
S31533D31B1482B0619061CC6DFFF7FFF7EF7639E51871
S31533D31B24E26B49FFF7FFF7FFF7FFF7FFF7FCF0FA5B
S31533D31B3469F9A6FA68E8A2C882A861A9E6A8E3C074
S31533D31B4482F38BFFF7FF96FE53FF96FFF7FFF7FF29
S31533D31B54F7FFF7FF56FD11FAAAFA08F945FE32FE13
S31533D31B6453FE73FE94FE94FE94FE53FE12FF76FF16
S31533D31B74F7FFF7FFF7FFF7FBACFA08FA08F9E7F9F8
S31533D31B84C7F9A6F924F0A2C082A164CCEEF6F4FF46
S31533D31B94F7FFF7FCAEF945F945F924FC6DFF96FF08
S31533D31BA4F7FFF7FFF7FCEFE8A2B882DCEFFFF7FFD3
S31533D31BB4F7F7B739E5000000000000000000000052
S31533D31BC40000000000000000000000000000000005
S31533D31BD4000000000000000000000010A152A8AD9D
S31533D31BE470E735EF76D6B3C612F7B6FFF7FFF7FFFB
S31533D31BF4F7FFF7FB6CF8E3C0829061C46D90E3A827
S31533D31C0461D082FC0CFF96FFF7FFF7FFF7FFF7FF9D
S31533D31C14F7FFF7AD70632929640840000018E2BD92
S31533D31C24D1FFF7FFF7FE12F309F48DFD90FE12FBC2
S31533D31C348BF8A2E8A2E288FFF7FFF7FFF7FFF7FEA5
S31533D31C4432F8A2C882D46DFFF7FF76CA06D882F2A6
S31533D31C5488FC8EF8A2F8A2E8A2FFF7FFF7FF76F350
S31533D31C6409C882A0617841BC6DFFF7FFF7FFF7BD8F
S31533D31C74D15AE8A52FFFF7FFF7FFF7FFF7FFB7FDE2
S31533D31C8431FA8AF9A6F944FE93D882B8829861CCC9
S31533D31C946DFFF7DCEFEC8DFF76FA68F904F8C3F806
S31533D31CA4A2F8E3F965F9E7FA49FA49FA08F965F88B
S31533D31CB4A2F8A2F8C3F945F986F986F924F0A2D85A
S31533D31CC482FF14FFF7FFF7FFF7FFF7F965F8A2E8B7
S31533D31CD4A2E924F309FD0FF226D882B061AA67FFAA
S31533D31CE4F7FFF7FFF7FFF7F48DF0A2F8A2F8C3F9AA
S31533D31CF465FA69FE33FFF7FF55FA07E8A2C184FFC2
S31533D31D04F7FFF7FFF7AD4F18C2000000000000000A
S31533D31D1400000000000000000000000000000000B3
S31533D31D2400000000000000000000000000000000A3
S31533D31D3400002021034A476B49840CB590FFF7FF40
S31533D31D44F7FFF7FFF7FDF3FA49F0A2A061BC6DFFB2
S31533D31D54F7E673B8E3E8A2F924FAA9FE73FFF7FFD8
S31533D31D64F7FFF7FFF7FFF7B5904A4608610000004C
S31533D31D74000841840CFFF7FFF7FFF7FFF7FFF7FFAD
S31533D31D84F7FFF7FC8DF8A2E8A2E288FFF7FFF7FF54
S31533D31D94F7FFF7FE12F0A2B882CC6DFFF7D4EEB1C8
S31533D31DA464ED90FFF7FFF7F8C3F8A2F0A2FFF7F485
S31533D31DB48DE103C882B164BBEBEEF4FFF7FFF7FFD0
S31533D31DC4F7FFF7B590EF55FFF7FFF7FFF7FFF7FFB6
S31533D31DD476FC2FFA28F904E924FE93FFF7D082B895
S31533D31DE4829861CC6DFFF7FFF7FFF7EB8BE8A2E06D
S31533D31DF482C882C082C082D082E8A2F8C3F904F8F7
S31533D31E04C3F0A2D082C082C082C882D082C882C0F1
S31533D31E1482B061D46DFFF7FFF7FFF7FFF7FFF7FF11
S31533D31E2414E48DEDF2FFF7FFF7FFF7EA88D882B0E0
S31533D31E3461AA67FFF7FFF7FFF7FFF7FFF7FF76FDE0
S31533D31E440FFB0AF9E7FA8AFAEBFCF0FB8CF965E86C
S31533D31E54A2F612FFF7FFF7FFF7B5B04226210308ED
S31533D31E644100000000000000000000000000000021
S31533D31E74000000000000000000086129434A475A92
S31533D31E84E85AE863096B6A842CAD70E735FFF7FFF9
S31533D31E94F7FFF7FFF7FFF7FE95FB4DF945C082807E
S31533D31EA4C2F776FFF7FFF7EE73E103F924FA08FAA9
S31533D31EB469FCAFFF96FFF7FFF7FFF7FFF7FFD78437
S31533D31EC40C31A40861000039E5DED4FFF7FFF7FFFD
S31533D31ED4F7FFF7FFF7FFF7FC8DF8A2E8A2D103E4B4
S31533D31EE40CEC8DFC8DFC8EFA26E0A2B061CC6DFF5F
S31533D31EF4F7FFF7FFF7FFF7FFF7FFF7F965F924F89A
S31533D31F04A2FF76FFF7FFF7FFF7FFF7FFF7FFF7FFE7
S31533D31F14F7FFF7FFF7BDF1FFF7FFF7FFF7FFF7FF49
S31533D31F24F7FDD3FB0BF965E8A2C903F673FFF7FFC2
S31533D31F34F7D882C082A061CC6DFFF7FFF7F6F4B836
S31533D31F4482B882B0E3BA67C3ECD46DDC6DF612F6DA
S31533D31F5412F38BE8A2D082A861CC6DC46DB36A99DC
S31533D31F64E580618041B36AFFF7FFF7FFF7FFF7FFE6
S31533D31F74F7FFF7FFF7FFF7FFF7FFF7FFF7FFF7FAA6
S31533D31F84A8E8A2C882BA67FFF7FFF7FFF7FFF7FFCD
S31533D31F94F7FFF7FFF7FFF7FE73FB2BFA69FA08F963
S31533D31FA486F8C3F48DFFF7FFF7FFF7FFF7FFF7FF92
S31533D31FB4F7C6118C6D630939E518E20020000000A6
S31533D31FC4000000000000000000000018C26B49CEA5
S31533D31FD473FFF7FFF7FFF7FFF7FFF7FFF7FFF7FFC5
S31533D31FE4F7FFF7FFF7FFF7FFF7FE95FB6DF9A6C8B0
S31533D31FF4828041C570FFF7FFF7FFF7FFF7F673E92F
S31533D3200424F924F9E7FA69FAEBFDD2FFF7FFF7FF9D
S31533D32014F7FFF7FFF7E735842C4206294342068C79
S31533D320246DE715FFF7FFF7FFF7FFF7FCAEF8C3E812
S31533D32034A2C882B882C882E0A2F0A2F0A2E082B068
S31533D3204461CC6DFFF7FFF7FFF7FFF7FFF7FED4F94D
S31533D32054C7F924F8C3F924FC8EFFF7FFF7FFF7FF49
S31533D32064F7FFF7FFF7FFF7D6B3DED4FFF7FFF7FF61
S31533D32074F7FEF5FBADF9E7F8C3C882A8E3EE73FFEE
S31533D32084F7FFF7FFF7E8A2D882B061CC6DFFF7FF3A
S31533D32094F7FFF7E5F1F6F4FFF7FFF7FFF7FFF7FFAC
S31533D320A4F7FFF7FFF7F48DE0A2C0829061DDF1FF3A
S31533D320B4F7FFF7FFF7E673C4EEFFF7FFF7FFF7FF41
S31533D320C4F7FFF7FFF7FFF7FFF7FFF7FFF7FFF7FF50
S31533D320D4F7FFF7FB2AF904E8A2D287FFF7FFF7FF13
S31533D320E4F7FFF7FFF7FFF7FFF7FFF7FFF7FF35FAF7
S31533D320F407F8A2E8A2E0A2E185FD0FFFF7FFF7FFC6
S31533D32104F7FFF7FFF7FFF7FFF7FFF7FFF7B590526D
S31533D32114A810A10000000000000000000008616B82
S31533D3212449FFF7FFF7FFF7FFF7FFF7FFF7FFF7FF9D
S31533D32134F7FFF7FFF7FFF7FFF7FF16FD73FB4DF9FA
S31533D3214486C88280619B4AFFF7FFF7FFF7FFF7FF12
S31533D32154F7FFF7F693E103F8C3F9C7FA49FA8AFBD8
S31533D32164ADFE94FFF7FFF7FFF7FFF7FFF7FFF7ADAF
S31533D32174706B4939E539C5738AFFF7FFF7FFF7FD33
S31533D321840FF965F8A2D985E48DF612FE12FC8EFBCC
S31533D32194ABF0A2C882DC6DFFF7FFF7FFF7FFF7FF88
S31533D321A4F7FC8EF965F0A2D882D882E8A2F9A5FDD5
S31533D321B450FFF7FFF7FFF7FFF7FFF7FFF7FFF7FF06
S31533D321C4F7FFF7FDB1F9A6F8E3D882B0619164E6A4
S31533D321D473FFF7FFF7FFF7FFF7F904F0A2C082D4FF
S31533D321E46DFFF7FFF7FFF7FFF7FFF7FFF7FFF7FFB9
S31533D321F4F7FFF7FFF7FFF7FFF7FD0FE0A2C08288A8
S31533D3220461E673FFF7FFF7FFF7FFF7FFF7FFF7FF41
S31533D32214F7FFF7FFF7FFF7FFF7FFF7FFF7FFF7FFFE
S31533D32224F7FFF7FFF7FFF7FBEDF9C7F8A2EA88FF12
S31533D32234F7FFF7FFF7FFF7FFF7FFF7FFF7FF96FC42
S31533D32244CFF124C882B061A861B082C882F0A2FA2E
S31533D3225468FD51FFB6FFF7FFF7FFF7FFF7FFF7FF36
S31533D32264F7FFF7FFF752A800200000000000000061
S31533D32274002943CE73FFF7FFF7FFF7FFF7FFF7FFD4
S31533D32284F7FFF7FFF7FF97FE95FDD4FCB1FB8EFA31
S31533D322948AF8E3C082804179C5FFF7FFF7FFF7FFA7
S31533D322A4F7FFF7FFF7FFF7FFF7F673D903F8A2F977
S31533D322B465FA28FA8AFAAAFC6FFF56FFF7FFF7FFB4
S31533D322C4F7FFF7FFF7FFF7C61242264226F7B6FFD1
S31533D322D4F7FFF7FD30F9C7F8C3EA88FFF7FFF7FFFC
S31533D322E4F7FFF7FE32F8A2D882E48DFFF7FFF7FF71
S31533D322F4F7FFF7FF56FA08F0A2B882CB6AA8E3C03E
S31533D3230482E8A2F965FAEAFDB2FFF7FFF7FFF7FFDF
S31533D32314F7FFF7FFF7FFF7FF96F38BD287BAE9CCF9
S31533D32324EEFFF7FFF7FFF7FFF7FFF7FEB4F986F8B8
S31533D32334A2C882D46DFFF7FFF7FFF7FFF7FFF7FF93
S31533D32344F7FFF7FFF7FFF7FFF7FFF7FFF7FE12F0C2
S31533D32354A2C8829061FFF7FFF7FFF7FFF7FFF7FFC3
S31533D32364F7FFF7FFF7FFF7FFF7FFF7FFF7FFF7FFAD
S31533D32374F7FFF7FFF7FFF7FFF7FFF7FC2EF9C7F8A6
S31533D32384A2EA88FFF7FFF7FFF7FFF7FF76FE13FCCF
S31533D323944EF945E082B061806189C5D570A267A809
S31533D323A461E082F965FA69FAEBFCD0FDB2FE94FFA8
S31533D323B4F7FFF7FFF7FFF7FFF7AD7018E200000027
S31533D323C4000000000039E5FFD7FFF7FFF7FCD0FC55
S31533D323D42FFCB0FCF1FC70FBCFFBAEFB6DFB0CFADD
S31533D323E449F924D882A061684171C5F776FFF7FFDB
S31533D323F4F7FFF7840C5AE8E735FFF7FFF7FFF7F61A
S31533D3240473D103E8A2F904F9E7FA49FA8AFA8AFCC7
S31533D324148FFED4FFF7FFF7FFF7FFF7FFF7C6126B3A
S31533D3242449F7B6FFF7FFF7FD10F945F0A2E288FF74
S31533D32434F7FFF7FFF7FFF7FE12F0A2D882EC8DFF3F
S31533D32444F7FFF7FFF7FFB7FB8CF8E3C082B2E8FFA6
S31533D32454F7F776C267D882F924FA28FAAAFB2BFD7F
S31533D3246430FF35FFF7FFF7FFF7FFF7FFF7FFF7FF35
S31533D32474F7FFF7FFF7FFF7FFF7FFF7FFF7FFF7FE9D
S31533D3248453F986F8A2C082CC6DFFF7FFF7FFF7D69D
S31533D32494B39CEE7BCB5AE84A4652A8DEF4FFF7FF16
S31533D324A4F7FE32F8E3D8829861FFF7FFF7FFF7EFF6
S31533D324B455B590CE52BDD1FFF7FFF7FFF7FE94FF51
S31533D324C456FFF7FFF7FFF7FFF7FFF7FFF7FF56FA93
S31533D324D4AAF8C3D882D185EC0CFAC9FB0AFA69FABA
S31533D324E469F9C7F8A2D082A0618944BCEEFFF7FF5A
S31533D324F4F7FFF7CC6DC082F0A2F965FA28FA49FA15
S31533D3250408F986F8E3F288F48DFFF7FFF7EF5531FD
S31533D32514A500000000000000002943D693FFF7FF3C
S31533D32524F7FEB4FA48FA08FA28FA08F9E7F986F932
S31533D3253404F0A2C882A06178415841A44DFFF7FF72
S31533D32544F7FFF7FFF7AD4F210308614A67E735FF43
S31533D32554F7FFF7FFF7F673C103D882F0A2F924F959
S31533D32564A6F9A6F986F924FAA8FD0FFF76FFF7FF62
S31533D32574F7FFF79CEEFFD7FFF7FFF7FCCFF8A2E0CD
S31533D32584A2DA87FFF7FFF7FFF7FFF7FE12E8A2D0F6
S31533D3259482EC8DFFF7FFF7FF96FB2BF904C88290B2
S31533D325A4E3EEF4FFF7FFF7FFF7DB8AE8A2F924F96F
S31533D325B4E7FA08F9E7F965FA67FC8DFE93FFF7FF74
S31533D325C4F7FFF7FFF7FFF7FFF7FFF7FFF7FFF7FF4B
S31533D325D4F7FFF7FE53F904E082A861C46DFFF7FF1F
S31533D325E4F7FFF7528710810020000000002943CE2A
S31533D325F473FFF7FFF7FE32F8A2D0829861FFF7FF62
S31533D32604F7FFF79CCE212321233184BDD1FFF7FFA3
S31533D32614F7FE73FAAAFC0EFDD3FE94FED5FE54FD10
S31533D3262471FA89F8A2C082A061CBECB0E3C882E055
S31533D32634A2F0A2E0A2C882A8619964C4EEFFF7FFDD
S31533D32644F7FFF7FFF7FFF7FFF7EE73C903E0A2F00C
S31533D32654A2F8A2E8A2D882C082B082D3ECFFF7FF22
S31533D32664F7F79639C50000000000000000086184EB
S31533D326740BFFF7FFF7FFF7FE93F1A5E0A2D882C892
S31533D3268482B882A0618861684150208B49E6F4FFCE
S31533D32694F7FFF7FFF7FFF7C61239C5002000000853
S31533D326A4614A67E735FFF7FFF7FFF7EE73B8E3B856
S31533D326B482D082E082E0A2E082D082C082B882C161
S31533D326C403FF76FFF7FFF7BDD1FFD7FFF7FFF7FC4A
S31533D326D48DE0A2C882B082B082C882D882E0A2D82F
S31533D326E482C882B882E48DFFF7FE12F9C6F0A2C04C
S31533D326F4828861CD70FFF7FFF7FFF7FFF7FFF7DB79
S31533D327048AD882E8A2F0A2E8A2D882C882B882C190
S31533D3271484FFF7FFF7FFF7FFF7FFF7EF55A52F73CC
S31533D32724AAD6B4FFF7FFF7FE32E8A2C0829061C4C8
S31533D327346DFFF7FFF7F7B639C50000000000000085
S31533D327440031A4EF55FFF7FFF7FCAEE8A2B882887E
S31533D3275461DDF1FFF7FFF7B5B018C2000008418442
S31533D327640CFFF7FFF7FFF7FC2DF9E7FA08FA49FA23
S31533D3277449F9E7F924E082A861804189C5FFF7E6AD
S31533D3278473A9E6986198619061A267C4EEFFF7FFA4
S31533D32794F7FFF7FFF7FFF7FFF7FFF7FFF7FFF7EE8A
S31533D327A473B0E3B061A861A0618861804199E5F7D9
S31533D327B476FFF7FFF7C6122123000000000000008B
S31533D327C400000031A5DED4FFF7FFF7FFF7FFF7E5B4
S31533D327D470C36AA26792478247934AB4CEF776FFD6
S31533D327E4F7FFF7FFF7FFF7FFF7A50F39C508400010
S31533D327F4000000000008614A67E735FFF7FFF7FFA8
S31533D32804F7EE73A96498619861986190618861800E
S31533D328144188E2EE73FFF7FFF7FFF794AEEF55FF35
S31533D32824F7FFF7F48DC082A06188619964B267BA2E
S31533D3283467A8E3A06198619061DCEFCA87C082B895
S31533D3284482A86190E3C4EEFFF7FFF7FFF7FFF7FFF1
S31533D32854F7FFF7FFF7D36AB061A861A061906188B4
S31533D328646188E2EE73FFF7FFF7FFF78C6D4A67316F
S31533D32874A518C22943C632FFF7FFF7FE12C882A07F
S31533D32884617841BC6DFFF7FFF7E73531A400000018
S31533D32894000000000039C5F7B6FFF7FFF7F48DC848
S31533D328A48298617841DDF1FFF7FFF7B5B118E200CA
S31533D328B400000039E5F796FFF7FFF7FFF7FC8DF101
S31533D328C424E8A2D882C882A861886168418AC8F7C2
S31533D328D476FFF7FFF7FFF7DDF1DDF1F776FFF7FF92
S31533D328E4F7FFF7FFF7FFF7FFF7BDD18C6DEF76FF1E
S31533D328F4F7FFF7FFF7EE7391647041584150208253
S31533D3290447F776FFF7FFF7FFF76B6A084000000004
S31533D329140000000000000008614A67E715FFF7FF9C
S31533D32924F7FFF7FFF7FFF7FFF7FFF7FFF7FFF7FFE7
S31533D32934F7FFF7FFF7FFF7FFF7DED4632918E20080
S31533D32944200000000000000000000008614A67E756
S31533D3295435FFF7FFF7FFF7FF7699E57041604150BB
S31533D3296420502071C5E673FFF7FFF7FFF7C6324A14
S31533D3297446B5B0FFF7FFF7FF76C2E9A267BC6DF767
S31533D3298476FFF7FFF7FFF7D5709A67AB6AFFF7DDB1
S31533D3299470AA67AA67BBEBEEF4FFF7FFF7FFF7FF2C
S31533D329A4F7C612FFF7FFF7FFF7FFF7BB6A78416032
S31533D329B441584179C5E673FFF7FFF7FFF7AD702176
S31533D329C4030000000000002103C611FFF7FFF7F518
S31533D329D490A86180618144F776FFF7FFF7B5B018D2
S31533D329E4E2000000000000000031A4E735FFF7FF0F
S31533D329F4F7EC8DA86180419247F776FFF7FFF794C7
S31533D32A048D08610000000008616B6AFFF7FFF7FF97
S31533D32A14F7FFF7FF76DC6DB267A2679247ABCBDEAC
S31533D32A2473FFF7FFF7FFF7FFF7FFF7FFF7FFF7FF6A
S31533D32A34F7FFF7FFF7FFF7FFF7B5B15AE8210310DB
S31533D32A44814A67E735FFF7FFF7FFF7F776BCEEAC83
S31533D32A544DC570FFF7FFF7FFF7FFF7BDD129430012
S31533D32A6400000000000000000000000000086142AB
S31533D32A7426AD70FFF7FFF7FFF7FFF7FFF7FFF7FF40
S31533D32A84F7FFF7FFF7FFF7FFF7DEF47BCB31840892
S31533D32A9441000000000000000000000000000000E5
S31533D32AA40008614A67E715FFF7FFF7FFF7F776B4FD
S31533D32AB46D7A4782C8B4CEFFF7FFF7FFF7FFF7E74D
S31533D32AC4154A4610816B4AFFF7FFF7FFF7FFF7FF34
S31533D32AD4F7FFF7FFF7FFF7FFF7FFF7FFF7FFF7FF36
S31533D32AE4F7FFF7FFF7FFF7FFF7FFF7FFF7FFF7FF26
S31533D32AF4F7FFF763292943840CFFF7FFF7FFF7FF70
S31533D32B04F7CD70AC4DC570FFF7FFF7FFF7FFF7E794
S31533D32B1415422600200000000000001081948DFF57
S31533D32B24F7FFF7FFF7D46DD570FFF7FFF7FFF7FF4B
S31533D32B34F76B4A0020000000000000000018E2B50A
S31533D32B44B0FFF7FFF7FF76E5F1E673FFF7FFF7FF4A
S31533D32B54F7FFF76309000000000000000018C27BB7
S31533D32B64CBFFF7FFF7FFF7FFF7FFF7FFF7FFF7FFD1
S31533D32B74F7FFF7FFF7FFF7FFF7FFF7FFF7FFF7FF95
S31533D32B84F7FFF7FFF7FFF7FFF7AD4F5AC821030024
S31533D32B94200000000008614A67E715FFF7FFF7FF04
S31533D32BA4F7FFF7FFF7FFF7FFF7FFF7FFF7C611394A
S31533D32BB4E5084000000000000000000000000000D8
S31533D32BC40000000020210352A794AEDED4FFF7FFCF
S31533D32BD4F7FFF7FFF7FFF7E715AD4F6B49318408A3
S31533D32BE46100000000000000000000000000000074
S31533D32BF40000000000000008614226CE73FFF7FFBE
S31533D32C04F7FFF7FFF7FFF7FFF7FFF7FFF7FFF7FF04
S31533D32C14F7DEF44A67086100002943AD4FFFF7FF64
S31533D32C24F7FFF7FFF7FFF7FFF7FFF7FFF7FFF7FFE4
S31533D32C34F7FFF7FFF7FFF7FFF7FFF7FFF7FFF7FFD4
S31533D32C44F7FFF7D6935AC81081000018C2840CFF02
S31533D32C54F7FFF7FFF7FFF7FFF7FFF7FFF7FFF7FFB4
S31533D32C64F7DEF44A67086100000000000000000071
S31533D32C74004226F7B7FFF7FFF7FFF7FFF7FFF7FF61
S31533D32C84F7FFF7BDD129430000000000000000004D
S31533D32C940000206B4AFFF7FFF7FFF7FFF7FFF7FF82
S31533D32CA4F7FFF7FFF7AD70294300000000000000A8
S31533D32CB400000010A15AC8CE73FFF7FFF7FFF7FF0F
S31533D32CC4F7FFF7FFF7FFF7FFF7FFF7EF76842C63B7
S31533D32CD409842CB5B0B5B1948D6B4939E518C20093
S31533D32CE4200000000000000000000008614226BD26
S31533D32CF4F1FFF7FFF7FFF7FFF7FFF7FFF7FFF78C8D
S31533D32D046D31840840000000000000000000000049
S31533D32D1400000000000000000000000000108129E9
S31533D32D24644A465AC85AE85AC84A46318410A20022
S31533D32D342000000000000000000000000000000063
S31533D32D4400000000000000000000000000084039F2
S31533D32D54E5BDD1FFF7FFF7FFF7FFF7FFF7FFF7FF2D
S31533D32D64F7FFF7A50F420608610000000008402990
S31533D32D74447BCBDEF4FFF7FFF7FFF7B5B17BCB6BEE
S31533D32D846AA50FF796FFF7FFF7F796FFF7FFF7FF24
S31533D32D94F7FFF7C61273AA31840840000000000044
S31533D32DA40018C2738AFFD7FFF7FFF7FFF7FFF7FF8F
S31533D32DB4F7FFF7A50F4206086100000000000000B1
S31533D32DC4000000000010816B49FFF7FFF7FFF7FFCD
S31533D32DD4F7FFF7FFF7AD4F39E5084000000000009E
S31533D32DE4000000000000002943AD4FFFF7FFF7FF80
S31533D32DF4F7FFF7FFF7FFF78C4D3184084000000014
S31533D32E04000000000000000000084029646B6AB553
S31533D32E14B1FFF7FFF7FFF7FFF7FFF7C6327BEB398C
S31533D32E24C508610000084118C218E20861000000DE
S31533D32E340000000000000000000000000000000082
S31533D32E4400084029436329AD4FDED4EF55CE73946B
S31533D32E548D4A4610A2000000000000000000000093
S31533D32E640000000000000000000000000000000052
S31533D32E740000000000000000000000000000000042
S31533D32E840000000000000000000000000000000032
S31533D32E940000000000000000000000000000000022
S31533D32EA4000000084029436B4AB5B1FFF7FFF7FF58
S31533D32EB4F7EF55A50F528718E20020000000000020
S31533D32EC40000000000086131844A6752A739E518F4
S31533D32ED4E20020000010A239C552874A4639C54287
S31533D32EE40652A852A8420621230840000000000004
S31533D32EF40000000000000010814226948DCE73E780
S31533D32F0435CE73948D4A6718E2002000000000004F
S31533D32F14000000000000000000000010A152A8AD49
S31533D32F2470DEF4CE7394AD52A72103002000000090
S31533D32F34000000000000000000000008402943636A
S31533D32F4409948DB590AD4F7BCB420610A2000000C6
S31533D32F540000000000000000000000000000000061
S31533D32F6400002018E239E552A85AE852A84206217A
S31533D32F7423084000000000000000000000000000D6
S31533D32F840000000000000000000000000000000031
S31533D32F94000000000000000000002010A229643191
S31533D32FA4A421231081000000000000000000000098
S31533D32FB40000000000000000000000000000000001
S31533D32FC400000000000000000000000000000000F1
S31533D32FD400000000000000000000000000000000E1
S31533D32FE400000000000000000000000000000000D1
S31533D32FF40000000000000000000000002018E2396E
S31533D33004E552A74A6731A518C20020000000000051
S31533D3301400000000000000000000000000000000A0
S31533D330240000000000000000000000000000000090
S31533D330340000000000000000000000000000000080
S31533D330440000000000000000000000000000001060
S31533D330548121233184212310810000000000000011
S31533D330640000000000000000000000000000000050
S31533D3307400002018E231842123108100000000009C
S31533D330840000000000000000000000000000000030
S31533D330940000000000086118C210A200200000000B
S31533D330A40000000000000000000000000000000010
S31533D330B40000000000000000000000000000000000
S31533D330C400000000000000000000000000000000F0
S31533D330D400000000000000000000000000000000E0
S31533D330E400000000000000000000000000000000D0
S31533D330F400000000000000000000000000000000C0
S31533D3310400000000000000000000000000000000AF
S31533D33114000000000000000000000000000000009F
S31533D33124000000000000000000000000000000008F
S31533D33134000000000000000000000000000000007F
S31533D33144000000000000000000000000000000006F
S31533D33154000000000000000000000000000000005F
S31533D33164000000000000000000000000000000004F
S31533D33174000000000000000000000000000000003F
S31533D33184000000000000000000000000000000002F
S31533D33194000000000000000000000000000000001F
S31533D331A4000000000000000000000000000000000F
S31533D331B400000000000000000000000000000000FF
S31533D331C400000000000000000000000000000000EF
S31533D331D400000000000000000000000000000000DF
S31533D331E400000000000000000000000000000000CF
S31533D331F400000000000000000000000000000000BF
S31533D3320400000000000000000000000000000000AE
S31533D33214000000000000000000000000000000009E
S31533D33224000000000000000000000000000000008E
S31533D33234000000000000000000000000000000007E
S31533D33244000000000000000000000000000000006E
S31533D33254000000000000000000000000000000005E
S31533D33264000000000000000000000000000000004E
S31533D33274000000000000000000000000000000003E
S31533D33284000000000000000000000000000000002E
S31533D33294000000000000000000000000000000001E
S31533D332A4000000000000000000000000000000000E
S31533D332B400000000000000000000000000000000FE
S31533D332C400000000000000000000000000000000EE
S31533D332D400000000000000000000000000000000DE
S31533D332E400000000000000000000000000000000CE
S31533D332F400000000000000000000000000000000BE
S31533D3330400000000000000000000000000000000AD
S31533D33314000000000000000000000000000000009D
S31533D33324000000000000000000000000000000008D
S31533D33334000000000000000000000000000000007D
S31533D33344000000000000000000000000000000006D
S31533D33354000000000000000000000000000000005D
S31533D33364000000000000000000000000000000004D
S31533D33374000000000000000000000000000000003D
S31533D33384000000000000000000000000000000002D
S31533D33394000000000000000000000000000000001D
S31533D333A4000000000000000000000000000000000D
S31533D333B400000000000000000000000000000000FD
S31533D333C400000000000000000000000000000000ED
S31533D333D400000000000000000000000000000000DD
S31533D333E400000000000000000000000000000000CD
S31533D333F400000000000000000000000000000000BD
S31533D3340400000000000000000000000000000000AC
S31533D33414000000000000000000000000000000009C
S31533D33424000000000000000000000000000000008C
S31533D33434000000000000000000000000000000007C
S31533D33444000000000000000000000000000000006C
S31533D33454000000000000000000000000000000005C
S31533D33464000000000000000000000000000000004C
S31533D33474000000000000000000000000000000003C
S31533D33484000000000000000000000000000000002C
S31533D33494000000000000000000000000000000001C
S31533D334A4000000000000000000000000000000000C
S31533D334B400000000000000000000000000000000FC
S31533D334C400000000000000000000000000000000EC
S31533D334D400000000000000000000000000000000DC
S31533D334E400000000000000000000000000000000CC
S31533D334F400000000000000000000000000000000BC
S31533D3350400000000000000000000000000000000AB
S31533D33514000000000000000000000000000000009B
S31533D33524000000000000000000000000000000008B
S31533D33534000000000000000000000000000000007B
S31533D33544000000000000000000000000000000006B
S31533D33554000000000000000000000000000000005B
S31533D33564000000000000000000000000000000004B
S31533D33574000000000000000000000000000000003B
S31533D33584000000000000000000000000000000002B
S31533D33594000000000000000000000000000000001B
S31533D335A4000000000000000000000000000000000B
S31533D335B400000000000000000000000000000000FB
S31533D335C400000000000000000000000000000000EB
S31533D335D400000000000000000000000000000000DB
S31533D335E400000000000000000000000000000000CB
S31533D335F400000000000000000000000000000000BB
S31533D3360400000000000000000000000000000000AA
S31533D33614000000000000000000000000000000009A
S31533D33624000000000000000000000000000000008A
S31533D33634000000000000000000000000000000007A
S31533D33644000000000000000000000000000000006A
S31533D33654000000000000000000000000000000005A
S31533D33664000000000000000000000000000000004A
S31533D33674000000000000000000000000000000003A
S31533D33684000000000000000000000000000000002A
S31533D33694000000000000000000000000000000001A
S31533D336A4000000000000000000000000000000000A
S31533D336B400000000000000000000000000000000FA
S31533D336C400000000000000000000000000000000EA
S31533D336D400000000000000000000000000000000DA
S31533D336E400000000000000000000000000000000CA
S31533D336F400000000000000000000000000000000BA
S31533D3370400000000000000000000000000000000A9
S31533D337140000000000000000000000000000000099
S31533D337240000000000000000000000000000000089
S31533D337340000000000000000000000000000000079
S31533D337440000000000000000000000000000000069
S31533D337540000000000000000000000000000000059
S31533D337640000000000000000000000000000000049
S31533D337740000000000000000000000000000000039
S31533D337840000000000000000000000000000000029
S31533D337940000000000000000000000000000000019
S31533D337A40000000000000000000000000000000009
S31533D337B400000000000000000000000000000000F9
S31533D337C400000000000000000000000000000000E9
S31533D337D400000000000000000000000000000000D9
S31533D337E400000000000000000000000000000000C9
S31533D337F400000000000000000000000000000000B9
S31533D3380400000000000000000000000000000000A8
S31533D338140000000000000000000000000000000098
S31533D338240000000000000000000000000000000088
S31533D338340000000000000000000000000000000078
S31533D338440000000000000000000000000000000068
S31533D338540000000000000000000000000000000058
S31533D338640000000000000000000000000000000048
S31533D338740000000000000000000000000000000038
S31533D338840000000000000000000000000000000028
S31533D338940000000000000000000000000000000018
S31533D338A40000000000000000000000000000000008
S31533D338B400000000000000000000000000000000F8
S31533D338C400000000000000000000000000000000E8
S31533D338D400000000000000000000000000000000D8
S31533D338E400000000000000000000000000000000C8
S31533D338F400000000000000000000000000000000B8
S31533D3390400000000000000000000000000000000A7
S31533D339140000000000000000000000000000000097
S31533D339240000000000000000000000000000000087
S31533D339340000000000000000000000000000000077
S31533D339440000000000000000000000000000000067
S31533D339540000000000000000000000000000000057
S31533D339640000000000000000000000000000000047
S31533D339740000000000000000000000000000000037
S31533D339840000000000000000000000000000000027
S31533D339940000000000000000000000000000000017
S31533D339A40000000000000000000000000000000007
S31533D339B400000000000000000000000000000000F7
S31533D339C400000000000000000000000000000000E7
S31533D339D400000000000000000000000000000000D7
S31533D339E400000000000000000000000000000000C7
S31533D339F400000000000000000000000000000000B7
S31533D33A0400000000000000000000000000000000A6
S31533D33A140000000000000000000000000000000096
S31533D33A240000000000000000000000000000000086
S31533D33A340000000000000000000000000000000076
S31533D33A440000000000000000000000000000000066
S31533D33A540000000000000000000000000000000056
S31533D33A640000000000000000000000000000000046
S31533D33A740000000000000000000000000000000036
S31533D33A840000000000000000000000000000000026
S31533D33A940000000000000000000000000000000016
S31533D33AA40000000000000000000000000000000006
S31533D33AB400000000000000000000000000000000F6
S31533D33AC400000000000000000000000000000000E6
S31533D33AD400000000000000000000000000000000D6
S31533D33AE400000000000000000000000000000000C6
S31533D33AF400000000000000000000000000000000B6
S31533D33B0400000000000000000000000000000000A5
S31533D33B140000000000000000000000000000000095
S31533D33B240000000000000000000000000000000085
S31533D33B340000000000000000000000000000000075
S31533D33B440000000000000000000000000000000065
S31533D33B540000000000000000000000000000000055
S31533D33B640000000000000000000000000000000045
S31533D33B740000000000000000000000000000000035
S31533D33B840000000000000000000000000000000025
S31533D33B940000000000000000000000000000000015
S31533D33BA40000000000000000000000000000000005
S31533D33BB400000000000000000000000000000000F5
S31533D33BC400000000000000000000000000000000E5
S31533D33BD400000000000000000000000000000000D5
S31533D33BE400000000000000000000000000000000C5
S31533D33BF400000000000000000000000000000000B5
S31533D33C0400000000000000000000000000000000A4
S31533D33C140000000000000000000000000000000094
S31533D33C240000000000000000000000000000000084
S31533D33C340000000000000000007041E8A200000039
S31533D33C440000000000000000000000000000000064
S31533D33C540000000000000000000000000000000054
S31533D33C6400000000000000000000000000000060E4
S31533D33C7441F8A22000000000000000000000000039
S31533D33C840000000000000000005020F8A2502000AA
S31533D33C940000000000000000000000000000000014
S31533D33CA40000000000000000000000000000000004
S31533D33CB400000000000000000000000000000000F4
S31533D33CC400000000000000000000000000000000E4
S31533D33CD400000000000000000000000000000000D4
S31533D33CE400000000000000000000000000000000C4
S31533D33CF400000000000000000000000000000000B4
S31533D33D0400000000000000000000000000000000A3
S31533D33D140000000000000000000000000000000093
S31533D33D240000000000000000000000000000000083
S31533D33D340000000000000000000000000000000073
S31533D33D440000000000000000000000000000000063
S31533D33D540000000000000000000000000000000053
S31533D33D640000000000000000000000000000000043
S31533D33D740000000000000000000000000000000033
S31533D33D8400000000000000000000000000A861F822
S31533D33D94A210000000000000000000000000000061
S31533D33DA40000000000000000000000000000000003
S31533D33DB400000000000000000000000000000000F3
S31533D33DC40000008861F8A230200000000000000010
S31533D33DD4000000000000000000000000007041F82A
S31533D33DE4A270410000000000000000000000000070
S31533D33DF400000000000000000000000000000000B3
S31533D33E0400000000000000000000000000000000A2
S31533D33E140000000000000000000000000000000092
S31533D33E240000000000000000000000000000000082
S31533D33E340000000000000000000000000000000072
S31533D33E440000000000000000000000000000000062
S31533D33E540000000000000000000000000000000052
S31533D33E640000000000000000000000000000000042
S31533D33E740000000000000000000000000000000032
S31533D33E840000000000000000000000000000000022
S31533D33E940000000000000000000000000000000012
S31533D33EA40000000000000000000000000000000002
S31533D33EB400000000000000000000000000000000F2
S31533D33EC400000000000000000000000000000000E2
S31533D33ED400000000000000000000000000000000D2
S31533D33EE400A861F8A210000000000000000000000F
S31533D33EF400000000000000000000000000000000B2
S31533D33F0400000000000000000000000000000000A1
S31533D33F14000000000000009861F8A23020000000AE
S31533D33F240000000000000000000000000000000081
S31533D33F34005020F8A288610000000000000000007E
S31533D33F440000000000000000000000000000000061
S31533D33F540000000000000000000000000000000051
S31533D33F640000000000000000000000000000000041
S31533D33F740000000000000000000000000000000031
S31533D33F840000000000000000001000E8A2A861007E
S31533D33F940000000000000000000000000000000011
S31533D33FA40000000000000000000000000000000001
S31533D33FB400000000000000000000000000000000F1
S31533D33FC400000000000000000000000000000000E1
S31533D33FD400000000000000000000000000000000D1
S31533D33FE400000000000000000000000000000000C1
S31533D33FF400000000000000000000000000000000B1
S31533D3400400000000000000000000000000000000A0
S31533D340140000000000000000000000000000000090
S31533D340240000000000000000000000000000000080
S31533D340340000000000A861E8A200000000000000DD
S31533D340440000000000000000000000000000000060
S31533D340540000000000000000000000000000000050
S31533D340640000000000000000000000A861F8A2108D
S31533D340740000000000000000000000000000000030
S31533D3408400000000005020F8A2886100000000002D
S31533D340940000000000000000000000000000000010
S31533D340A40000000000000000000000000000000000
S31533D340B400000000000000000000000000000000F0
S31533D340C400000000000000000000000000000000E0
S31533D340D4000000000000000000000000002000F8B8
S31533D340E4A2E8A20000000000000000000000000094
S31533D340F400000000000000000000000000000000B0
S31533D34104000000000000000000000000000000009F
S31533D34114000000000000000000000000000000008F
S31533D34124000000000000000000000000000000007F
S31533D34134000000000000000000000000000000006F
S31533D34144000000000000000000000000000000005F
S31533D34154000000000000000000000000000000004F
S31533D34164000000000000000000000000000000003F
S31533D34174000000000000000000000000000000002F
S31533D34184000000000000000000A861E8A20000008C
S31533D34194000000000000000000000000000000000F
S31533D341A400000000000000000000000000000000FF
S31533D341B4000000000000000000000000000000A847
S31533D341C461E8A200000000000000000000000000F4
S31533D341D40000000000000000005020F8A270410014
S31533D341E4000000000050207041000000000000009E
S31533D341F400000000000000000000000000000000AF
S31533D34204000000000000000000000000000000009E
S31533D34214000000000000000000000000000000008E
S31533D34224000000000000000000000000000000007E
S31533D34234001000F8A2E8A20000000000000000003A
S31533D34244000000000000000000000000000000005E
S31533D342540000000000000000008861E8A2100000CB
S31533D34264000000C882B882000000002000F8A28878
S31533D34274615020F8A25020000000009861D88210F0
S31533D342840000000000D882C8820000C882C88200E6
S31533D342940000002000E8A27041000000006041F81A
S31533D342A4A2502000000000000000000000000010DC
S31533D342B4009861F8A2F8A2F8A2986110000000001E
S31533D342C400C882E8A200008861F8A2D88230209845
S31533D342D461F8A2F8A29861000000000000A861E84F
S31533D342E4A26041C882F8A2F8A298611000000000F4
S31533D342F400000000006041C882F8A2F8A2C88260E5
S31533D343044100000000000000007041D882F8A2F8BF
S31533D34314A2A861C882E8A20000000000000000000E
S31533D343240070418861F8A2E8A2000000007041F816
S31533D34334A27041000000003020E8A2F8A27041F8FD
S31533D34344A2402000000000000000005020F8A270E1
S31533D3435441000000000000000000003020F8A270B2
S31533D34364412000B882F8A2D882302000000000005E
S31533D34374003020B882F8A2F8A2E8A2704100000034
S31533D34384009861F8A2F8A2F8A2F8A2F8A2F8A298F0
S31533D3439461000000000000000000000000000000AC
S31533D343A4000000000000000000000000008861F81C
S31533D343B4A2502000004020F8A2F8A22000000060C7
S31533D343C441F8A270415020F8A2886100000000E876
S31533D343D4A2F8A2604100002000F8A2B8820000C834
S31533D343E482F8A2100000007041F8A2D882000000EC
S31533D343F4009861F8A24020000000000000000000BA
S31533D34404000000C882F8A2F8A2F8A2F8A2F8A2B898
S31533D344148200000000E8A2C8829861F8A2F8A2F811
S31533D34424A2E8A2F8A2F8A2F8A2F8A2502000000078
S31533D3443400A861F8A2F8A2F8A2F8A2F8A2F8A2C8FF
S31533D34444820000000000006041F8A2F8A2F8A2F873
S31533D34454A2F8A2F8A24020000000008861F8A2F89B
S31533D34464A2F8A2F8A2F8A2F8A2C8820000000010D8
S31533D3447400B882F8A2F8A2F8A2F8A2F8A240200090
S31533D34484007041F8A2704100003020E8A2F8A2604C
S31533D34494415020F8A2C8820000000000000000C8AF
S31533D344A482F8A25020000000000000000000005020
S31533D344B420F8A2B882D882F8A2F8A2F8A2B8820096
S31533D344C40000002000E8A2F8A2F8A2F8A2F8A2F8D2
S31533D344D4A2704100007041F8A2F8A2F8A2F8A2F868
S31533D344E4A2F8A270410000000000000000000000CF
S31533D344F400000000000000000000000000000000AC
S31533D34504007041F8A2704100009861F8A2F8A25022
S31533D345142000009861F8A240203020F8A2A8610085
S31533D34524006041F8A2F8A2886100006041F8A27012
S31533D34534410000A861F8A230200000D882F8A2F84B
S31533D34544A210000000D882E8A200000000000000C5
S31533D3455400000000008861F8A2B88210000000106E
S31533D3456400E8A2E8A200000000E8A2E8A2F8A2B8C1
S31533D34574824020F8A2F8A2A86120008861F8A270F9
S31533D345844100000000A861F8A2B88230200000109D
S31533D3459400B882F8A2704100001000E8A2F8A260F2
S31533D345A441000000008861F8A2704100003020F83E
S31533D345B4A2C8823020000000008861F8A2C88200E2
S31533D345C40000009861F8A2C882886130207041F81C
S31533D345D4A2402000007041F8A270415020E8A2F8DB
S31533D345E4A2704100000000C882F8A27041000000D3
S31533D345F4005020F8A2C88200000000000000000057
S31533D346040000003020F8A2F8A2F8A260410000D803
S31533D3461482E8A200000000C882F8A29861000000A1
S31533D34624005020F8A2A8610000000000000000E87F
S31533D34634A2E8A2000000000000000000000000003E
S31533D34644000000000000000000000000000000005A
S31533D3465400000000004020F8A288610000E8A2D805
S31533D3466482F8A270410000D882D88200000000E8D1
S31533D34674A2C8820000B882E8A2D882B8820000A83E
S31533D3468461F8A2200000007041F8A250204020F8EC
S31533D34694A2D882F8A240203020F8A2986100000031
S31533D346A4000000000000000000D882D88210001026
S31533D346B4008861E8A2F8A2704100000000D882F8DA
S31533D346C4A2B88200001000F8A2C8820000000030DA
S31533D346D420F8A2986100000000A861E8A200000084
S31533D346E400000000001000E8A2C88200006041F83D
S31533D346F4A2704100006041B882F8A2C88210000088
S31533D34704007041F8A240200000000000000000E806
S31533D34714A2C88200000000A861F8A2986150200091
S31533D347240000000000000000007041F8A2C882F8EC
S31533D34734A2F8A270410000000000003020F8A2D8BA
S31533D347448200000000A861F8A26041000000000093
S31533D34754000000000000005020F8A2F8A260410004
S31533D34764000000C882F8A210002000F8A2B8820051
S31533D347740030209861F8A2E8A2302000000000006C
S31533D34784000000E8A2E8A200000000000000000005
S31533D347940000000000000000000000000000000009
S31533D347A40000000000000000002000F8A2A86150E6
S31533D347B420F8A25020E8A298614020F8A298610049
S31533D347C4000000D882E8A21000E8A28861B882D860
S31533D347D4820000E8A2D882000000006041F8A270B8
S31533D347E4418861E8A25020F8A260417041F8A260AF
S31533D347F441000000000000000000001000F8A2C8F6
S31533D3480482B882F8A2E8A2886120000000000000AF
S31533D3481400C882F8A2100000000000E8A2C88200C0
S31533D348240000001000F8A2C88200000000A861E893
S31533D34834A200000000000000000000C882E8A200F2
S31533D34844008861F8A29861E8A2F8A2B882704100CD
S31533D348540000000000A861F8A21000000000000095
S31533D34864000000E8A2C8820000000020009861F853
S31533D34874A2F8A2F8A2A8611000000000007041F890
S31533D34884A2F8A2F8A2F8A2C882000000000000005E
S31533D3489400A861F8A270413020F8A2D88200000070
S31533D348A400000000000000000000006041F8A2C8F5
S31533D348B482000000000000C882F8A210005020F80A
S31533D348C4A2B882C882F8A2C88288610000000000E5
S31533D348D400000000000000E8A2E8A20000000000B4
S31533D348E400000000000000000000000000000000B8
S31533D348F4000000000000000000000000000000E8C0
S31533D34904A2D882A861D8820000C882D8827041F8EB
S31533D34914A2402000000000A861F8A28861F8A2302F
S31533D34924208861F8A26041F8A270410000000030B8
S31533D3493420F8A29861D882A8611000F8A29861B8F6
S31533D3494482E8A2000000000000000000000000103B
S31533D3495400F8A2F8A2B88260410000000000000038
S31533D349640000000000E8A2E8A2000000000000D84B
S31533D3497482E8A2000000000000E8A2E8A200000007
S31533D3498400A861E8A200000000000000001000E88C
S31533D34994A2B88200008861F8A2E8A2886110000025
S31533D349A40000000000000000009861F8A230200014
S31533D349B400000000000000E8A2C882000000000013
S31533D349C4000000000000007041F8A2B88200000052
S31533D349D4008861F8A2B88220009861F8A29861005E
S31533D349E400000000003020F8A2D8828861F8A27080
S31533D349F441000000000000000000000000000070F6
S31533D34A0441F8A27041000000000000C882F8A21016
S31533D34A14005020F8A2F8A298613020000000000099
S31533D34A240000000000000000000000E8A2E8A20062
S31533D34A340000000000000000000000000000000066
S31533D34A440000000000000000000000000000000056
S31533D34A54000000B882E8A2E8A2704100009861E866
S31533D34A64A2B882E8A20000000000007041F8A2E89D
S31533D34A74A2B88200006041F8A2B882F8A2402000DB
S31533D34A840000000000E8A2E8A2F8A240200000D830
S31533D34A9482B882E8A2B88200000000000000000086
S31533D34AA40000000000D882F8A27041000000000051
S31533D34AB4006041C882A8610000E8A2D8820000000E
S31533D34AC4000000C882F8A2100000000000C882F8A0
S31533D34AD4A220000000A861E8A27041000000003090
S31533D34AE420C882F8A2704100006041F8A2B882305C
S31533D34AF4200000000010009861F8A230206041F8FA
S31533D34B04A2C882302000000000A861F8A2D882005C
S31533D34B1400000000000000000000002000D882F813
S31533D34B24A2100000008861F8A2502000000000C808
S31533D34B3482F8A26041000000000000A861F8A2F80D
S31533D34B44A2E8A20000000000000000000000000029
S31533D34B540000007041F8A27041000000000000B891
S31533D34B6482F8A240202000F8A2D882604100000004
S31533D34B740000007041E8A27041000000000000E851
S31533D34B84A2E8A200000000000000000000000000E9
S31533D34B940000000000000000000000000000000005
S31533D34BA4000000000000007041F8A2F8A2200000F0
S31533D34BB4006041F8A2F8A2986100000000000030E7
S31533D34BC420F8A2F8A2604100002000F8A2F8A2D8B4
S31533D34BD4820000000000000000A861F8A2D8820046
S31533D34BE40000009861F8A2F8A260410000000000E7
S31533D34BF400C882E8A2100000005020F8A2F8A2F825
S31533D34C04A2F8A2F8A2F8A2F8A270410000E8A2D877
S31533D34C1482000000000000A861F8A230200000000F
S31533D34C2400A861F8A240200000A861F8A2F8A2F83C
S31533D34C34A2F8A2F8A2F8A2B882000000000000B802
S31533D34C4482F8A2F8A2F8A2F8A2F8A2F8A2D88210CC
S31533D34C54000000B882F8A2F8A2F8A2F8A2F8A2F810
S31533D34C64A2E8A200005020F8A2F8A2F8A2F8A2F838
S31533D34C74A2F8A2C88200000000A861F8A24020009B
S31533D34C840000003020F8A2D8821000000000003090
S31533D34C9420F8A2F8A288610000000000000000982F
S31533D34CA461F8A2502000007041F8A270410000008D
S31533D34CB40000009861F8A2604100008861F8A2F835
S31533D34CC4A2F8A2F8A2F8A2F8A2F8A24020000000D0
S31533D34CD4000000E8A2E8A2000000000000000000B0
S31533D34CE400000000000000000000000000000000B4
S31533D34CF400000000000000000000001000D88298A2
S31533D34D0461000000000000D882E8A220000000002E
S31533D34D140000000000B882C882000000000000A857
S31533D34D2461F8A2604100000000000000004020F87F
S31533D34D34A26041000000003020F8A2C882000000EC
S31533D34D440000000000C882E8A2100000000000303F
S31533D34D5420A861F8A2F8A2F8A2A8615020000000D3
S31533D34D6400A861D8820000000000008861F8A2202D
S31533D34D7400000000007041F8A2302000008861D8C7
S31533D34D8482C882F8A2F8A2E8A270410000000000D8
S31533D34D9400000000007041D882F8A2F8A2D88288E2
S31533D34DA46100000000000000007041E8A2F8A2F8C5
S31533D34DB4A2B882B882D882000000008861E8A2F808
S31533D34DC4A2F8A2F8A298611000000000007041F84B
S31533D34DD4A220000000000000008861F8A2704100CD
S31533D34DE40000000000D882E8A210000000000000BF
S31533D34DF40000009861F8A2502000004020F8A26046
S31533D34E04410000000000006041F8A25020000000A6
S31533D34E14006041B882F8A2F8A2F8A28861200000D0
S31533D34E2400000000000000C882C8820000000000DE
S31533D34E340000000000000000000000000000000062
S31533D34E440000000000000000000000000000000052
S31533D34E540000000000000000000000000000000042
S31533D34E640000000000000000000000000000000032
S31533D34E740000000000000000000000000000000022
S31533D34E840000000000000000000000000000000012
S31533D34E940000000000000000000000000000000002
S31533D34EA400000000000000000000000000000000F2
S31533D34EB400000000000000000000000000000000E2
S31533D34EC400000000000000000000000000000000D2
S31533D34ED400000000000000000000000000000000C2
S31533D34EE400000000000000000000000000000000B2
S31533D34EF400000000000000000000000000000000A2
S31533D34F040000000000000000000000000000000091
S31533D34F140000000000000000000000000000000081
S31533D34F2400000000000000000000000000000088E9
S31533D34F34611000000000007041F8A29861000000AC
S31533D34F440000000000000000000000000000000051
S31533D34F540000000000000000000000000000000041
S31533D34F640000000000000000000000000000000031
S31533D34F740000000000000000000000000000000021
S31533D34F840000000000000000000000000000000011
S31533D34F940000000000000000000000000000000001
S31533D34FA400000000000000000000000000000000F1
S31533D34FB400000000000000000000000000000000E1
S31533D34FC400000000000000000000000000000000D1
S31533D34FD400000000000000000000000000000000C1
S31533D34FE400000000000000000000000000000000B1
S31533D34FF400000000000000000000000000000000A1
S31533D350040000000000000000000000000000000090
S31533D350140000000000000000000000000000000080
S31533D350240000000000000000000000000000000070
S31533D350340000000000000000000000000000000060
S31533D350440000000000000000000000000000000050
S31533D350540000000000000000000000000000000040
S31533D350640000000000000000000000000000000030
S31533D350740000000000000000000000000000000020
S31533D350840000000000000000000000C882F8A230FC
S31533D3509420000000000000000000000000000000E0
S31533D350A400000000000000000000000000000000F0
S31533D350B400000000000000000000000000000000E0
S31533D350C400000000000000000000000000000000D0
S31533D350D400000000000000000000000000000000C0
S31533D350E400000000000000000000000000000000B0
S31533D350F400000000000000000000000000000000A0
S31533D35104000000000000000000000000000000008F
S31533D35114000000000000000000000000000000007F
S31533D35124000000000000000000000000000000006F
S31533D35134000000000000000000000000000000005F
S31533D35144000000000000000000000000000000004F
S31533D35154000000000000000000000000000000003F
S31533D35164000000000000000000000000000000002F
S31533D35174000000000000000000000000000000001F
S31533D35184000000000000000000000000000000000F
S31533D3519400000000000000000000000000000000FF
S31533D351A400000000000000000000000000000000EF
S31533D351B400000000000000000000000000000000DF
S31533D351C400000000000000000000000000000000CF
S31533D351D4000000000000000000000000004020F867
S31533D351E4A2C88200000000000000000000000000C3
S31533D351F4000000000000000000000000000000009F
S31533D35204000000000000000000000000000000008E
S31533D35214000000000000000000000000000000007E
S31533D35224000000000000000000000000000000006E
S31533D35234000000000000000000000000000000005E
S31533D35244000000000000000000000000000000004E
S31533D35254000000000000000000000000000000003E
S31533D35264000000000000000000000000000000002E
S31533D35274000000000000000000000000000000001E
S31533D35284000000000000000000000000000000000E
S31533D3529400000000000000000000000000000000FE
S31533D352A400000000000000000000000000000000EE
S31533D352B400000000000000000000000000000000DE
S31533D352C400000000000000000000000000000000CE
S31533D352D400000000000000000000000000000000BE
S31533D352E400000000000000000000000000000000AE
S31533D352F4000000000000000000000000000000009E
S31533D35304000000000000000000000000000000008D
S31533D35314000000000000000000000000000000007D
S31533D35324000000000000000000000000000000006D
S31533D35334008861F8A2704100000000000000000029
S31533D35344000000000000000000000000000000004D
S31533D35354000000000000000000000000000000003D
S31533D35364000000000000000000000000000000002D
S31533D35374000000000000000000000000000000001D
S31533D35384000000000000000000000000000000000D
S31533D3539400000000000000000000000000000000FD
S31533D353A400000000000000000000000000000000ED
S31533D353B400000000000000000000000000000000DD
S31533D353C400000000000000000000000000000000CD
S31533D353D400000000000000000000000000000000BD
S31533D353E400000000000000000000000000000000AD
S31533D353F4000000000000000000000000000000009D
S31533D35404000000000000000000000000000000008C
S31533D35414000000000000000000000000000000007C
S31533D35424000000000000000000000000000000006C
S31533D35434000000000000000000000000000000005C
S31533D35444000000000000000000000000000000004C
S31533D35454000000000000000000000000000000003C
S31533D35464000000000000000000000000000000002C
S31533D35474000000000000000000000000000000001C
S31533D3548400000000008861E8A21000000000000089
S31533D3549400000000000000000000000000000000FC
S31533D354A400000000000000000000000000000000EC
S31533D354B400000000000000000000000000000000DC
S31533D354C400000000000000000000000000000000CC
S31533D354D400000000000000000000000000000000BC
S31533D354E40000000101080808080808080808282812
S31533D354F428282808080808080808080808080808BC
S31533D355040808080808A01010101010101010101023
S31533D3551410101010100404040404040404040410F3
S31533D355241010101010104141414141410101010181
S31533D35534010101010101010101010101010101014B
S31533D355441010101010104242424242420202020257
S31533D35554020202020202020202020202020202021B
S31533D3556410101010080000000000000000000000E3
S31533D35574000000000000000000000000000000001B
S31533D355840000000000A010101010101010101010CB
S31533D3559410101010101010101010101010101010FB
S31533D355A41010101010010101010101010101010190
S31533D355B401010101010101010101010110010101BC
S31533D355C401010101020202020202020202020202AF
S31533D355D4020202020202020202020202100202028D
S31533D355E4020202020200000068BED2332090D233C1
S31533D355F41CBED23328BED23338BED23344BED233CF
S31533D3560458BED2332090D23374BED2330000000083
S31533D356140100000003000000070000000F00000060
S31533D356241F0000003F0000007F000000FF0000008E
S31533D35634FF010000FF030000FF070000FF0F000044
S31533D35644FF1F0000FF3F0000FF7F0000FFFF000072
S31533D356541000000011000000120000000000000007
S31533D35664080000000700000009000000060000000C
S31533D356740A000000050000000B00000004000000FC
S31533D356840C000000030000000D00000002000000EC
S31533D356940E000000010000000F00000000000000DC
S31533D356A400000000000000000000000001000000E9
S31533D356B401000000020000000200000003000000D2
S31533D356C403000000040000000400000005000000BA
S31533D356D405000000060000000600000007000000A2
S31533D356E4070000000800000008000000090000008A
S31533D356F4090000000A0000000A0000000B00000072
S31533D357040B0000000C0000000C0000000D00000059
S31533D357140D00000001000000020000000300000066
S31533D357240400000005000000070000000900000050
S31533D357340D00000011000000190000002100000001
S31533D3574431000000410000006100000081000000F5
S31533D35754C1000000010100008101000001020000F1
S31533D357640103000001040000010600000108000010
S31533D35774010C0000011000000118000001200000C1
S31533D357840130000001400000016000000000000036
S31533D3579400000000000000000000000000000000F9
S31533D357A400000000000000000000000001000000E8
S31533D357B401000000010000000100000002000000D4
S31533D357C402000000020000000200000003000000C0
S31533D357D403000000030000000300000004000000AC
S31533D357E40400000004000000040000000500000098
S31533D357F4050000000500000005000000000000008A
S31533D35804C0000000C0000000030000000400000001
S31533D35814050000000600000007000000080000005E
S31533D35824090000000A0000000B0000000D0000003D
S31533D358340F0000001100000013000000170000000E
S31533D358441B0000001F000000230000002B000000C0
S31533D35854330000003B000000430000005300000034
S31533D35864630000007300000083000000A30000002C
S31533D35874C3000000E300000002010000000000006F
S31533D35884000000001202000070C3D23378C3D2337C
S31533D3589480C3D23388C3D23394C3D2339CC3D233A0
S31533D358A4A8C3D2337C2F2D5CFFFFFFFF30C5D2334E
S31533D358B410111200080709060A050B040C030D024B
S31533D358C40E010F001F0000001C0000001F00000050
S31533D358D41E0000001F0000001E0000001F0000003E
S31533D358E41F0000001E0000001F0000001E0000002E
S31533D358F41F00000001000000060000000000000072
S31533D359040000000000000000000000000000000087
S31533D359140000000000000000000000000000000077
S31533D359240000000000000000000000000000000067
S31533D35934000000000000000000000000080000004F
S31533D35944090000000A0000000D0000000E00000019
S31533D359540F00000000000000000000000000000028
S31533D359640000000000000000000000000000000027
S31533D359740000000000000000000000000000000017
S31533D359840000000000000000000000000000000007
S31533D3599400000000000000000000000000000000F7
S31533D359A400000000000000000000000000000000E7
S31533D359B400000000000000000000000001000000D6
S31533D359C406000000000000000000000000000000C1
S31533D359D400000000000000000000000000000000B7
S31533D359E400000000000000000000000000000000A7
S31533D359F40000000000000000000000000000000097
S31533D35A040000000000000000010000000200000083
S31533D35A140300000006000000070000000000000066
S31533D35A240000000000000000000000000000000066
S31533D35A340000000000000000000000000000000056
S31533D35A440000000000000000000000000000000046
S31533D35A540000000000000000000000000000000036
S31533D35A640000000000000000000000000000000026
S31533D35A740000000000000000000000000000000016
S31533D35A840000000002000000000000000000000004
S31533D35A9400000000000000000000000000000000F6
S31533D35AA400000000000000000000000000000000E6
S31533D35AB400000000000000000000000000000000D6
S31533D35AC400000000000000000000000000000000C6
S31533D35AD400000000000000000000000000000000B6
S31533D35AE400000000000000000000000000000000A6
S31533D35AF40000000000000000000000000000000096
S31533D35B040000000000000000000000000000000085
S31533D35B140000000000000000000000000000000075
S31533D35B240000000000000000000000000000000065
S31533D35B340000000000000000000000000000000055
S31133D35B4400000000000000000000000049
S31133D35B500000000000000000000000003D
S30933D35B5C7445D2337B
S31533D35B60485CD233020000000000000040A3D03398
S31533D35B70505CD233745CD233405DD23301000000F0
S31533D35B800100000094A3D033485DD2330000000024
S31533D35B90005ED2331000000001000000B8D7D133F2
S31533D35BA0085ED233000000002C5ED23310000000DF
S31533D35BB00100000064A4D033305ED233605ED23377
S31533D35BC0985FD233010000000100000070A9D033AF
S31533D35BD0A05FD233CC5FD2332460D23310000000EC
S31533D35BE0010000002CACD0332C60D2336860D2336F
S31533D35BF04061D2330100000001000000ECA4D0335E
S31533D35C004861D233000000006C9DD23301000000CB
S31533D35C1001000000ECA4D0337861D2330000000006
S31533D35C20A861D233100000000100000004AED03394
S31533D35C30B061D233E061D233D467D23302000000BA
S31533D35C40010000002CB5D033DC67D2330468D233AA
S31533D35C504468D2330200000001000000B4B5D03318
S31533D35C604C68D2337C68D233FC68D233030000001A
S31533D35C70010000003CB6D0330469D2332090D233FB
S31533D35C806C69D233020000000100000044B9D0332B
S31533D35C907469D2339C69D233D86AD23302000000C3
S31533D35CA000000000C0BBD033E06AD2330C6BD2339F
S31533D35CB0406BD23302000000000000003CBDD0332A
S31533D35CC0486BD233746BD233C86DD23304000000EE
S31533D35CD00100000094C7D033D06DD233046ED233A0
S31533D35CE01871D233030000000100000034C4D0331B
S31533D35CF02071D2334071D2338C72D2330200000047
S31533D35D0001000000B4C2D0339472D233C072D233CB
S31533D35D105C76D233040000000000000078CDD03354
S31533D35D206476D2339476D233C85BD233060000004B
S31533D35D300000000084EAD033B877D233E077D23356
S31533D35D40AC7CD2330200000000000000C0E9D0336C
S31533D35D50B47CD233D87CD233187DD233010000000E
S31533D35D60010000002CE9D033207DD233507DD2339A
S31533D35D707C7DD2330200000001000000ACE8D0337F
S31533D35D80807DD233AC7DD233DC7DD2330300000076
S31533D35D900000000020E7D033E47DD233187ED233EC
S31533D35DA0EC86D2330300000000000000B4F8D033BE
S31533D35DB0F486D2333087D2339087D233030000007D
S31533D35DC000000000B4F8D0339887D2333087D23338
S31533D35DD0D487D233020000000000000020F0D03342
S31533D35DE0DC87D2330C88D233888AD233040000008B
S31533D35DF001000000F805D133908AD233AC8AD2333B
S31533D35E00E88AD2330300000001000000F404D1330F
S31533D35E10F08AD2331C8BD233688BD2330200000051
S31533D35E2001000000B004D133708BD233988BD23385
S31533D35E30088CD2330400000001000000DC08D133D0
S31533D35E40108CD233308CD233748CD23304000000DB
S31533D35E5001000000C001D133788CD233948CD23342
S31533D35E60CC8CD23304000000010000007C03D13341
S31533D35E70D08CD233E88CD2331C8DD233040000008A
S31533D35E8001000000F400D133208DD233408DD23389
S31533D35E90788DD23302000000010000008C08D13351
S31533D35EA07C8DD233A88DD233EC8DD233020000001E
S31533D35EB001000000B408D133F08DD233208ED233E0
S31533D35EC0648ED2330300000001000000E0FED033EA
S31533D35ED0688ED233848ED2339090D233020000007D
S31533D35EE0020000009409D1339890D233C490D2337D
S31533D35EF00092D2330400000001000000941AD13348
S31533D35F000892D2332C92D233907ED233050000000B
S31533D35F10010000006C0CD1336092D2337C92D233EE
S31533D35F20BC9CD2330200000001000000A81FD1333A
S31533D35F30C49CD233F49CD233049DD23303000000B2
S31533D35F4001000000781FD133089DD2333C9DD23321
S31533D35F50689DD2330300000001000000841FD13380
S31533D35F60749DD233B09DD233D09DD2330300000048
S31533D35F7001000000901FD133DC9DD233B09DD23391
S31533D35F80149ED23303000000010000009C1FD1338B
S31533D35F901C9ED233B09DD233E89ED2331000000049
S31533D35FA001000000A4A0D033EC9ED233209FD2334A
S31533D35FB0689FD2330100000000000000CC28D133D0
S31533D35FC0709FD23300000000AC9FD2331000000051
S31533D35FD0000000004C27D133B49FD233DC9FD23366
S31533D35FE058A0D2331000000001000000B420D133BF
S31533D35FF064A0D2338CA0D23308A2D23303000000A9
S31533D3600000000000F828D13314A2D23338A2D233C6
S31533D36010E85BD2330300000000000000AC39D13340
S31533D36020B8A2D233F4A2D2339CB4D2331000000005
S31533D3603001000000043BD133A0B4D23300000000B7
S31533D36040BCB4D2331000000001000000043BD1337B
S31533D36050C4B4D233E4B4D23314B6D233100000003B
S31533D3606001000000DC39D1331CB6D2333CB6D2333C
S31533D3607078B6D2330100000001000000BC39D133E6
S30D33D3608080B6D23300000000D1
S70533D00000F7
